idGrupoValorCategoria,idValorCategoria
c3977f21-5e1c-4edb-9c6c-570634044d6f,26750539-69bc-404f-817e-a47be055f83c
c3977f21-5e1c-4edb-9c6c-570634044d6f,98c6b0fb-7a67-4f35-9199-4a1168570d27
ef82b09d-c0df-4e46-a304-3478e3301f10,26750539-69bc-404f-817e-a47be055f83c
ef82b09d-c0df-4e46-a304-3478e3301f10,98c6b0fb-7a67-4f35-9199-4a1168570d27
7e7c0a04-1897-4edd-b67b-609aae16beaf,2f19d823-6927-424a-a7de-a7ff39a22409
7e7c0a04-1897-4edd-b67b-609aae16beaf,d66e2888-5529-4c2c-8a8c-0ac275637895
7e7c0a04-1897-4edd-b67b-609aae16beaf,f2657aae-d309-43ae-9ef1-a49f476e19da
e95f486a-5e93-4a46-a773-aabf9ff1169f,7dff6fd0-09fa-48ae-9005-5d80caa861ad
e95f486a-5e93-4a46-a773-aabf9ff1169f,03866676-17d6-4d09-8ed6-ae2d2b56e6ba
e95f486a-5e93-4a46-a773-aabf9ff1169f,23d79a3b-ec31-4f01-b1a8-30d535ec5b07
c917e1fb-ef0f-4b91-8d04-be1e97215d47,7dff6fd0-09fa-48ae-9005-5d80caa861ad
c917e1fb-ef0f-4b91-8d04-be1e97215d47,03866676-17d6-4d09-8ed6-ae2d2b56e6ba
c917e1fb-ef0f-4b91-8d04-be1e97215d47,23d79a3b-ec31-4f01-b1a8-30d535ec5b07
9c47365e-2adb-475a-b04a-a8e573567d86,a5722ed1-4abc-4d30-8686-4b723e937220
9c47365e-2adb-475a-b04a-a8e573567d86,0381fde1-5b00-436d-b586-69933c72ac8d
9c47365e-2adb-475a-b04a-a8e573567d86,642c26c5-bb2d-4759-94db-8b74b4197e9d
9c47365e-2adb-475a-b04a-a8e573567d86,0456d179-3455-4dd9-ba5c-1f28e399aefa
9c47365e-2adb-475a-b04a-a8e573567d86,f413bf29-8c86-40a3-9b95-d4a080e339d2
9c47365e-2adb-475a-b04a-a8e573567d86,2c469013-09b2-4ab1-975f-0af17612760a
9c47365e-2adb-475a-b04a-a8e573567d86,8ce119fa-bf94-4604-91da-e1c9400589c3
9c47365e-2adb-475a-b04a-a8e573567d86,b53320ce-d72a-4dbe-8e23-2c90868b059c
25b838c7-2ea6-4aad-b788-f69c3c990f7d,cd169344-5437-41df-a620-ed62d95def96
25b838c7-2ea6-4aad-b788-f69c3c990f7d,ddabf455-7297-4bf5-82c5-3a74f61b6439
25b838c7-2ea6-4aad-b788-f69c3c990f7d,70e53ad0-db3a-41cb-be25-e715034436b9
25b838c7-2ea6-4aad-b788-f69c3c990f7d,98938022-a7f0-4e4d-a51d-7746f1e849db
853a01fe-2897-44e9-95ee-c85bc2d0fe96,62bde372-b024-4b6a-ac64-50a45542c7db
853a01fe-2897-44e9-95ee-c85bc2d0fe96,6bd9f985-e1be-4a52-bc06-db5d533dc460
853a01fe-2897-44e9-95ee-c85bc2d0fe96,7c5bfe3c-bd99-4f8f-8fb1-bffeda1118ea
853a01fe-2897-44e9-95ee-c85bc2d0fe96,438cbd73-7274-4c77-bce6-ef1ed9378d30
853a01fe-2897-44e9-95ee-c85bc2d0fe96,3794a959-dd95-4c68-bf65-4dfb49619f47
853a01fe-2897-44e9-95ee-c85bc2d0fe96,bb52f0c8-2200-4314-bd55-80de4fd312c7
853a01fe-2897-44e9-95ee-c85bc2d0fe96,d425e738-1163-4e6c-99dd-60138e4a2788
853a01fe-2897-44e9-95ee-c85bc2d0fe96,49cd56ee-f1e8-44bb-b321-2683aeaed982
43633982-0772-4e68-a6e7-0731e2f03e18,62bde372-b024-4b6a-ac64-50a45542c7db
43633982-0772-4e68-a6e7-0731e2f03e18,6bd9f985-e1be-4a52-bc06-db5d533dc460
43633982-0772-4e68-a6e7-0731e2f03e18,7c5bfe3c-bd99-4f8f-8fb1-bffeda1118ea
43633982-0772-4e68-a6e7-0731e2f03e18,438cbd73-7274-4c77-bce6-ef1ed9378d30
43633982-0772-4e68-a6e7-0731e2f03e18,3794a959-dd95-4c68-bf65-4dfb49619f47
43633982-0772-4e68-a6e7-0731e2f03e18,bb52f0c8-2200-4314-bd55-80de4fd312c7
43633982-0772-4e68-a6e7-0731e2f03e18,d425e738-1163-4e6c-99dd-60138e4a2788
43633982-0772-4e68-a6e7-0731e2f03e18,49cd56ee-f1e8-44bb-b321-2683aeaed982
e1969a9b-83e4-41b6-b104-84d85403ec29,26750539-69bc-404f-817e-a47be055f83c
e1969a9b-83e4-41b6-b104-84d85403ec29,98c6b0fb-7a67-4f35-9199-4a1168570d27
32bb8371-176b-488a-8489-350f0a920486,321fd556-742d-4646-a1c4-7f8ef930b428
32bb8371-176b-488a-8489-350f0a920486,e98bfb74-7d93-4a3a-b4d3-45a649a46b61
32bb8371-176b-488a-8489-350f0a920486,c63b0103-5301-4157-bde2-4e8013d33405
32bb8371-176b-488a-8489-350f0a920486,4b028ec1-1040-4172-a486-12a0566d5e1e
48a71bd9-5f09-4594-91ba-fcca514c6c56,a94b7843-c38d-4637-9a38-ad9c789d6c6f
48a71bd9-5f09-4594-91ba-fcca514c6c56,e7c4feaa-5897-4971-92d1-fb30480add84
48a71bd9-5f09-4594-91ba-fcca514c6c56,638b3e41-0888-4245-adf7-1175d8add8ab
48a71bd9-5f09-4594-91ba-fcca514c6c56,250ecd4a-a60f-43c9-8edc-36dc45f3b6f2
83b7f084-26ac-49e7-a5c5-c9707123729a,c2296200-329e-4752-9ddc-a51e4f7f5afb
83b7f084-26ac-49e7-a5c5-c9707123729a,205b8e62-e17e-44c6-bf08-b6179cc32be9
83b7f084-26ac-49e7-a5c5-c9707123729a,0e1a1959-7cb2-41d3-8674-639c3924070e
83b7f084-26ac-49e7-a5c5-c9707123729a,ad43cb41-da51-4875-ae0c-967cef7572c0
78b4ce52-b5a0-46c2-ae0d-c6d55cf6590b,c2296200-329e-4752-9ddc-a51e4f7f5afb
78b4ce52-b5a0-46c2-ae0d-c6d55cf6590b,205b8e62-e17e-44c6-bf08-b6179cc32be9
78b4ce52-b5a0-46c2-ae0d-c6d55cf6590b,7f9d9f50-82a9-4ec6-b53c-19147124d1c0
96009308-95e5-40fe-8abc-c1abc84b1455,ab61f285-b128-49ba-bdb2-cc29c0457cbc
96009308-95e5-40fe-8abc-c1abc84b1455,83d2554c-554b-4b2a-96fa-19c283d99653
96009308-95e5-40fe-8abc-c1abc84b1455,c988dfdc-778d-4420-976a-4fb71f0439f3
754c02b2-ce41-4c33-8724-dd76ceffbbb2,cb3a648e-835b-403f-8da1-dbdc341ae0e6
754c02b2-ce41-4c33-8724-dd76ceffbbb2,1ffe720c-c036-42d5-9ca2-32eddab58774
754c02b2-ce41-4c33-8724-dd76ceffbbb2,ea8d64b9-cb20-4355-9b74-1f7097f44f3c
3a4ce531-09c1-456e-820d-75fc0a9f7193,f66cd1fb-3351-4d17-a871-3e2ed675e162
3a4ce531-09c1-456e-820d-75fc0a9f7193,b721c577-ba99-48bb-a14f-c6ccd70a4c55
26034250-e84b-4196-b1f0-af004d6078ad,9577497f-02b6-4280-b10a-3fb9490a7d8a
26034250-e84b-4196-b1f0-af004d6078ad,7abb442a-eaee-4127-967a-9a8dcd21d4c7
26034250-e84b-4196-b1f0-af004d6078ad,b3ea5052-aaf9-4106-a564-1f1c5847d1a0
a20c4acc-37c1-4b22-a7bc-da15c00fa5bf,6e1707ec-de87-4f4c-ba1b-2bbbf2a314b4
a20c4acc-37c1-4b22-a7bc-da15c00fa5bf,f1776ac8-d95a-485f-a9a0-8eabb9b640d9
a20c4acc-37c1-4b22-a7bc-da15c00fa5bf,56cf4ccc-3ab7-4693-b425-57b804bdbe14
a20c4acc-37c1-4b22-a7bc-da15c00fa5bf,0b5465a8-493f-4e77-9520-0a79e8451caa
0d0ea1b8-ab6b-4502-b8b8-ffd784177b2e,26750539-69bc-404f-817e-a47be055f83c
0d0ea1b8-ab6b-4502-b8b8-ffd784177b2e,a993d45a-9aae-41bd-8c96-181ac476c42a
0d0ea1b8-ab6b-4502-b8b8-ffd784177b2e,3ebc1b1d-ae39-4442-8779-1f9d73654140
0d0ea1b8-ab6b-4502-b8b8-ffd784177b2e,3644ecd6-51c1-499c-952f-145c2ede59a7
156f1c2a-9f89-437b-aa9b-392471bc49c7,26750539-69bc-404f-817e-a47be055f83c
156f1c2a-9f89-437b-aa9b-392471bc49c7,a993d45a-9aae-41bd-8c96-181ac476c42a
156f1c2a-9f89-437b-aa9b-392471bc49c7,3ebc1b1d-ae39-4442-8779-1f9d73654140
156f1c2a-9f89-437b-aa9b-392471bc49c7,3644ecd6-51c1-499c-952f-145c2ede59a7
203d61db-768c-449b-8f07-74fe6060cd7d,97159af6-ebde-469e-b6d0-70ffe6f0fec5
203d61db-768c-449b-8f07-74fe6060cd7d,9384026a-1ee1-4c32-a76b-c53c8779988b
203d61db-768c-449b-8f07-74fe6060cd7d,8a2e8748-74cd-4c04-99c8-1782996b53d8
203d61db-768c-449b-8f07-74fe6060cd7d,bcf506c2-aa6a-43fb-b465-527f0f7ac3b2
193c215d-ff27-431a-acda-a627b0fe2fe0,26750539-69bc-404f-817e-a47be055f83c
193c215d-ff27-431a-acda-a627b0fe2fe0,98c6b0fb-7a67-4f35-9199-4a1168570d27
83d6a9b0-466e-4b43-875c-e8909cffd5a9,26750539-69bc-404f-817e-a47be055f83c
83d6a9b0-466e-4b43-875c-e8909cffd5a9,98c6b0fb-7a67-4f35-9199-4a1168570d27
5da210de-5a41-472d-b09c-0eac1033da0e,26750539-69bc-404f-817e-a47be055f83c
5da210de-5a41-472d-b09c-0eac1033da0e,98c6b0fb-7a67-4f35-9199-4a1168570d27
079351ae-79c3-4c75-91b3-e9ab65596e10,26750539-69bc-404f-817e-a47be055f83c
079351ae-79c3-4c75-91b3-e9ab65596e10,98c6b0fb-7a67-4f35-9199-4a1168570d27
b08ea339-d582-4d81-b694-9f2c09ce2d1f,26750539-69bc-404f-817e-a47be055f83c
b08ea339-d582-4d81-b694-9f2c09ce2d1f,98c6b0fb-7a67-4f35-9199-4a1168570d27
37057302-5888-4398-8ee4-70cfc79681fa,26750539-69bc-404f-817e-a47be055f83c
37057302-5888-4398-8ee4-70cfc79681fa,98c6b0fb-7a67-4f35-9199-4a1168570d27
424cfb8e-4ede-499d-8c03-b8f3d6530791,26750539-69bc-404f-817e-a47be055f83c
424cfb8e-4ede-499d-8c03-b8f3d6530791,98c6b0fb-7a67-4f35-9199-4a1168570d27
fa4d2e8c-1b4e-46b3-8c39-865517f87335,26750539-69bc-404f-817e-a47be055f83c
fa4d2e8c-1b4e-46b3-8c39-865517f87335,98c6b0fb-7a67-4f35-9199-4a1168570d27
a202f39b-160d-40c5-8bab-175aeb0c041d,26750539-69bc-404f-817e-a47be055f83c
a202f39b-160d-40c5-8bab-175aeb0c041d,98c6b0fb-7a67-4f35-9199-4a1168570d27
13509608-cf43-4fd2-b23f-ac32f645c605,26750539-69bc-404f-817e-a47be055f83c
13509608-cf43-4fd2-b23f-ac32f645c605,98c6b0fb-7a67-4f35-9199-4a1168570d27
de514845-2600-46a4-869b-fad8deff718b,26750539-69bc-404f-817e-a47be055f83c
de514845-2600-46a4-869b-fad8deff718b,98c6b0fb-7a67-4f35-9199-4a1168570d27
a0e7c5bd-6971-47df-8758-8f327ffefe17,26750539-69bc-404f-817e-a47be055f83c
a0e7c5bd-6971-47df-8758-8f327ffefe17,98c6b0fb-7a67-4f35-9199-4a1168570d27
a556640b-70a3-4e91-89d8-10a5817e9b60,26750539-69bc-404f-817e-a47be055f83c
a556640b-70a3-4e91-89d8-10a5817e9b60,98c6b0fb-7a67-4f35-9199-4a1168570d27
d1b60a51-d527-4368-96e6-29d1dc8802ab,26750539-69bc-404f-817e-a47be055f83c
d1b60a51-d527-4368-96e6-29d1dc8802ab,98c6b0fb-7a67-4f35-9199-4a1168570d27
466d0296-82e7-41cf-9010-33327ebb98c7,26750539-69bc-404f-817e-a47be055f83c
466d0296-82e7-41cf-9010-33327ebb98c7,98c6b0fb-7a67-4f35-9199-4a1168570d27
1e7ff37c-c996-457d-8890-db1c69199c08,26750539-69bc-404f-817e-a47be055f83c
1e7ff37c-c996-457d-8890-db1c69199c08,98c6b0fb-7a67-4f35-9199-4a1168570d27
8badb26d-bc8a-4df9-8df9-2c3c5a132379,cc610799-b5e3-4700-b0f7-8186e5fef2ee
8badb26d-bc8a-4df9-8df9-2c3c5a132379,cc514587-68c7-476d-b881-098599ed49f5
8badb26d-bc8a-4df9-8df9-2c3c5a132379,a78d30f7-f9e2-4f00-8e93-56885254fcee
8badb26d-bc8a-4df9-8df9-2c3c5a132379,30f54ebb-d53f-4c54-9c6d-3932b7d79233
8badb26d-bc8a-4df9-8df9-2c3c5a132379,ee25e6a3-8b88-4bfc-972c-c17460d7119f
8badb26d-bc8a-4df9-8df9-2c3c5a132379,92f0515d-bea2-4b0b-9c0e-bf0d42d881db
8badb26d-bc8a-4df9-8df9-2c3c5a132379,5ea779ee-33de-472c-bf81-b36daa6805fc
0483e227-ede3-414d-a7be-58cb2a3269d0,df1e08a7-1285-4e1d-848b-30448d42f55f
0483e227-ede3-414d-a7be-58cb2a3269d0,f61b4770-b3a8-4c24-9a11-020cd23d297e
0483e227-ede3-414d-a7be-58cb2a3269d0,4b612121-a8f2-4195-bd0f-ec4d868d0d9c
603cae17-d207-42ed-91b0-4134dc07910a,26750539-69bc-404f-817e-a47be055f83c
603cae17-d207-42ed-91b0-4134dc07910a,98c6b0fb-7a67-4f35-9199-4a1168570d27
288abe6c-498f-4617-a202-3cffc29e9753,26750539-69bc-404f-817e-a47be055f83c
288abe6c-498f-4617-a202-3cffc29e9753,98c6b0fb-7a67-4f35-9199-4a1168570d27
c6f0c2b4-e0e0-4dff-a2ff-56a07bc838de,26750539-69bc-404f-817e-a47be055f83c
c6f0c2b4-e0e0-4dff-a2ff-56a07bc838de,98c6b0fb-7a67-4f35-9199-4a1168570d27
73462783-5154-4980-a080-e7fe5846f8c6,26750539-69bc-404f-817e-a47be055f83c
73462783-5154-4980-a080-e7fe5846f8c6,98c6b0fb-7a67-4f35-9199-4a1168570d27
0c4c4c5d-a783-4d04-b8f5-00150586a7f4,26750539-69bc-404f-817e-a47be055f83c
0c4c4c5d-a783-4d04-b8f5-00150586a7f4,98c6b0fb-7a67-4f35-9199-4a1168570d27
78a5f576-9d06-4228-82b1-4f7ed6bca62d,26750539-69bc-404f-817e-a47be055f83c
78a5f576-9d06-4228-82b1-4f7ed6bca62d,98c6b0fb-7a67-4f35-9199-4a1168570d27
2f2b1bea-d996-40d0-aaef-da32d5eb5a76,26750539-69bc-404f-817e-a47be055f83c
2f2b1bea-d996-40d0-aaef-da32d5eb5a76,98c6b0fb-7a67-4f35-9199-4a1168570d27
4447e0f9-7d32-403d-a579-7a4c008b8567,26750539-69bc-404f-817e-a47be055f83c
4447e0f9-7d32-403d-a579-7a4c008b8567,98c6b0fb-7a67-4f35-9199-4a1168570d27
ff105876-8225-4367-a8f8-e9b35b75481d,26750539-69bc-404f-817e-a47be055f83c
ff105876-8225-4367-a8f8-e9b35b75481d,98c6b0fb-7a67-4f35-9199-4a1168570d27
5dc7f75c-6f3b-4f9b-8c71-455b0bb7204f,26750539-69bc-404f-817e-a47be055f83c
5dc7f75c-6f3b-4f9b-8c71-455b0bb7204f,98c6b0fb-7a67-4f35-9199-4a1168570d27
0a7806c8-b60e-4646-b85f-cf0ac7a3ca5b,2538f38e-b085-44ad-ab33-6ee8965b2a80
0a7806c8-b60e-4646-b85f-cf0ac7a3ca5b,e864e3e3-a381-40e2-b1d3-b04a9fd06955
0a7806c8-b60e-4646-b85f-cf0ac7a3ca5b,7c21c526-f560-4486-969f-bc04b49f887f
0a7806c8-b60e-4646-b85f-cf0ac7a3ca5b,5767ea22-f061-47b2-a485-d9f7b03c922b
4cd70175-fcbf-4f33-9d5f-4704d53fa867,2538f38e-b085-44ad-ab33-6ee8965b2a80
4cd70175-fcbf-4f33-9d5f-4704d53fa867,e864e3e3-a381-40e2-b1d3-b04a9fd06955
4cd70175-fcbf-4f33-9d5f-4704d53fa867,7c21c526-f560-4486-969f-bc04b49f887f
4cd70175-fcbf-4f33-9d5f-4704d53fa867,5767ea22-f061-47b2-a485-d9f7b03c922b
26227141-4cdb-48b7-94a5-b349e779e753,2538f38e-b085-44ad-ab33-6ee8965b2a80
26227141-4cdb-48b7-94a5-b349e779e753,2f16f723-8d77-48ba-8243-2525b3dcd087
26227141-4cdb-48b7-94a5-b349e779e753,b07e93d7-f271-4dee-8b25-457f7ac71d02
258478bf-7fac-400e-8edc-d7c79d00b50f,2538f38e-b085-44ad-ab33-6ee8965b2a80
258478bf-7fac-400e-8edc-d7c79d00b50f,e864e3e3-a381-40e2-b1d3-b04a9fd06955
258478bf-7fac-400e-8edc-d7c79d00b50f,7c21c526-f560-4486-969f-bc04b49f887f
258478bf-7fac-400e-8edc-d7c79d00b50f,5767ea22-f061-47b2-a485-d9f7b03c922b
46aaa20b-1b90-4089-a689-db9829607b06,2538f38e-b085-44ad-ab33-6ee8965b2a80
46aaa20b-1b90-4089-a689-db9829607b06,e864e3e3-a381-40e2-b1d3-b04a9fd06955
46aaa20b-1b90-4089-a689-db9829607b06,7c21c526-f560-4486-969f-bc04b49f887f
46aaa20b-1b90-4089-a689-db9829607b06,5767ea22-f061-47b2-a485-d9f7b03c922b
74dcce76-49d8-4230-87de-1eef42bf1c48,6ea383da-dcb0-4af3-99ba-861398315d16
74dcce76-49d8-4230-87de-1eef42bf1c48,86b5bfe8-a5c5-4325-9624-5b620a174b7d
74dcce76-49d8-4230-87de-1eef42bf1c48,04bfb2b9-5f61-4395-b1cd-7c178dced29a
74dcce76-49d8-4230-87de-1eef42bf1c48,98babe36-f22c-41d9-8b1b-eef77be2bda0
1ccaf84e-16d2-4208-8842-d69efcc24a3e,26750539-69bc-404f-817e-a47be055f83c
1ccaf84e-16d2-4208-8842-d69efcc24a3e,98c6b0fb-7a67-4f35-9199-4a1168570d27
4272b2a5-a58e-43e2-884b-6769453d02ff,26750539-69bc-404f-817e-a47be055f83c
4272b2a5-a58e-43e2-884b-6769453d02ff,98c6b0fb-7a67-4f35-9199-4a1168570d27
4272b2a5-a58e-43e2-884b-6769453d02ff,ac7743d5-0bdf-4c43-8580-e4cce14e17d0
fd067c6a-ad54-446c-bad6-be2a15115668,694c667f-b85c-42bd-a134-c4120bb8ff2f
fd067c6a-ad54-446c-bad6-be2a15115668,99443839-bfd9-49d0-9a9b-f9714ee37dba
fd067c6a-ad54-446c-bad6-be2a15115668,a89983c9-84f3-4967-a4fe-52ccc997b56b
728baf86-7e6f-413f-a1bb-365cc693086b,694c667f-b85c-42bd-a134-c4120bb8ff2f
728baf86-7e6f-413f-a1bb-365cc693086b,99443839-bfd9-49d0-9a9b-f9714ee37dba
728baf86-7e6f-413f-a1bb-365cc693086b,a89983c9-84f3-4967-a4fe-52ccc997b56b
fcd63a92-1b83-496d-a877-99b1719aa098,26750539-69bc-404f-817e-a47be055f83c
fcd63a92-1b83-496d-a877-99b1719aa098,98c6b0fb-7a67-4f35-9199-4a1168570d27
5375e511-7a95-4778-98a4-b6e948ce54e7,26750539-69bc-404f-817e-a47be055f83c
5375e511-7a95-4778-98a4-b6e948ce54e7,98c6b0fb-7a67-4f35-9199-4a1168570d27
6f67256b-2182-4947-b17f-8cd7ef8a8244,26750539-69bc-404f-817e-a47be055f83c
6f67256b-2182-4947-b17f-8cd7ef8a8244,98c6b0fb-7a67-4f35-9199-4a1168570d27
2b4ef667-63c1-4091-85bc-ceebe778b21e,26750539-69bc-404f-817e-a47be055f83c
2b4ef667-63c1-4091-85bc-ceebe778b21e,98c6b0fb-7a67-4f35-9199-4a1168570d27
021eb099-7068-4305-b244-81a5c993db93,26750539-69bc-404f-817e-a47be055f83c
021eb099-7068-4305-b244-81a5c993db93,98c6b0fb-7a67-4f35-9199-4a1168570d27
8e3a2665-0969-4d1c-a882-8f2ba98f546b,26750539-69bc-404f-817e-a47be055f83c
8e3a2665-0969-4d1c-a882-8f2ba98f546b,98c6b0fb-7a67-4f35-9199-4a1168570d27
f1a93f84-e731-4c8f-b81e-0ae87c772dc9,9978c4f3-00a5-491d-85c9-7d07c45a0710
f1a93f84-e731-4c8f-b81e-0ae87c772dc9,f02fcbfb-02bb-47a2-b123-52528de7ab64
f1a93f84-e731-4c8f-b81e-0ae87c772dc9,55364482-f4d3-465c-a997-ead69771d96a
a251129f-60ab-4333-903b-bf16870102cb,26750539-69bc-404f-817e-a47be055f83c
a251129f-60ab-4333-903b-bf16870102cb,98c6b0fb-7a67-4f35-9199-4a1168570d27
22664bdc-eefe-4b8a-b7ad-aa901501f523,8d61113c-8ff3-46e4-aa3b-f86cf63301b8
22664bdc-eefe-4b8a-b7ad-aa901501f523,330aa50f-d6b5-4f67-a120-9eb144744066
22664bdc-eefe-4b8a-b7ad-aa901501f523,cefb37db-95ff-49ad-8833-3f09b5c11d37
22664bdc-eefe-4b8a-b7ad-aa901501f523,886fde01-64bb-48a0-af95-7f9b261bafbc
22664bdc-eefe-4b8a-b7ad-aa901501f523,2d1fcaec-cc5d-4d8d-8472-cb49e5c925ab
22664bdc-eefe-4b8a-b7ad-aa901501f523,339ed466-1ba4-4197-af84-b844b42cba4d
22664bdc-eefe-4b8a-b7ad-aa901501f523,3d2ef71a-5e42-41b8-8a67-06d65a7fe748
22664bdc-eefe-4b8a-b7ad-aa901501f523,5f3df2e1-1c52-4d28-a4e5-ea2ccadfc72e
22664bdc-eefe-4b8a-b7ad-aa901501f523,bb46fd26-a4d6-4674-a230-16db318b6d7d
e6deb93b-2775-411d-be3a-f096436279f5,8d61113c-8ff3-46e4-aa3b-f86cf63301b8
e6deb93b-2775-411d-be3a-f096436279f5,330aa50f-d6b5-4f67-a120-9eb144744066
e6deb93b-2775-411d-be3a-f096436279f5,cefb37db-95ff-49ad-8833-3f09b5c11d37
e6deb93b-2775-411d-be3a-f096436279f5,886fde01-64bb-48a0-af95-7f9b261bafbc
e6deb93b-2775-411d-be3a-f096436279f5,2d1fcaec-cc5d-4d8d-8472-cb49e5c925ab
e6deb93b-2775-411d-be3a-f096436279f5,339ed466-1ba4-4197-af84-b844b42cba4d
e6deb93b-2775-411d-be3a-f096436279f5,3d2ef71a-5e42-41b8-8a67-06d65a7fe748
e6deb93b-2775-411d-be3a-f096436279f5,5f3df2e1-1c52-4d28-a4e5-ea2ccadfc72e
e6deb93b-2775-411d-be3a-f096436279f5,bb46fd26-a4d6-4674-a230-16db318b6d7d
58483d88-6075-41b5-b5f9-ef48c966a0ea,8d61113c-8ff3-46e4-aa3b-f86cf63301b8
58483d88-6075-41b5-b5f9-ef48c966a0ea,330aa50f-d6b5-4f67-a120-9eb144744066
58483d88-6075-41b5-b5f9-ef48c966a0ea,cefb37db-95ff-49ad-8833-3f09b5c11d37
58483d88-6075-41b5-b5f9-ef48c966a0ea,886fde01-64bb-48a0-af95-7f9b261bafbc
58483d88-6075-41b5-b5f9-ef48c966a0ea,2d1fcaec-cc5d-4d8d-8472-cb49e5c925ab
58483d88-6075-41b5-b5f9-ef48c966a0ea,339ed466-1ba4-4197-af84-b844b42cba4d
58483d88-6075-41b5-b5f9-ef48c966a0ea,3d2ef71a-5e42-41b8-8a67-06d65a7fe748
58483d88-6075-41b5-b5f9-ef48c966a0ea,5f3df2e1-1c52-4d28-a4e5-ea2ccadfc72e
58483d88-6075-41b5-b5f9-ef48c966a0ea,bb46fd26-a4d6-4674-a230-16db318b6d7d
027e288a-71e7-4bbd-95ae-70ea0b38fdcf,c39ed55b-6f82-478f-82fa-d02f7aca37b7
027e288a-71e7-4bbd-95ae-70ea0b38fdcf,07660727-a87d-4bc4-9de4-c05d46863606
027e288a-71e7-4bbd-95ae-70ea0b38fdcf,9217299f-c6e8-4948-955e-61f77b02923f
027e288a-71e7-4bbd-95ae-70ea0b38fdcf,a38c6788-ad51-4b9e-ac39-cd567c04b94f
c7fcdc1b-3d47-4a1e-9468-c1a8b655b4ea,c39ed55b-6f82-478f-82fa-d02f7aca37b7
c7fcdc1b-3d47-4a1e-9468-c1a8b655b4ea,07660727-a87d-4bc4-9de4-c05d46863606
c7fcdc1b-3d47-4a1e-9468-c1a8b655b4ea,9217299f-c6e8-4948-955e-61f77b02923f
c7fcdc1b-3d47-4a1e-9468-c1a8b655b4ea,a38c6788-ad51-4b9e-ac39-cd567c04b94f
7dc2a150-c2fa-42e5-a54b-1cf09b75928f,26750539-69bc-404f-817e-a47be055f83c
7dc2a150-c2fa-42e5-a54b-1cf09b75928f,98c6b0fb-7a67-4f35-9199-4a1168570d27
a009fe0c-60b2-4d72-a98b-3c84d14b0dde,3553fffa-f146-4e17-936f-98cc21e26dbf
a009fe0c-60b2-4d72-a98b-3c84d14b0dde,065a5020-8978-44c5-9c06-b8535a1bfd14
a009fe0c-60b2-4d72-a98b-3c84d14b0dde,f62ca89d-4353-4f70-9060-e94ab56265df
a009fe0c-60b2-4d72-a98b-3c84d14b0dde,1c0f6520-9a7c-4720-84d6-551548d3c110
a009fe0c-60b2-4d72-a98b-3c84d14b0dde,dcba330f-2f01-45c6-90b9-a7d356e9db80
dd5ee059-a15a-4e38-80b1-c5cc19c25dce,26750539-69bc-404f-817e-a47be055f83c
dd5ee059-a15a-4e38-80b1-c5cc19c25dce,9842c984-3db5-4f3d-a709-47f669fca604
cd635fb2-6981-47ba-8f72-4974239192a6,e7f76ecc-b1f3-40f5-9493-a60e0476da7d
cd635fb2-6981-47ba-8f72-4974239192a6,6ffdc2f5-56a9-4b26-ac97-f31beabee20f
cd635fb2-6981-47ba-8f72-4974239192a6,65e5fa22-63c2-44e6-a817-eecaa1a8e771
aeaedc55-f591-4892-95dc-c35646282feb,26750539-69bc-404f-817e-a47be055f83c
aeaedc55-f591-4892-95dc-c35646282feb,98c6b0fb-7a67-4f35-9199-4a1168570d27
858837ed-4a59-4d01-b47b-28ebd757b0f4,26750539-69bc-404f-817e-a47be055f83c
858837ed-4a59-4d01-b47b-28ebd757b0f4,98c6b0fb-7a67-4f35-9199-4a1168570d27
bf2446a7-80f3-4994-b262-1a967817d6ce,26750539-69bc-404f-817e-a47be055f83c
bf2446a7-80f3-4994-b262-1a967817d6ce,98c6b0fb-7a67-4f35-9199-4a1168570d27
ea994c80-823f-4e65-bb4d-f5d33a08b6e7,9d22d95d-5cbe-4d48-b9bb-91d60c94423f
ea994c80-823f-4e65-bb4d-f5d33a08b6e7,789310ab-1b8e-404d-b3a1-da1bec3be492
ea994c80-823f-4e65-bb4d-f5d33a08b6e7,b64ac00a-c929-4e37-bb92-a70a8fac9b17
ea994c80-823f-4e65-bb4d-f5d33a08b6e7,83f3e4bf-31c6-4bca-9616-92e1b699b53b
ea994c80-823f-4e65-bb4d-f5d33a08b6e7,4d35d87e-8604-4492-b2b3-1d1dc481e81a
ea994c80-823f-4e65-bb4d-f5d33a08b6e7,00a816a2-b959-415b-8880-de92946758de
5d3bc2a7-c019-44dc-8ad9-0850307d7b76,26750539-69bc-404f-817e-a47be055f83c
5d3bc2a7-c019-44dc-8ad9-0850307d7b76,98c6b0fb-7a67-4f35-9199-4a1168570d27
e9c310f1-66ef-4e13-a98e-a763a125bb65,26750539-69bc-404f-817e-a47be055f83c
e9c310f1-66ef-4e13-a98e-a763a125bb65,98c6b0fb-7a67-4f35-9199-4a1168570d27
e47ab792-5de9-4ee0-8943-a3f72e632254,26750539-69bc-404f-817e-a47be055f83c
e47ab792-5de9-4ee0-8943-a3f72e632254,98c6b0fb-7a67-4f35-9199-4a1168570d27
bdc27771-63cb-4139-919b-f36ea714046b,26750539-69bc-404f-817e-a47be055f83c
bdc27771-63cb-4139-919b-f36ea714046b,98c6b0fb-7a67-4f35-9199-4a1168570d27
fd26137f-059d-45ab-84ed-4eda6e42011a,26750539-69bc-404f-817e-a47be055f83c
fd26137f-059d-45ab-84ed-4eda6e42011a,98c6b0fb-7a67-4f35-9199-4a1168570d27
1e79b87a-4449-4694-9f14-72366c8c97f5,26750539-69bc-404f-817e-a47be055f83c
1e79b87a-4449-4694-9f14-72366c8c97f5,98c6b0fb-7a67-4f35-9199-4a1168570d27
a46276b8-9bc1-417e-86d0-48b64b603ea6,26750539-69bc-404f-817e-a47be055f83c
a46276b8-9bc1-417e-86d0-48b64b603ea6,98c6b0fb-7a67-4f35-9199-4a1168570d27
2dc8e1dc-4007-4e3e-8550-1254aa03400d,ec3c2d01-e934-443b-91da-7e3635a1d7f1
2dc8e1dc-4007-4e3e-8550-1254aa03400d,ee45c49a-a44e-454d-90a4-7ffc99bf5aac
2dc8e1dc-4007-4e3e-8550-1254aa03400d,c561d5db-8bc6-4880-ac93-b93a2957cb82
4d62202e-63d2-476e-a7cb-f991be3c361f,11d7b127-e41d-4900-b67c-46fdde9e1f7b
4d62202e-63d2-476e-a7cb-f991be3c361f,b7ce211a-bb81-43ac-83e9-6ea8a6e57049
4d62202e-63d2-476e-a7cb-f991be3c361f,d11f1b0e-730c-4c81-8aee-4b3da4bb4354
1b491a06-19b7-4380-8007-112dffb9fc26,26750539-69bc-404f-817e-a47be055f83c
1b491a06-19b7-4380-8007-112dffb9fc26,98c6b0fb-7a67-4f35-9199-4a1168570d27
823981ad-90a3-4f2a-8e04-b6e777632b68,7ca27afe-8677-466d-9241-b8d1c90aadd0
823981ad-90a3-4f2a-8e04-b6e777632b68,7045971b-f036-46a3-aefe-74222fcff1d7
823981ad-90a3-4f2a-8e04-b6e777632b68,f5f89e71-0cb4-4634-bbc6-e85543425869
823981ad-90a3-4f2a-8e04-b6e777632b68,99fa173d-7621-49a9-b742-1129f8281aca
823981ad-90a3-4f2a-8e04-b6e777632b68,bf405faf-6ad6-4624-8a91-faeb248a1301
c15b3a7e-8b25-45fe-9e81-4961a230d758,26750539-69bc-404f-817e-a47be055f83c
c15b3a7e-8b25-45fe-9e81-4961a230d758,98c6b0fb-7a67-4f35-9199-4a1168570d27
f96e9b60-1c56-4e92-a5d1-509f2779f45d,26750539-69bc-404f-817e-a47be055f83c
f96e9b60-1c56-4e92-a5d1-509f2779f45d,98c6b0fb-7a67-4f35-9199-4a1168570d27
d13692dd-e410-4280-8ec6-ac77f222bf8e,26750539-69bc-404f-817e-a47be055f83c
d13692dd-e410-4280-8ec6-ac77f222bf8e,98c6b0fb-7a67-4f35-9199-4a1168570d27
a7a29548-bfec-4e6b-af32-71d7d7812238,26750539-69bc-404f-817e-a47be055f83c
a7a29548-bfec-4e6b-af32-71d7d7812238,98c6b0fb-7a67-4f35-9199-4a1168570d27
b35c8b70-04ff-43ca-b639-c0b25748c90d,26750539-69bc-404f-817e-a47be055f83c
b35c8b70-04ff-43ca-b639-c0b25748c90d,98c6b0fb-7a67-4f35-9199-4a1168570d27
777e0c6e-0d8d-4fb7-807e-b04579fdf4e9,26750539-69bc-404f-817e-a47be055f83c
777e0c6e-0d8d-4fb7-807e-b04579fdf4e9,98c6b0fb-7a67-4f35-9199-4a1168570d27
400f277b-a85b-4791-a4aa-bbe86048652c,26750539-69bc-404f-817e-a47be055f83c
400f277b-a85b-4791-a4aa-bbe86048652c,98c6b0fb-7a67-4f35-9199-4a1168570d27
7f6a54a0-8624-4efe-b441-ef380388941a,26750539-69bc-404f-817e-a47be055f83c
7f6a54a0-8624-4efe-b441-ef380388941a,98c6b0fb-7a67-4f35-9199-4a1168570d27
163c556a-506a-48d1-a1ae-4227c716991e,26750539-69bc-404f-817e-a47be055f83c
163c556a-506a-48d1-a1ae-4227c716991e,98c6b0fb-7a67-4f35-9199-4a1168570d27
fa36066b-6d74-4350-819f-48bff5c15cb6,438b1462-8ab9-4028-b203-6eb3a27bf807
fa36066b-6d74-4350-819f-48bff5c15cb6,ae816d93-b403-4909-8332-369e279cee1f
fa36066b-6d74-4350-819f-48bff5c15cb6,f1a6f1b8-1cae-468c-9392-96bf7de900a3
fa36066b-6d74-4350-819f-48bff5c15cb6,f0842565-05c8-4a49-99ce-75a28bb909c8
fa36066b-6d74-4350-819f-48bff5c15cb6,03966c16-efcb-4d48-a79d-9ce45a518277
bc52a391-b530-4b2c-b694-5ee08a29c036,26750539-69bc-404f-817e-a47be055f83c
bc52a391-b530-4b2c-b694-5ee08a29c036,98c6b0fb-7a67-4f35-9199-4a1168570d27
6c0fa5b3-b56e-4e5e-b4c9-d49228b612c7,26750539-69bc-404f-817e-a47be055f83c
6c0fa5b3-b56e-4e5e-b4c9-d49228b612c7,98c6b0fb-7a67-4f35-9199-4a1168570d27
44b917fc-c3cb-4112-b00e-e65e9a852642,26750539-69bc-404f-817e-a47be055f83c
44b917fc-c3cb-4112-b00e-e65e9a852642,98c6b0fb-7a67-4f35-9199-4a1168570d27
a8d6ba37-d782-4213-835a-2528ac13f28f,98c6b0fb-7a67-4f35-9199-4a1168570d27
a8d6ba37-d782-4213-835a-2528ac13f28f,c013cf11-6f84-4be3-8282-fb3a130eb563
fc7cd245-2742-4f76-947b-dfaa98951c4c,1c3bca66-33fc-4dea-b8f3-c63bbca74a0f
fc7cd245-2742-4f76-947b-dfaa98951c4c,c5a0d9ad-31af-4027-ac82-c648c1c9fdcd
fc7cd245-2742-4f76-947b-dfaa98951c4c,100f8119-dd1e-4842-bd64-f1f81cae6462
fc7cd245-2742-4f76-947b-dfaa98951c4c,b436db26-4f33-4ef3-b4a8-576ef387f202
fc7cd245-2742-4f76-947b-dfaa98951c4c,bf405faf-6ad6-4624-8a91-faeb248a1301
65e13ef4-d1c0-47ca-a923-3a292e0ac27e,6b8fe99f-f524-49fe-a169-a725010995b1
65e13ef4-d1c0-47ca-a923-3a292e0ac27e,ca33988b-23d8-45b7-88aa-c07a50bd888d
2aaa3d3b-6704-4034-bf0d-34a4f04ec803,26750539-69bc-404f-817e-a47be055f83c
2aaa3d3b-6704-4034-bf0d-34a4f04ec803,98c6b0fb-7a67-4f35-9199-4a1168570d27
2aaa3d3b-6704-4034-bf0d-34a4f04ec803,c013cf11-6f84-4be3-8282-fb3a130eb563
302c1a29-609a-47db-b5b1-f5b2cd2c67c4,3dc2a415-f0dc-4d2a-aa67-c4492c3429f2
302c1a29-609a-47db-b5b1-f5b2cd2c67c4,7d9bf1a7-ba5f-4bb7-bc4c-e5a01e6344cb
302c1a29-609a-47db-b5b1-f5b2cd2c67c4,b8abce0f-27ca-416f-a818-18ac4fa63f8b
bf2cf1f9-4e4c-48b4-b2d6-ed872ebca627,26750539-69bc-404f-817e-a47be055f83c
bf2cf1f9-4e4c-48b4-b2d6-ed872ebca627,98c6b0fb-7a67-4f35-9199-4a1168570d27
9315f51d-15c3-4828-97f9-9f0545a937b2,26750539-69bc-404f-817e-a47be055f83c
9315f51d-15c3-4828-97f9-9f0545a937b2,98c6b0fb-7a67-4f35-9199-4a1168570d27
9315f51d-15c3-4828-97f9-9f0545a937b2,c013cf11-6f84-4be3-8282-fb3a130eb563
070813b0-f632-48b6-b825-3c74d44ebf71,26750539-69bc-404f-817e-a47be055f83c
070813b0-f632-48b6-b825-3c74d44ebf71,98c6b0fb-7a67-4f35-9199-4a1168570d27
070813b0-f632-48b6-b825-3c74d44ebf71,c013cf11-6f84-4be3-8282-fb3a130eb563
8c29c1ba-02a6-4c06-a861-917b0129a635,823f0882-5c5d-41cf-a7f3-e5b34760a05d
8c29c1ba-02a6-4c06-a861-917b0129a635,2635d6b3-7f06-4c1f-91ee-0c56ed989686
8c29c1ba-02a6-4c06-a861-917b0129a635,ac5aa7df-8923-4d77-81d4-d9caa42bdb99
8c29c1ba-02a6-4c06-a861-917b0129a635,dea899b0-9132-49c1-b103-377a30fc5863
6a6848ad-a4d5-41eb-b788-fef4598c436b,26750539-69bc-404f-817e-a47be055f83c
6a6848ad-a4d5-41eb-b788-fef4598c436b,98c6b0fb-7a67-4f35-9199-4a1168570d27
bfcf2bd7-3043-435c-bc9d-7acbd8c7c742,26750539-69bc-404f-817e-a47be055f83c
bfcf2bd7-3043-435c-bc9d-7acbd8c7c742,98c6b0fb-7a67-4f35-9199-4a1168570d27
30da4800-6e89-4746-a283-29cdd0d4bd5c,26750539-69bc-404f-817e-a47be055f83c
30da4800-6e89-4746-a283-29cdd0d4bd5c,98c6b0fb-7a67-4f35-9199-4a1168570d27
b4d3bc83-4bb1-4f8c-b8f2-68734395b4d8,26750539-69bc-404f-817e-a47be055f83c
b4d3bc83-4bb1-4f8c-b8f2-68734395b4d8,98c6b0fb-7a67-4f35-9199-4a1168570d27
dc66c158-972e-4cf0-b7fc-f6ba997be447,8641173c-0d32-4f6e-9eb3-604a815db110
dc66c158-972e-4cf0-b7fc-f6ba997be447,e3fc6169-47eb-4fe0-80ac-b5079d111978
dc66c158-972e-4cf0-b7fc-f6ba997be447,faeeecc9-fcb5-4aa8-8f66-3b22b4b6e283
dc66c158-972e-4cf0-b7fc-f6ba997be447,d358d60d-eca0-4666-8d7e-6a5ff7bbe8e1
dc66c158-972e-4cf0-b7fc-f6ba997be447,55da9df2-adf6-4a57-aadf-8a7761722aa5
f46a2cab-3eb0-4073-a3f5-036b4de05212,26750539-69bc-404f-817e-a47be055f83c
f46a2cab-3eb0-4073-a3f5-036b4de05212,98c6b0fb-7a67-4f35-9199-4a1168570d27
8c18904a-e1ad-4aef-8141-a8148d30a0c7,26750539-69bc-404f-817e-a47be055f83c
8c18904a-e1ad-4aef-8141-a8148d30a0c7,98c6b0fb-7a67-4f35-9199-4a1168570d27
a7da7ac2-9518-4599-946a-31390eb29544,26750539-69bc-404f-817e-a47be055f83c
a7da7ac2-9518-4599-946a-31390eb29544,98c6b0fb-7a67-4f35-9199-4a1168570d27
fcd45cae-630c-436b-b4da-bc074133c264,26750539-69bc-404f-817e-a47be055f83c
fcd45cae-630c-436b-b4da-bc074133c264,98c6b0fb-7a67-4f35-9199-4a1168570d27
49066d9c-4427-4b6d-8a42-f6fe90104d3e,694c667f-b85c-42bd-a134-c4120bb8ff2f
49066d9c-4427-4b6d-8a42-f6fe90104d3e,99443839-bfd9-49d0-9a9b-f9714ee37dba
49066d9c-4427-4b6d-8a42-f6fe90104d3e,a89983c9-84f3-4967-a4fe-52ccc997b56b
61e1464a-4ade-4a29-a0d7-13483399dad5,8f1752ce-52ad-4f34-898d-067375a4d01a
61e1464a-4ade-4a29-a0d7-13483399dad5,053ead7e-98ae-4b53-a6ea-1e428e4cf72c
61e1464a-4ade-4a29-a0d7-13483399dad5,154c80c9-a59b-4314-99a4-378ae2c452e5
0c9f8b34-ccfa-4d9f-a916-612a73b3dcbf,e4eddbd0-aeef-461f-bbbd-b2f39cce69ec
0c9f8b34-ccfa-4d9f-a916-612a73b3dcbf,157173d5-a673-47ef-a333-1556b027d2c3
0c9f8b34-ccfa-4d9f-a916-612a73b3dcbf,f30dae44-b532-4f69-9a46-68cc0e91069a
0c9f8b34-ccfa-4d9f-a916-612a73b3dcbf,93479c8b-2c76-4f00-918b-62a6ad268c17
4da38894-3443-47a4-a11c-8ba36ec754a8,98c6b0fb-7a67-4f35-9199-4a1168570d27
a0be163f-9486-4f25-9807-e28fed9bd27c,26750539-69bc-404f-817e-a47be055f83c
a0be163f-9486-4f25-9807-e28fed9bd27c,98c6b0fb-7a67-4f35-9199-4a1168570d27
adbedffd-ec02-43b6-b803-c208a92b1067,866eafc7-9ee9-49a4-98fe-4810cdfd8c78
adbedffd-ec02-43b6-b803-c208a92b1067,6e032ea4-7b63-467d-a70e-b37d89d995ff
adbedffd-ec02-43b6-b803-c208a92b1067,c2ae0e1c-1e05-49d8-b143-5eae6ea078e9
adbedffd-ec02-43b6-b803-c208a92b1067,03d5ae66-678a-4103-b1e2-173b76e3a09b
adbedffd-ec02-43b6-b803-c208a92b1067,de41429a-ec2c-4fe2-b4e1-8c9c8e71f983
4a8b8850-90d3-400b-b607-aa95e667eece,32b1a439-4172-49bf-aa05-2f81cf9b2702
4a8b8850-90d3-400b-b607-aa95e667eece,288d5745-6326-4acf-9b58-2b24a9324472
37980bdf-2123-4e65-985f-59ebc558e520,32b1a439-4172-49bf-aa05-2f81cf9b2702
37980bdf-2123-4e65-985f-59ebc558e520,256ad0a8-a20b-49a5-8fa4-e7ed7abd1dec
37980bdf-2123-4e65-985f-59ebc558e520,54a3cecf-97f5-4f8a-875a-4996109cec74
7d2dd129-dc18-466f-8d29-642b09cc2f00,b46fa2cc-e66d-4e61-b2b6-576f44c53b70
7d2dd129-dc18-466f-8d29-642b09cc2f00,be206e32-3a1a-4eef-a673-0dd22c9b3ef0
7d2dd129-dc18-466f-8d29-642b09cc2f00,eeadc35f-b763-4674-8be5-abdbc3d3d52e
7d2dd129-dc18-466f-8d29-642b09cc2f00,5ef14c2c-47a8-4c31-9ccf-524afcb8e2dc
f0303641-d817-42ff-923d-c5ccbf2f05ae,26750539-69bc-404f-817e-a47be055f83c
f0303641-d817-42ff-923d-c5ccbf2f05ae,98c6b0fb-7a67-4f35-9199-4a1168570d27
4ddbd527-9ead-42e5-b553-1f819282fc89,26750539-69bc-404f-817e-a47be055f83c
4ddbd527-9ead-42e5-b553-1f819282fc89,98c6b0fb-7a67-4f35-9199-4a1168570d27
bf2291ca-0176-4e8b-8f35-03a1b640b29b,f6bb2f2b-7572-4d8b-9508-b7289dc21fc4
bf2291ca-0176-4e8b-8f35-03a1b640b29b,9842c984-3db5-4f3d-a709-47f669fca604
2040c9c6-a174-4d32-ae11-298d3e887445,26750539-69bc-404f-817e-a47be055f83c
2040c9c6-a174-4d32-ae11-298d3e887445,98c6b0fb-7a67-4f35-9199-4a1168570d27
18638ed2-f8af-40dd-b10e-43a7e5e5cdbc,a5722ed1-4abc-4d30-8686-4b723e937220
18638ed2-f8af-40dd-b10e-43a7e5e5cdbc,0381fde1-5b00-436d-b586-69933c72ac8d
18638ed2-f8af-40dd-b10e-43a7e5e5cdbc,642c26c5-bb2d-4759-94db-8b74b4197e9d
18638ed2-f8af-40dd-b10e-43a7e5e5cdbc,0456d179-3455-4dd9-ba5c-1f28e399aefa
18638ed2-f8af-40dd-b10e-43a7e5e5cdbc,f413bf29-8c86-40a3-9b95-d4a080e339d2
18638ed2-f8af-40dd-b10e-43a7e5e5cdbc,2c469013-09b2-4ab1-975f-0af17612760a
18638ed2-f8af-40dd-b10e-43a7e5e5cdbc,8ce119fa-bf94-4604-91da-e1c9400589c3
18638ed2-f8af-40dd-b10e-43a7e5e5cdbc,b53320ce-d72a-4dbe-8e23-2c90868b059c
c41eeeba-bba5-422d-bbe3-7e57777b4361,98c6b0fb-7a67-4f35-9199-4a1168570d27
c41eeeba-bba5-422d-bbe3-7e57777b4361,60f0852f-28ff-4a66-a41e-ad05a854a115
c41eeeba-bba5-422d-bbe3-7e57777b4361,ac7743d5-0bdf-4c43-8580-e4cce14e17d0
c1cd1903-2a90-428d-a043-643294864769,98c6b0fb-7a67-4f35-9199-4a1168570d27
c1cd1903-2a90-428d-a043-643294864769,60f0852f-28ff-4a66-a41e-ad05a854a115
c1cd1903-2a90-428d-a043-643294864769,ac7743d5-0bdf-4c43-8580-e4cce14e17d0
f7442f97-618a-4bdd-8577-13c99d8d4b7b,98c6b0fb-7a67-4f35-9199-4a1168570d27
f7442f97-618a-4bdd-8577-13c99d8d4b7b,60f0852f-28ff-4a66-a41e-ad05a854a115
f7442f97-618a-4bdd-8577-13c99d8d4b7b,ac7743d5-0bdf-4c43-8580-e4cce14e17d0
363aca4f-d6ca-4947-b9a8-7ac746498517,98c6b0fb-7a67-4f35-9199-4a1168570d27
363aca4f-d6ca-4947-b9a8-7ac746498517,60f0852f-28ff-4a66-a41e-ad05a854a115
363aca4f-d6ca-4947-b9a8-7ac746498517,ac7743d5-0bdf-4c43-8580-e4cce14e17d0
0d562dd9-05f2-4173-aab2-5e538e80fccb,26750539-69bc-404f-817e-a47be055f83c
0d562dd9-05f2-4173-aab2-5e538e80fccb,98c6b0fb-7a67-4f35-9199-4a1168570d27
76bf8c55-bd43-4f00-abf2-015ec54c7d94,83b2f57c-29ce-4aa4-9a74-98ed2810a79f
76bf8c55-bd43-4f00-abf2-015ec54c7d94,d918da7b-1b91-4afe-9ced-24c5e2d00a1b
76bf8c55-bd43-4f00-abf2-015ec54c7d94,31a0a59a-20e6-4963-a1fa-55b6243f9f5d
76bf8c55-bd43-4f00-abf2-015ec54c7d94,68ac9dfa-ef79-4875-8b45-21ff692c5c77
f3de9969-57d7-4be7-b5e7-49faa7403474,92941a72-483b-4da7-8156-f61bbf9b259e
f3de9969-57d7-4be7-b5e7-49faa7403474,e2d30b0b-fbe6-4f0f-9ff9-61d613d1d216
f3de9969-57d7-4be7-b5e7-49faa7403474,35d1cbe2-dec3-401f-8804-2d12b492aaa2
f3de9969-57d7-4be7-b5e7-49faa7403474,865a7f7c-4c95-4305-a934-9496fbe76a11
e49c8c0e-3efe-42df-86f2-59d4a8d54423,26750539-69bc-404f-817e-a47be055f83c
e49c8c0e-3efe-42df-86f2-59d4a8d54423,98c6b0fb-7a67-4f35-9199-4a1168570d27
e49c8c0e-3efe-42df-86f2-59d4a8d54423,ac7743d5-0bdf-4c43-8580-e4cce14e17d0
71461a2f-ff24-428d-bb72-53a6af8412c0,26750539-69bc-404f-817e-a47be055f83c
71461a2f-ff24-428d-bb72-53a6af8412c0,98c6b0fb-7a67-4f35-9199-4a1168570d27
71461a2f-ff24-428d-bb72-53a6af8412c0,ac7743d5-0bdf-4c43-8580-e4cce14e17d0
a8fdabf9-31de-4478-9d49-278fdd5401df,438b1462-8ab9-4028-b203-6eb3a27bf807
a8fdabf9-31de-4478-9d49-278fdd5401df,f2ed009c-0cd6-4ef3-b289-2c1699682dc7
a8fdabf9-31de-4478-9d49-278fdd5401df,ac7743d5-0bdf-4c43-8580-e4cce14e17d0
38824f62-67bb-48c7-b210-095ca8c09d8f,26750539-69bc-404f-817e-a47be055f83c
38824f62-67bb-48c7-b210-095ca8c09d8f,98c6b0fb-7a67-4f35-9199-4a1168570d27
f4bbb52e-35f0-4b8f-bc92-7663daf2a35e,83b2f57c-29ce-4aa4-9a74-98ed2810a79f
f4bbb52e-35f0-4b8f-bc92-7663daf2a35e,262b0408-8758-4765-8ced-412b6d4e29c3
f4bbb52e-35f0-4b8f-bc92-7663daf2a35e,bdd5709e-6e7e-4e60-8464-eaac00786823
00893e68-2515-4310-9673-db7f495da604,98c6b0fb-7a67-4f35-9199-4a1168570d27
00893e68-2515-4310-9673-db7f495da604,60f0852f-28ff-4a66-a41e-ad05a854a115
00893e68-2515-4310-9673-db7f495da604,ac7743d5-0bdf-4c43-8580-e4cce14e17d0
2698e216-1e10-4947-ba6b-ded97e35c746,98c6b0fb-7a67-4f35-9199-4a1168570d27
2698e216-1e10-4947-ba6b-ded97e35c746,60f0852f-28ff-4a66-a41e-ad05a854a115
2698e216-1e10-4947-ba6b-ded97e35c746,ac7743d5-0bdf-4c43-8580-e4cce14e17d0
d6780dcf-2393-4053-ae72-fd89dbefef7e,98c6b0fb-7a67-4f35-9199-4a1168570d27
d6780dcf-2393-4053-ae72-fd89dbefef7e,60f0852f-28ff-4a66-a41e-ad05a854a115
d6780dcf-2393-4053-ae72-fd89dbefef7e,ac7743d5-0bdf-4c43-8580-e4cce14e17d0
877176a3-3e95-447c-8364-69da15175ae5,98c6b0fb-7a67-4f35-9199-4a1168570d27
877176a3-3e95-447c-8364-69da15175ae5,60f0852f-28ff-4a66-a41e-ad05a854a115
877176a3-3e95-447c-8364-69da15175ae5,ac7743d5-0bdf-4c43-8580-e4cce14e17d0
7b898523-caff-4fe4-8253-ec4b3eeb909e,98c6b0fb-7a67-4f35-9199-4a1168570d27
7b898523-caff-4fe4-8253-ec4b3eeb909e,60f0852f-28ff-4a66-a41e-ad05a854a115
7b898523-caff-4fe4-8253-ec4b3eeb909e,ac7743d5-0bdf-4c43-8580-e4cce14e17d0
900ea214-fbf4-4084-a8bd-a6416c42cdf4,98c6b0fb-7a67-4f35-9199-4a1168570d27
900ea214-fbf4-4084-a8bd-a6416c42cdf4,60f0852f-28ff-4a66-a41e-ad05a854a115
900ea214-fbf4-4084-a8bd-a6416c42cdf4,ac7743d5-0bdf-4c43-8580-e4cce14e17d0
2ed53d33-3a41-4bbf-9bb0-21606387b761,26750539-69bc-404f-817e-a47be055f83c
2ed53d33-3a41-4bbf-9bb0-21606387b761,98c6b0fb-7a67-4f35-9199-4a1168570d27
31e5d88f-e674-44b7-a607-5d43f5cef81f,98c6b0fb-7a67-4f35-9199-4a1168570d27
31e5d88f-e674-44b7-a607-5d43f5cef81f,60f0852f-28ff-4a66-a41e-ad05a854a115
31e5d88f-e674-44b7-a607-5d43f5cef81f,ac7743d5-0bdf-4c43-8580-e4cce14e17d0
e15618c7-9804-45b5-8e33-a0dc63efa609,98c6b0fb-7a67-4f35-9199-4a1168570d27
e15618c7-9804-45b5-8e33-a0dc63efa609,60f0852f-28ff-4a66-a41e-ad05a854a115
e15618c7-9804-45b5-8e33-a0dc63efa609,ac7743d5-0bdf-4c43-8580-e4cce14e17d0
04171d18-6849-4288-a173-55215af0aec0,98c6b0fb-7a67-4f35-9199-4a1168570d27
04171d18-6849-4288-a173-55215af0aec0,60f0852f-28ff-4a66-a41e-ad05a854a115
04171d18-6849-4288-a173-55215af0aec0,ac7743d5-0bdf-4c43-8580-e4cce14e17d0
650d7710-c5d5-4309-bad8-eff8745abc41,d7c90815-b8d6-4415-9495-5e693545152f
650d7710-c5d5-4309-bad8-eff8745abc41,4fe2c3ed-de16-4965-81a2-6177b5d9c609
12689cea-b756-4cad-99e1-f4eeddfcb643,98c6b0fb-7a67-4f35-9199-4a1168570d27
12689cea-b756-4cad-99e1-f4eeddfcb643,60f0852f-28ff-4a66-a41e-ad05a854a115
12689cea-b756-4cad-99e1-f4eeddfcb643,ac7743d5-0bdf-4c43-8580-e4cce14e17d0
6858aed6-61a9-4463-8e38-f4ffd836e7d0,98c6b0fb-7a67-4f35-9199-4a1168570d27
6858aed6-61a9-4463-8e38-f4ffd836e7d0,60f0852f-28ff-4a66-a41e-ad05a854a115
6858aed6-61a9-4463-8e38-f4ffd836e7d0,ac7743d5-0bdf-4c43-8580-e4cce14e17d0
bed0ab6d-0511-4b1a-a3be-610d4d6bd0d1,25e27f7b-965a-4dbb-bb5f-8647e1fd8089
bed0ab6d-0511-4b1a-a3be-610d4d6bd0d1,ab449263-7ccc-4930-b2d8-1f2358677b7f
bed0ab6d-0511-4b1a-a3be-610d4d6bd0d1,bf7ad0ac-fdf7-4b63-9dbb-ee75e43c15be
bed0ab6d-0511-4b1a-a3be-610d4d6bd0d1,ac7743d5-0bdf-4c43-8580-e4cce14e17d0
48382f61-8922-4982-a621-d067b7f53e48,98c6b0fb-7a67-4f35-9199-4a1168570d27
ddc94f89-20ff-4fce-a7ef-91ad1668c2e9,98c6b0fb-7a67-4f35-9199-4a1168570d27
ddc94f89-20ff-4fce-a7ef-91ad1668c2e9,60f0852f-28ff-4a66-a41e-ad05a854a115
ddc94f89-20ff-4fce-a7ef-91ad1668c2e9,ac7743d5-0bdf-4c43-8580-e4cce14e17d0
07ef0aef-f801-4e99-a610-46e5b75542b0,c691aa1b-47d7-4426-8f7c-37732e484f24
07ef0aef-f801-4e99-a610-46e5b75542b0,7bdb28cc-dd1d-4254-b777-96cc36cc2188
07ef0aef-f801-4e99-a610-46e5b75542b0,f244335a-0767-4b6a-b70d-5df6b23f3acb
07ef0aef-f801-4e99-a610-46e5b75542b0,1672096a-667b-4731-bcd6-f3e66b4ef33e
07ef0aef-f801-4e99-a610-46e5b75542b0,ac7743d5-0bdf-4c43-8580-e4cce14e17d0
14b54b54-4e35-43ee-90ba-c84c3cc0c42b,98c6b0fb-7a67-4f35-9199-4a1168570d27
14b54b54-4e35-43ee-90ba-c84c3cc0c42b,60f0852f-28ff-4a66-a41e-ad05a854a115
14b54b54-4e35-43ee-90ba-c84c3cc0c42b,ac7743d5-0bdf-4c43-8580-e4cce14e17d0
629e320e-1440-416d-a0d1-7c67eec386e9,98c6b0fb-7a67-4f35-9199-4a1168570d27
629e320e-1440-416d-a0d1-7c67eec386e9,60f0852f-28ff-4a66-a41e-ad05a854a115
629e320e-1440-416d-a0d1-7c67eec386e9,ac7743d5-0bdf-4c43-8580-e4cce14e17d0
d4a2e5db-4f43-4671-b6f8-6154dcd63230,6f2ad1e5-af21-41b1-85f5-ecae1f38e4b1
d4a2e5db-4f43-4671-b6f8-6154dcd63230,8ae8eb4e-aef9-4ea7-84d9-25b79ac0a554
d4a2e5db-4f43-4671-b6f8-6154dcd63230,c2ae0e1c-1e05-49d8-b143-5eae6ea078e9
d4a2e5db-4f43-4671-b6f8-6154dcd63230,6586896f-f973-4ea7-82ad-53642dfad239
3f213ace-1c2c-4c2a-8ff8-d562ce6f46d8,98c6b0fb-7a67-4f35-9199-4a1168570d27
3f213ace-1c2c-4c2a-8ff8-d562ce6f46d8,60f0852f-28ff-4a66-a41e-ad05a854a115
3f213ace-1c2c-4c2a-8ff8-d562ce6f46d8,ac7743d5-0bdf-4c43-8580-e4cce14e17d0
d9b598c7-769a-481b-98d9-7ac46a51f045,26750539-69bc-404f-817e-a47be055f83c
d9b598c7-769a-481b-98d9-7ac46a51f045,98c6b0fb-7a67-4f35-9199-4a1168570d27
11f99884-4281-422b-8a1d-5d7c6aab6cc1,83b2f57c-29ce-4aa4-9a74-98ed2810a79f
11f99884-4281-422b-8a1d-5d7c6aab6cc1,262b0408-8758-4765-8ced-412b6d4e29c3
11f99884-4281-422b-8a1d-5d7c6aab6cc1,bdd5709e-6e7e-4e60-8464-eaac00786823
c4b5e988-1312-4d76-9709-39ccf074be5d,98c6b0fb-7a67-4f35-9199-4a1168570d27
c4b5e988-1312-4d76-9709-39ccf074be5d,60f0852f-28ff-4a66-a41e-ad05a854a115
c4b5e988-1312-4d76-9709-39ccf074be5d,ac7743d5-0bdf-4c43-8580-e4cce14e17d0
315811f5-65c6-4e5c-87c7-0e66b790c7f4,98c6b0fb-7a67-4f35-9199-4a1168570d27
315811f5-65c6-4e5c-87c7-0e66b790c7f4,60f0852f-28ff-4a66-a41e-ad05a854a115
315811f5-65c6-4e5c-87c7-0e66b790c7f4,ac7743d5-0bdf-4c43-8580-e4cce14e17d0
b936325c-573a-4e70-840a-e6900bad9739,98c6b0fb-7a67-4f35-9199-4a1168570d27
b936325c-573a-4e70-840a-e6900bad9739,60f0852f-28ff-4a66-a41e-ad05a854a115
b936325c-573a-4e70-840a-e6900bad9739,ac7743d5-0bdf-4c43-8580-e4cce14e17d0
8e3eea0a-c173-46dd-98fc-f45b617e5e40,98c6b0fb-7a67-4f35-9199-4a1168570d27
8e3eea0a-c173-46dd-98fc-f45b617e5e40,60f0852f-28ff-4a66-a41e-ad05a854a115
8e3eea0a-c173-46dd-98fc-f45b617e5e40,ac7743d5-0bdf-4c43-8580-e4cce14e17d0
c5992da1-d850-4722-a0e9-6d9d3e4ee49a,98c6b0fb-7a67-4f35-9199-4a1168570d27
c5992da1-d850-4722-a0e9-6d9d3e4ee49a,60f0852f-28ff-4a66-a41e-ad05a854a115
c5992da1-d850-4722-a0e9-6d9d3e4ee49a,ac7743d5-0bdf-4c43-8580-e4cce14e17d0
f831c31c-fad3-4d25-8891-11b4575c9cec,98c6b0fb-7a67-4f35-9199-4a1168570d27
f831c31c-fad3-4d25-8891-11b4575c9cec,60f0852f-28ff-4a66-a41e-ad05a854a115
f831c31c-fad3-4d25-8891-11b4575c9cec,ac7743d5-0bdf-4c43-8580-e4cce14e17d0
6f0bb776-a6d6-444d-b93b-eb273b8c87b9,98c6b0fb-7a67-4f35-9199-4a1168570d27
6f0bb776-a6d6-444d-b93b-eb273b8c87b9,60f0852f-28ff-4a66-a41e-ad05a854a115
6f0bb776-a6d6-444d-b93b-eb273b8c87b9,ac7743d5-0bdf-4c43-8580-e4cce14e17d0
3e966f1a-12f5-4b75-a334-2747b4996315,98c6b0fb-7a67-4f35-9199-4a1168570d27
3e966f1a-12f5-4b75-a334-2747b4996315,60f0852f-28ff-4a66-a41e-ad05a854a115
3e966f1a-12f5-4b75-a334-2747b4996315,ac7743d5-0bdf-4c43-8580-e4cce14e17d0
3e5cb5a5-be53-4dd9-a05e-5e06bb7a833d,58540220-5fcf-4695-832a-e2bb34dcafd7
3e5cb5a5-be53-4dd9-a05e-5e06bb7a833d,b0213f0d-8a65-4eec-ae0c-ac95d77b3a99
43ddd438-f919-4eba-a4cb-e28ae146f372,26750539-69bc-404f-817e-a47be055f83c
43ddd438-f919-4eba-a4cb-e28ae146f372,98c6b0fb-7a67-4f35-9199-4a1168570d27
8cb41481-9c7d-4837-86fd-63c1cbe338b1,98c6b0fb-7a67-4f35-9199-4a1168570d27
8cb41481-9c7d-4837-86fd-63c1cbe338b1,60f0852f-28ff-4a66-a41e-ad05a854a115
8cb41481-9c7d-4837-86fd-63c1cbe338b1,ac7743d5-0bdf-4c43-8580-e4cce14e17d0
6d4cb2ce-03a6-4967-9276-392a847fb377,26750539-69bc-404f-817e-a47be055f83c
6d4cb2ce-03a6-4967-9276-392a847fb377,98c6b0fb-7a67-4f35-9199-4a1168570d27
01d4a678-011f-4e29-a2fb-ad3b78df8c13,26750539-69bc-404f-817e-a47be055f83c
01d4a678-011f-4e29-a2fb-ad3b78df8c13,98c6b0fb-7a67-4f35-9199-4a1168570d27
e6f71b1b-433b-4297-9844-dbafb70168a8,26750539-69bc-404f-817e-a47be055f83c
e6f71b1b-433b-4297-9844-dbafb70168a8,98c6b0fb-7a67-4f35-9199-4a1168570d27
c602c5dc-d3da-4e48-b622-cff6af670511,98c6b0fb-7a67-4f35-9199-4a1168570d27
c602c5dc-d3da-4e48-b622-cff6af670511,60f0852f-28ff-4a66-a41e-ad05a854a115
c602c5dc-d3da-4e48-b622-cff6af670511,ac7743d5-0bdf-4c43-8580-e4cce14e17d0
e076ac61-17dc-41ab-b40f-c459f6ecb5b2,98c6b0fb-7a67-4f35-9199-4a1168570d27
e076ac61-17dc-41ab-b40f-c459f6ecb5b2,60f0852f-28ff-4a66-a41e-ad05a854a115
e076ac61-17dc-41ab-b40f-c459f6ecb5b2,ac7743d5-0bdf-4c43-8580-e4cce14e17d0
7b845eef-73ec-4ffe-a1b8-d514bbc111dc,98c6b0fb-7a67-4f35-9199-4a1168570d27
7b845eef-73ec-4ffe-a1b8-d514bbc111dc,60f0852f-28ff-4a66-a41e-ad05a854a115
7b845eef-73ec-4ffe-a1b8-d514bbc111dc,ac7743d5-0bdf-4c43-8580-e4cce14e17d0
066fe652-48d4-4dad-b23b-e34d37905276,98c6b0fb-7a67-4f35-9199-4a1168570d27
066fe652-48d4-4dad-b23b-e34d37905276,60f0852f-28ff-4a66-a41e-ad05a854a115
066fe652-48d4-4dad-b23b-e34d37905276,ac7743d5-0bdf-4c43-8580-e4cce14e17d0
44c111fe-d33c-4623-956b-c08c3c8290c5,b033fc38-128a-4173-93f5-8aad0c657e5d
44c111fe-d33c-4623-956b-c08c3c8290c5,21e84bbb-249d-4a79-88c9-8a6154b78b3c
44c111fe-d33c-4623-956b-c08c3c8290c5,ac7743d5-0bdf-4c43-8580-e4cce14e17d0
1829310b-226e-4b27-9a5d-3fe6358a2bb8,98c6b0fb-7a67-4f35-9199-4a1168570d27
1829310b-226e-4b27-9a5d-3fe6358a2bb8,60f0852f-28ff-4a66-a41e-ad05a854a115
1829310b-226e-4b27-9a5d-3fe6358a2bb8,ac7743d5-0bdf-4c43-8580-e4cce14e17d0
383f66c6-faef-4879-af0b-feded445c8a7,98c6b0fb-7a67-4f35-9199-4a1168570d27
383f66c6-faef-4879-af0b-feded445c8a7,60f0852f-28ff-4a66-a41e-ad05a854a115
383f66c6-faef-4879-af0b-feded445c8a7,ac7743d5-0bdf-4c43-8580-e4cce14e17d0
f4b21383-a59f-49d6-b482-c3c74f952105,16fca1ad-4c43-4dc2-9ad7-5cdcb10c40ca
f4b21383-a59f-49d6-b482-c3c74f952105,276ac8d4-61af-413d-bd66-a6d63143885e
f4b21383-a59f-49d6-b482-c3c74f952105,995a0b6b-16ea-4862-b579-a0b3de3e8816
f4b21383-a59f-49d6-b482-c3c74f952105,b7d42864-0bee-43b4-981e-335db6c31ba3
c55c2478-b65a-4507-9d4f-d65135b2adf3,98c6b0fb-7a67-4f35-9199-4a1168570d27
c55c2478-b65a-4507-9d4f-d65135b2adf3,60f0852f-28ff-4a66-a41e-ad05a854a115
c55c2478-b65a-4507-9d4f-d65135b2adf3,ac7743d5-0bdf-4c43-8580-e4cce14e17d0
de362853-39f2-4057-bdfd-3db0664c12e0,98c6b0fb-7a67-4f35-9199-4a1168570d27
de362853-39f2-4057-bdfd-3db0664c12e0,60f0852f-28ff-4a66-a41e-ad05a854a115
de362853-39f2-4057-bdfd-3db0664c12e0,ac7743d5-0bdf-4c43-8580-e4cce14e17d0
65ccbd60-3d50-4aa8-a069-550e045d0a39,98c6b0fb-7a67-4f35-9199-4a1168570d27
65ccbd60-3d50-4aa8-a069-550e045d0a39,60f0852f-28ff-4a66-a41e-ad05a854a115
65ccbd60-3d50-4aa8-a069-550e045d0a39,ac7743d5-0bdf-4c43-8580-e4cce14e17d0
40fdd13c-583e-4206-86af-a26592dfed7c,98c6b0fb-7a67-4f35-9199-4a1168570d27
40fdd13c-583e-4206-86af-a26592dfed7c,60f0852f-28ff-4a66-a41e-ad05a854a115
40fdd13c-583e-4206-86af-a26592dfed7c,ac7743d5-0bdf-4c43-8580-e4cce14e17d0
3583b4c1-ca63-4c5a-8e2f-34c77e941b35,98c6b0fb-7a67-4f35-9199-4a1168570d27
3583b4c1-ca63-4c5a-8e2f-34c77e941b35,60f0852f-28ff-4a66-a41e-ad05a854a115
3583b4c1-ca63-4c5a-8e2f-34c77e941b35,ac7743d5-0bdf-4c43-8580-e4cce14e17d0
131ccca4-bfb1-46fc-9947-92d7c7e27034,98c6b0fb-7a67-4f35-9199-4a1168570d27
131ccca4-bfb1-46fc-9947-92d7c7e27034,60f0852f-28ff-4a66-a41e-ad05a854a115
131ccca4-bfb1-46fc-9947-92d7c7e27034,ac7743d5-0bdf-4c43-8580-e4cce14e17d0
0e84802c-3cd5-442e-ad15-21bff0dbb250,2d77bec4-848b-41fb-ba44-6da45eba37bf
0e84802c-3cd5-442e-ad15-21bff0dbb250,3204add2-efc3-4945-bbac-a6fc946bcc88
d4d62cf4-4953-4fd4-a0d3-09156bc07c93,98c6b0fb-7a67-4f35-9199-4a1168570d27
d4d62cf4-4953-4fd4-a0d3-09156bc07c93,60f0852f-28ff-4a66-a41e-ad05a854a115
d4d62cf4-4953-4fd4-a0d3-09156bc07c93,ac7743d5-0bdf-4c43-8580-e4cce14e17d0
ca4c2912-a704-4fb7-83a3-e7c9aecce173,dc5b7276-072a-4c6b-85f0-f87f1bf9b940
ca4c2912-a704-4fb7-83a3-e7c9aecce173,52ddf391-8c08-4702-83d5-b63a2ab2de26
ca4c2912-a704-4fb7-83a3-e7c9aecce173,c25fc445-495d-4a47-a984-66d5d1fcaf70
ef5a53ea-ebcf-4bd7-a031-4b541040f8c1,36d925a9-41da-44a2-9b0b-36e176654e81
ef5a53ea-ebcf-4bd7-a031-4b541040f8c1,52ddf391-8c08-4702-83d5-b63a2ab2de26
ef5a53ea-ebcf-4bd7-a031-4b541040f8c1,c25fc445-495d-4a47-a984-66d5d1fcaf70
ef5a53ea-ebcf-4bd7-a031-4b541040f8c1,d35061b1-f32f-4436-9367-74dc590aaebf
ef5a53ea-ebcf-4bd7-a031-4b541040f8c1,64fba27f-98c5-4ce6-95b2-dc301e9291ce
ef5a53ea-ebcf-4bd7-a031-4b541040f8c1,ac7743d5-0bdf-4c43-8580-e4cce14e17d0
ef5a53ea-ebcf-4bd7-a031-4b541040f8c1,6caaa880-14bb-4cea-b818-259e80572699
c33d37ef-fe9b-4ff3-a995-65211da802ce,98c6b0fb-7a67-4f35-9199-4a1168570d27
c33d37ef-fe9b-4ff3-a995-65211da802ce,60f0852f-28ff-4a66-a41e-ad05a854a115
c33d37ef-fe9b-4ff3-a995-65211da802ce,ac7743d5-0bdf-4c43-8580-e4cce14e17d0
7c242590-476b-482c-84d9-0f84ef1596b9,dc5b7276-072a-4c6b-85f0-f87f1bf9b940
7c242590-476b-482c-84d9-0f84ef1596b9,be69510e-609f-45d7-aa44-5156467cbe81
7c242590-476b-482c-84d9-0f84ef1596b9,c3f192bc-6328-49e1-b84c-edebafcd01f3
7c242590-476b-482c-84d9-0f84ef1596b9,c530d761-acdb-4f0e-881d-4db4e75cc8df
7c242590-476b-482c-84d9-0f84ef1596b9,5b7c38ae-b393-4464-b10e-e1925ae0cfc5
7c242590-476b-482c-84d9-0f84ef1596b9,ac7743d5-0bdf-4c43-8580-e4cce14e17d0
92b8ad52-e882-4687-a43a-733612d5ea70,5a3b76f5-ce49-449a-83b1-a232fa47cc3b
92b8ad52-e882-4687-a43a-733612d5ea70,cf70977c-8cb7-4105-8a8a-e87c5ff1eb48
92b8ad52-e882-4687-a43a-733612d5ea70,5cfaf8cf-5821-40c1-a3f9-b84971fd23da
92b8ad52-e882-4687-a43a-733612d5ea70,7ed0bde3-3a1e-4db7-96f2-e76b2bff86af
92b8ad52-e882-4687-a43a-733612d5ea70,af31930e-2879-4c1b-9b0d-300e6c142fdb
92b8ad52-e882-4687-a43a-733612d5ea70,202e551c-24e6-42b9-b3e8-a7a4d1196bfd
92b8ad52-e882-4687-a43a-733612d5ea70,ac7743d5-0bdf-4c43-8580-e4cce14e17d0
d7da9086-f95b-4eb6-b267-b82806e1e4e7,5a3b76f5-ce49-449a-83b1-a232fa47cc3b
d7da9086-f95b-4eb6-b267-b82806e1e4e7,cf70977c-8cb7-4105-8a8a-e87c5ff1eb48
d7da9086-f95b-4eb6-b267-b82806e1e4e7,5cfaf8cf-5821-40c1-a3f9-b84971fd23da
d7da9086-f95b-4eb6-b267-b82806e1e4e7,7ed0bde3-3a1e-4db7-96f2-e76b2bff86af
d7da9086-f95b-4eb6-b267-b82806e1e4e7,af31930e-2879-4c1b-9b0d-300e6c142fdb
d7da9086-f95b-4eb6-b267-b82806e1e4e7,202e551c-24e6-42b9-b3e8-a7a4d1196bfd
d7da9086-f95b-4eb6-b267-b82806e1e4e7,ac7743d5-0bdf-4c43-8580-e4cce14e17d0
20f96f7b-79b3-42b6-9239-2229bc71e257,26750539-69bc-404f-817e-a47be055f83c
20f96f7b-79b3-42b6-9239-2229bc71e257,98c6b0fb-7a67-4f35-9199-4a1168570d27
20f96f7b-79b3-42b6-9239-2229bc71e257,ac7743d5-0bdf-4c43-8580-e4cce14e17d0
2ef216d7-f8b8-4e76-b57a-887e02ee0577,26750539-69bc-404f-817e-a47be055f83c
2ef216d7-f8b8-4e76-b57a-887e02ee0577,98c6b0fb-7a67-4f35-9199-4a1168570d27
2ef216d7-f8b8-4e76-b57a-887e02ee0577,ac7743d5-0bdf-4c43-8580-e4cce14e17d0
7be8cb3e-8e44-4e84-9d6f-3122e67b94dd,26750539-69bc-404f-817e-a47be055f83c
7be8cb3e-8e44-4e84-9d6f-3122e67b94dd,98c6b0fb-7a67-4f35-9199-4a1168570d27
7be8cb3e-8e44-4e84-9d6f-3122e67b94dd,ac7743d5-0bdf-4c43-8580-e4cce14e17d0
7d9cc5ba-b1c1-4143-9cf1-631c88673e55,98c6b0fb-7a67-4f35-9199-4a1168570d27
7d9cc5ba-b1c1-4143-9cf1-631c88673e55,60f0852f-28ff-4a66-a41e-ad05a854a115
7d9cc5ba-b1c1-4143-9cf1-631c88673e55,ac7743d5-0bdf-4c43-8580-e4cce14e17d0
398967d9-6b7d-4bc5-af69-108adecf3497,98c6b0fb-7a67-4f35-9199-4a1168570d27
398967d9-6b7d-4bc5-af69-108adecf3497,60f0852f-28ff-4a66-a41e-ad05a854a115
398967d9-6b7d-4bc5-af69-108adecf3497,ac7743d5-0bdf-4c43-8580-e4cce14e17d0
9f68fc9f-ef45-49ba-8a11-37c3a260e1a4,98c6b0fb-7a67-4f35-9199-4a1168570d27
9f68fc9f-ef45-49ba-8a11-37c3a260e1a4,60f0852f-28ff-4a66-a41e-ad05a854a115
9f68fc9f-ef45-49ba-8a11-37c3a260e1a4,ac7743d5-0bdf-4c43-8580-e4cce14e17d0
8a9a94c2-a17f-4352-a96e-191b6d0c0428,98c6b0fb-7a67-4f35-9199-4a1168570d27
8a9a94c2-a17f-4352-a96e-191b6d0c0428,60f0852f-28ff-4a66-a41e-ad05a854a115
8a9a94c2-a17f-4352-a96e-191b6d0c0428,ac7743d5-0bdf-4c43-8580-e4cce14e17d0
b23c33f7-ca29-4406-a019-40c63eda60a2,6e032ea4-7b63-467d-a70e-b37d89d995ff
b23c33f7-ca29-4406-a019-40c63eda60a2,f17fed41-6cca-4803-8eec-48c90bcdbbee
b23c33f7-ca29-4406-a019-40c63eda60a2,2a479157-a946-4ac3-b00e-25939f8af870
17a432fc-fc3a-4d6c-a9f4-be6eb7502cfe,26750539-69bc-404f-817e-a47be055f83c
17a432fc-fc3a-4d6c-a9f4-be6eb7502cfe,98c6b0fb-7a67-4f35-9199-4a1168570d27
ee8d0fb9-6977-4c54-8071-ab417448c59e,83b2f57c-29ce-4aa4-9a74-98ed2810a79f
ee8d0fb9-6977-4c54-8071-ab417448c59e,262b0408-8758-4765-8ced-412b6d4e29c3
ee8d0fb9-6977-4c54-8071-ab417448c59e,bdd5709e-6e7e-4e60-8464-eaac00786823
fd2373a4-abcb-42f9-81a8-d5ee74617601,98c6b0fb-7a67-4f35-9199-4a1168570d27
fd2373a4-abcb-42f9-81a8-d5ee74617601,60f0852f-28ff-4a66-a41e-ad05a854a115
fd2373a4-abcb-42f9-81a8-d5ee74617601,ac7743d5-0bdf-4c43-8580-e4cce14e17d0
dc5008f9-76da-4ca7-a811-df631feaae45,98c6b0fb-7a67-4f35-9199-4a1168570d27
dc5008f9-76da-4ca7-a811-df631feaae45,60f0852f-28ff-4a66-a41e-ad05a854a115
dc5008f9-76da-4ca7-a811-df631feaae45,ac7743d5-0bdf-4c43-8580-e4cce14e17d0
30620bed-ba60-4cfe-8f02-9a02bec65b46,98c6b0fb-7a67-4f35-9199-4a1168570d27
30620bed-ba60-4cfe-8f02-9a02bec65b46,60f0852f-28ff-4a66-a41e-ad05a854a115
30620bed-ba60-4cfe-8f02-9a02bec65b46,ac7743d5-0bdf-4c43-8580-e4cce14e17d0
5a4c9a1e-12d0-4167-926d-322131e4bbce,98c6b0fb-7a67-4f35-9199-4a1168570d27
5a4c9a1e-12d0-4167-926d-322131e4bbce,60f0852f-28ff-4a66-a41e-ad05a854a115
5a4c9a1e-12d0-4167-926d-322131e4bbce,ac7743d5-0bdf-4c43-8580-e4cce14e17d0
64b65553-6bc0-4c43-b0f5-0618601cacb0,98c6b0fb-7a67-4f35-9199-4a1168570d27
64b65553-6bc0-4c43-b0f5-0618601cacb0,60f0852f-28ff-4a66-a41e-ad05a854a115
64b65553-6bc0-4c43-b0f5-0618601cacb0,ac7743d5-0bdf-4c43-8580-e4cce14e17d0
cc81d6b6-a6d9-4c8b-bb88-8bd2dc520dbb,98c6b0fb-7a67-4f35-9199-4a1168570d27
cc81d6b6-a6d9-4c8b-bb88-8bd2dc520dbb,60f0852f-28ff-4a66-a41e-ad05a854a115
cc81d6b6-a6d9-4c8b-bb88-8bd2dc520dbb,ac7743d5-0bdf-4c43-8580-e4cce14e17d0
8be6b31a-faea-486a-a414-c0d7a3906775,26750539-69bc-404f-817e-a47be055f83c
8be6b31a-faea-486a-a414-c0d7a3906775,98c6b0fb-7a67-4f35-9199-4a1168570d27
a559c2cc-d1a2-4d14-8a9c-156dfd535ad0,26750539-69bc-404f-817e-a47be055f83c
a559c2cc-d1a2-4d14-8a9c-156dfd535ad0,98c6b0fb-7a67-4f35-9199-4a1168570d27
54aee80d-fdef-4110-b3f7-d96f99e3e8bb,26750539-69bc-404f-817e-a47be055f83c
54aee80d-fdef-4110-b3f7-d96f99e3e8bb,98c6b0fb-7a67-4f35-9199-4a1168570d27
d0bf80b7-e587-4bb3-9d70-b2ae7fe4e863,26750539-69bc-404f-817e-a47be055f83c
d0bf80b7-e587-4bb3-9d70-b2ae7fe4e863,98c6b0fb-7a67-4f35-9199-4a1168570d27
7a3f740a-5578-479a-9b5e-e75f84bcec9b,98c6b0fb-7a67-4f35-9199-4a1168570d27
7a3f740a-5578-479a-9b5e-e75f84bcec9b,60f0852f-28ff-4a66-a41e-ad05a854a115
7a3f740a-5578-479a-9b5e-e75f84bcec9b,ac7743d5-0bdf-4c43-8580-e4cce14e17d0
53102b27-320d-4ca0-977e-5b852e849abf,98c6b0fb-7a67-4f35-9199-4a1168570d27
53102b27-320d-4ca0-977e-5b852e849abf,60f0852f-28ff-4a66-a41e-ad05a854a115
53102b27-320d-4ca0-977e-5b852e849abf,ac7743d5-0bdf-4c43-8580-e4cce14e17d0
81aa26be-e814-4d5e-ac36-5382532eb84e,d90622bb-8cea-492b-b6de-2c7ac3a4bd50
81aa26be-e814-4d5e-ac36-5382532eb84e,6e032ea4-7b63-467d-a70e-b37d89d995ff
81aa26be-e814-4d5e-ac36-5382532eb84e,e8a79df1-4a74-45ca-9759-30b5d4b89f1f
81aa26be-e814-4d5e-ac36-5382532eb84e,adf4b501-7b09-4ac1-b427-4a5f619771ec
81aa26be-e814-4d5e-ac36-5382532eb84e,d3ed5f79-39da-4db4-82c4-c258574b004d
81aa26be-e814-4d5e-ac36-5382532eb84e,ac7743d5-0bdf-4c43-8580-e4cce14e17d0
0400687d-d963-4c23-b4c8-52bffc57c4d7,9f4fcd0d-aeae-4ba6-999f-95418542f772
0400687d-d963-4c23-b4c8-52bffc57c4d7,6b6526e7-d971-4877-9cbf-b34555c1d4a5
0400687d-d963-4c23-b4c8-52bffc57c4d7,a594180e-34df-48ec-83b3-5039e06c09a3
18b5249a-6a37-4cd5-beb4-772bab2c3c0c,98c6b0fb-7a67-4f35-9199-4a1168570d27
18b5249a-6a37-4cd5-beb4-772bab2c3c0c,60f0852f-28ff-4a66-a41e-ad05a854a115
18b5249a-6a37-4cd5-beb4-772bab2c3c0c,ac7743d5-0bdf-4c43-8580-e4cce14e17d0
9e2fbb1f-0e83-4834-b4d8-19104dda453d,16fca1ad-4c43-4dc2-9ad7-5cdcb10c40ca
9e2fbb1f-0e83-4834-b4d8-19104dda453d,276ac8d4-61af-413d-bd66-a6d63143885e
9e2fbb1f-0e83-4834-b4d8-19104dda453d,e273e5dc-8f1f-44ff-9f06-1652361f47be
540ea8d8-b21c-4f5c-945f-04f23d2b6b52,98c6b0fb-7a67-4f35-9199-4a1168570d27
540ea8d8-b21c-4f5c-945f-04f23d2b6b52,60f0852f-28ff-4a66-a41e-ad05a854a115
540ea8d8-b21c-4f5c-945f-04f23d2b6b52,ac7743d5-0bdf-4c43-8580-e4cce14e17d0
c7900877-de40-4e77-af2b-379f77491cb0,98c6b0fb-7a67-4f35-9199-4a1168570d27
c7900877-de40-4e77-af2b-379f77491cb0,60f0852f-28ff-4a66-a41e-ad05a854a115
c7900877-de40-4e77-af2b-379f77491cb0,ac7743d5-0bdf-4c43-8580-e4cce14e17d0
7151f49d-0e89-4b95-b97d-757f482d9aae,98c6b0fb-7a67-4f35-9199-4a1168570d27
7151f49d-0e89-4b95-b97d-757f482d9aae,60f0852f-28ff-4a66-a41e-ad05a854a115
7151f49d-0e89-4b95-b97d-757f482d9aae,ac7743d5-0bdf-4c43-8580-e4cce14e17d0
59346bf8-5f53-45be-996b-f0e9e589f4f4,98c6b0fb-7a67-4f35-9199-4a1168570d27
59346bf8-5f53-45be-996b-f0e9e589f4f4,60f0852f-28ff-4a66-a41e-ad05a854a115
59346bf8-5f53-45be-996b-f0e9e589f4f4,ac7743d5-0bdf-4c43-8580-e4cce14e17d0
e4d127b6-8382-4cea-b87e-45f92c77ca17,d90622bb-8cea-492b-b6de-2c7ac3a4bd50
e4d127b6-8382-4cea-b87e-45f92c77ca17,6e032ea4-7b63-467d-a70e-b37d89d995ff
e4d127b6-8382-4cea-b87e-45f92c77ca17,e8a79df1-4a74-45ca-9759-30b5d4b89f1f
e4d127b6-8382-4cea-b87e-45f92c77ca17,adf4b501-7b09-4ac1-b427-4a5f619771ec
e4d127b6-8382-4cea-b87e-45f92c77ca17,d3ed5f79-39da-4db4-82c4-c258574b004d
e4d127b6-8382-4cea-b87e-45f92c77ca17,ac7743d5-0bdf-4c43-8580-e4cce14e17d0
d41222a0-2be6-4a41-afa1-240010c47917,98c6b0fb-7a67-4f35-9199-4a1168570d27
d41222a0-2be6-4a41-afa1-240010c47917,60f0852f-28ff-4a66-a41e-ad05a854a115
d41222a0-2be6-4a41-afa1-240010c47917,ac7743d5-0bdf-4c43-8580-e4cce14e17d0
f69254b0-eabf-4903-8727-5ae79d5cb7bb,d90622bb-8cea-492b-b6de-2c7ac3a4bd50
f69254b0-eabf-4903-8727-5ae79d5cb7bb,6e032ea4-7b63-467d-a70e-b37d89d995ff
f69254b0-eabf-4903-8727-5ae79d5cb7bb,e8a79df1-4a74-45ca-9759-30b5d4b89f1f
f69254b0-eabf-4903-8727-5ae79d5cb7bb,adf4b501-7b09-4ac1-b427-4a5f619771ec
f69254b0-eabf-4903-8727-5ae79d5cb7bb,d3ed5f79-39da-4db4-82c4-c258574b004d
f69254b0-eabf-4903-8727-5ae79d5cb7bb,ac7743d5-0bdf-4c43-8580-e4cce14e17d0
8cc7b29c-e496-450d-8517-c4c5ec38e179,98c6b0fb-7a67-4f35-9199-4a1168570d27
8cc7b29c-e496-450d-8517-c4c5ec38e179,60f0852f-28ff-4a66-a41e-ad05a854a115
8cc7b29c-e496-450d-8517-c4c5ec38e179,ac7743d5-0bdf-4c43-8580-e4cce14e17d0
219fc688-e0dc-42be-a68c-b7b04392d640,98c6b0fb-7a67-4f35-9199-4a1168570d27
219fc688-e0dc-42be-a68c-b7b04392d640,60f0852f-28ff-4a66-a41e-ad05a854a115
219fc688-e0dc-42be-a68c-b7b04392d640,ac7743d5-0bdf-4c43-8580-e4cce14e17d0
1f7aef58-09e0-440d-a3d6-37ed1937eb49,98c6b0fb-7a67-4f35-9199-4a1168570d27
1f7aef58-09e0-440d-a3d6-37ed1937eb49,60f0852f-28ff-4a66-a41e-ad05a854a115
1f7aef58-09e0-440d-a3d6-37ed1937eb49,ac7743d5-0bdf-4c43-8580-e4cce14e17d0
146169f2-6d06-4b98-968a-192ae0309569,98c6b0fb-7a67-4f35-9199-4a1168570d27
146169f2-6d06-4b98-968a-192ae0309569,60f0852f-28ff-4a66-a41e-ad05a854a115
146169f2-6d06-4b98-968a-192ae0309569,ac7743d5-0bdf-4c43-8580-e4cce14e17d0
cac6d07a-f102-49f3-a077-2d9544c49291,434a550c-10d6-436c-86f3-e304f2b88c6d
cac6d07a-f102-49f3-a077-2d9544c49291,438b1462-8ab9-4028-b203-6eb3a27bf807
cac6d07a-f102-49f3-a077-2d9544c49291,7c50b60c-4704-4351-8556-e105e31043e6
cac6d07a-f102-49f3-a077-2d9544c49291,b7dc626f-0719-4a34-8ae1-755683fb1e40
cac6d07a-f102-49f3-a077-2d9544c49291,bb5bbc58-1ff5-4251-b2ba-abcf763312c9
cac6d07a-f102-49f3-a077-2d9544c49291,31fbcf2b-8252-4a1c-90cc-c98b95a8fc78
cac6d07a-f102-49f3-a077-2d9544c49291,45b0ed3f-e664-48a6-9f21-363bcaa9877e
565b02e8-ee9e-44f6-8eb8-96e7d733cbbc,98c6b0fb-7a67-4f35-9199-4a1168570d27
565b02e8-ee9e-44f6-8eb8-96e7d733cbbc,60f0852f-28ff-4a66-a41e-ad05a854a115
565b02e8-ee9e-44f6-8eb8-96e7d733cbbc,ac7743d5-0bdf-4c43-8580-e4cce14e17d0
b5020067-cb94-417d-9635-68aa3d7fd35a,98c6b0fb-7a67-4f35-9199-4a1168570d27
b5020067-cb94-417d-9635-68aa3d7fd35a,60f0852f-28ff-4a66-a41e-ad05a854a115
b5020067-cb94-417d-9635-68aa3d7fd35a,ac7743d5-0bdf-4c43-8580-e4cce14e17d0
f63fbe6f-3662-44fb-ad8c-ad61271e1c2f,98c6b0fb-7a67-4f35-9199-4a1168570d27
f63fbe6f-3662-44fb-ad8c-ad61271e1c2f,60f0852f-28ff-4a66-a41e-ad05a854a115
f63fbe6f-3662-44fb-ad8c-ad61271e1c2f,ac7743d5-0bdf-4c43-8580-e4cce14e17d0
d56db6bf-54c7-47da-904e-61e6785dcb11,98c6b0fb-7a67-4f35-9199-4a1168570d27
d56db6bf-54c7-47da-904e-61e6785dcb11,60f0852f-28ff-4a66-a41e-ad05a854a115
d56db6bf-54c7-47da-904e-61e6785dcb11,ac7743d5-0bdf-4c43-8580-e4cce14e17d0
5c9c52ac-85d1-40a9-8941-b19981d23a3b,98c6b0fb-7a67-4f35-9199-4a1168570d27
5c9c52ac-85d1-40a9-8941-b19981d23a3b,60f0852f-28ff-4a66-a41e-ad05a854a115
5c9c52ac-85d1-40a9-8941-b19981d23a3b,ac7743d5-0bdf-4c43-8580-e4cce14e17d0
8c1d9b13-0124-47dc-9c43-e7c7aabe9a8b,d90622bb-8cea-492b-b6de-2c7ac3a4bd50
8c1d9b13-0124-47dc-9c43-e7c7aabe9a8b,6e032ea4-7b63-467d-a70e-b37d89d995ff
8c1d9b13-0124-47dc-9c43-e7c7aabe9a8b,e99bdf9d-3cea-4516-a2e3-04e0c2d5e975
8c1d9b13-0124-47dc-9c43-e7c7aabe9a8b,2698bf8f-b966-4595-8ab9-d723e3199202
8c1d9b13-0124-47dc-9c43-e7c7aabe9a8b,997f84d8-1f06-4e10-8543-95c72297b492
8c1d9b13-0124-47dc-9c43-e7c7aabe9a8b,ac7743d5-0bdf-4c43-8580-e4cce14e17d0
7576cdcd-3460-45f9-bc34-9aae91a4d9bf,26750539-69bc-404f-817e-a47be055f83c
7576cdcd-3460-45f9-bc34-9aae91a4d9bf,98c6b0fb-7a67-4f35-9199-4a1168570d27
7576cdcd-3460-45f9-bc34-9aae91a4d9bf,ac7743d5-0bdf-4c43-8580-e4cce14e17d0
aa6fd308-ca60-42f8-a3d7-a2a24f1e811c,98c6b0fb-7a67-4f35-9199-4a1168570d27
aa6fd308-ca60-42f8-a3d7-a2a24f1e811c,60f0852f-28ff-4a66-a41e-ad05a854a115
aa6fd308-ca60-42f8-a3d7-a2a24f1e811c,ac7743d5-0bdf-4c43-8580-e4cce14e17d0
c9516287-77ad-45fb-b252-c508cd40488e,98c6b0fb-7a67-4f35-9199-4a1168570d27
c9516287-77ad-45fb-b252-c508cd40488e,60f0852f-28ff-4a66-a41e-ad05a854a115
c9516287-77ad-45fb-b252-c508cd40488e,ac7743d5-0bdf-4c43-8580-e4cce14e17d0
6e56216a-ff12-4747-9918-ca3cb95ca106,98c6b0fb-7a67-4f35-9199-4a1168570d27
6e56216a-ff12-4747-9918-ca3cb95ca106,60f0852f-28ff-4a66-a41e-ad05a854a115
6e56216a-ff12-4747-9918-ca3cb95ca106,ac7743d5-0bdf-4c43-8580-e4cce14e17d0
2f3effae-24b6-418a-972a-ffc8eadd202a,6e032ea4-7b63-467d-a70e-b37d89d995ff
2f3effae-24b6-418a-972a-ffc8eadd202a,9c667160-6a33-401b-b9ed-ea988c24282e
2f3effae-24b6-418a-972a-ffc8eadd202a,eaa0a967-27dc-4e97-a001-9e059ccd4372
2f3effae-24b6-418a-972a-ffc8eadd202a,4fbed123-62ce-44d3-95a2-a2965136c067
2f3effae-24b6-418a-972a-ffc8eadd202a,3783e9bc-33f9-4bc8-8d2a-bad480b199af
2f3effae-24b6-418a-972a-ffc8eadd202a,ac7743d5-0bdf-4c43-8580-e4cce14e17d0
5b382a8b-82cf-4aa7-b430-86614e2eae63,98c6b0fb-7a67-4f35-9199-4a1168570d27
5b382a8b-82cf-4aa7-b430-86614e2eae63,60f0852f-28ff-4a66-a41e-ad05a854a115
5b382a8b-82cf-4aa7-b430-86614e2eae63,ac7743d5-0bdf-4c43-8580-e4cce14e17d0
6f74b401-9a84-4958-a474-67d5aca0690b,6e032ea4-7b63-467d-a70e-b37d89d995ff
6f74b401-9a84-4958-a474-67d5aca0690b,f17fed41-6cca-4803-8eec-48c90bcdbbee
6f74b401-9a84-4958-a474-67d5aca0690b,2a479157-a946-4ac3-b00e-25939f8af870
6f0ae6fd-2dae-49e3-ac0f-16581ed5ef19,26750539-69bc-404f-817e-a47be055f83c
b9bcbfbc-ca97-4062-8ebb-f9552c2b954e,26750539-69bc-404f-817e-a47be055f83c
b9bcbfbc-ca97-4062-8ebb-f9552c2b954e,98c6b0fb-7a67-4f35-9199-4a1168570d27
1fadbf55-770c-4317-b071-ee7fc586ef08,83b2f57c-29ce-4aa4-9a74-98ed2810a79f
1fadbf55-770c-4317-b071-ee7fc586ef08,262b0408-8758-4765-8ced-412b6d4e29c3
1fadbf55-770c-4317-b071-ee7fc586ef08,bdd5709e-6e7e-4e60-8464-eaac00786823
fc5964a0-48a1-49ce-8dd6-f66b699cfb1e,98c6b0fb-7a67-4f35-9199-4a1168570d27
fc5964a0-48a1-49ce-8dd6-f66b699cfb1e,60f0852f-28ff-4a66-a41e-ad05a854a115
fc5964a0-48a1-49ce-8dd6-f66b699cfb1e,ac7743d5-0bdf-4c43-8580-e4cce14e17d0
c85df909-7734-45fe-b617-a73154994736,98c6b0fb-7a67-4f35-9199-4a1168570d27
c85df909-7734-45fe-b617-a73154994736,60f0852f-28ff-4a66-a41e-ad05a854a115
c85df909-7734-45fe-b617-a73154994736,ac7743d5-0bdf-4c43-8580-e4cce14e17d0
3f711a42-346a-4f16-975c-5478fdc5b55e,98c6b0fb-7a67-4f35-9199-4a1168570d27
3f711a42-346a-4f16-975c-5478fdc5b55e,60f0852f-28ff-4a66-a41e-ad05a854a115
3f711a42-346a-4f16-975c-5478fdc5b55e,ac7743d5-0bdf-4c43-8580-e4cce14e17d0
e5889bbf-1d44-4d6e-8155-c70990856bab,98c6b0fb-7a67-4f35-9199-4a1168570d27
e5889bbf-1d44-4d6e-8155-c70990856bab,60f0852f-28ff-4a66-a41e-ad05a854a115
e5889bbf-1d44-4d6e-8155-c70990856bab,ac7743d5-0bdf-4c43-8580-e4cce14e17d0
bceab92e-56d7-4961-94e2-9a1247c2338b,98c6b0fb-7a67-4f35-9199-4a1168570d27
bceab92e-56d7-4961-94e2-9a1247c2338b,60f0852f-28ff-4a66-a41e-ad05a854a115
bceab92e-56d7-4961-94e2-9a1247c2338b,ac7743d5-0bdf-4c43-8580-e4cce14e17d0
18288eb4-8418-4799-b8da-4c2da694e414,98c6b0fb-7a67-4f35-9199-4a1168570d27
18288eb4-8418-4799-b8da-4c2da694e414,60f0852f-28ff-4a66-a41e-ad05a854a115
18288eb4-8418-4799-b8da-4c2da694e414,ac7743d5-0bdf-4c43-8580-e4cce14e17d0
a778166f-9ede-4fe8-85b2-cc0ac4794f66,98c6b0fb-7a67-4f35-9199-4a1168570d27
a778166f-9ede-4fe8-85b2-cc0ac4794f66,60f0852f-28ff-4a66-a41e-ad05a854a115
a778166f-9ede-4fe8-85b2-cc0ac4794f66,ac7743d5-0bdf-4c43-8580-e4cce14e17d0
925ec74b-9892-4a41-9242-c8a1604f096d,26750539-69bc-404f-817e-a47be055f83c
925ec74b-9892-4a41-9242-c8a1604f096d,98c6b0fb-7a67-4f35-9199-4a1168570d27
5ccd8679-1885-4c83-a02f-0bb2d44fcfcd,26750539-69bc-404f-817e-a47be055f83c
5ccd8679-1885-4c83-a02f-0bb2d44fcfcd,98c6b0fb-7a67-4f35-9199-4a1168570d27
ad8d873c-62f2-4924-b33b-270d90806883,26750539-69bc-404f-817e-a47be055f83c
ad8d873c-62f2-4924-b33b-270d90806883,98c6b0fb-7a67-4f35-9199-4a1168570d27
b181d14f-3400-4370-9fb3-cda2237b4201,26750539-69bc-404f-817e-a47be055f83c
b181d14f-3400-4370-9fb3-cda2237b4201,98c6b0fb-7a67-4f35-9199-4a1168570d27
ac5b07d0-be51-4a91-a363-229bc0b63299,98c6b0fb-7a67-4f35-9199-4a1168570d27
ac5b07d0-be51-4a91-a363-229bc0b63299,60f0852f-28ff-4a66-a41e-ad05a854a115
ac5b07d0-be51-4a91-a363-229bc0b63299,ac7743d5-0bdf-4c43-8580-e4cce14e17d0
02481ed4-ced7-4501-8cee-7375e110d51a,98c6b0fb-7a67-4f35-9199-4a1168570d27
02481ed4-ced7-4501-8cee-7375e110d51a,60f0852f-28ff-4a66-a41e-ad05a854a115
02481ed4-ced7-4501-8cee-7375e110d51a,ac7743d5-0bdf-4c43-8580-e4cce14e17d0
31d68693-7fe9-4f3a-9a87-91f26c003800,d90622bb-8cea-492b-b6de-2c7ac3a4bd50
31d68693-7fe9-4f3a-9a87-91f26c003800,6e032ea4-7b63-467d-a70e-b37d89d995ff
31d68693-7fe9-4f3a-9a87-91f26c003800,e8a79df1-4a74-45ca-9759-30b5d4b89f1f
31d68693-7fe9-4f3a-9a87-91f26c003800,adf4b501-7b09-4ac1-b427-4a5f619771ec
31d68693-7fe9-4f3a-9a87-91f26c003800,d3ed5f79-39da-4db4-82c4-c258574b004d
31d68693-7fe9-4f3a-9a87-91f26c003800,ac7743d5-0bdf-4c43-8580-e4cce14e17d0
950baaa5-d867-4852-b872-7a33dc6f5451,98c6b0fb-7a67-4f35-9199-4a1168570d27
950baaa5-d867-4852-b872-7a33dc6f5451,60f0852f-28ff-4a66-a41e-ad05a854a115
950baaa5-d867-4852-b872-7a33dc6f5451,ac7743d5-0bdf-4c43-8580-e4cce14e17d0
6013db0c-ee76-478c-ba9a-cb3664855e73,16fca1ad-4c43-4dc2-9ad7-5cdcb10c40ca
6013db0c-ee76-478c-ba9a-cb3664855e73,276ac8d4-61af-413d-bd66-a6d63143885e
6013db0c-ee76-478c-ba9a-cb3664855e73,e273e5dc-8f1f-44ff-9f06-1652361f47be
89414bf8-8c3c-444b-8009-041e43fce05c,98c6b0fb-7a67-4f35-9199-4a1168570d27
89414bf8-8c3c-444b-8009-041e43fce05c,60f0852f-28ff-4a66-a41e-ad05a854a115
89414bf8-8c3c-444b-8009-041e43fce05c,ac7743d5-0bdf-4c43-8580-e4cce14e17d0
5a99dbca-b66a-4918-b804-5ef216fa214a,98c6b0fb-7a67-4f35-9199-4a1168570d27
5a99dbca-b66a-4918-b804-5ef216fa214a,60f0852f-28ff-4a66-a41e-ad05a854a115
5a99dbca-b66a-4918-b804-5ef216fa214a,ac7743d5-0bdf-4c43-8580-e4cce14e17d0
600fb0e4-cfda-4b24-911f-2ecea845adb1,98c6b0fb-7a67-4f35-9199-4a1168570d27
600fb0e4-cfda-4b24-911f-2ecea845adb1,60f0852f-28ff-4a66-a41e-ad05a854a115
600fb0e4-cfda-4b24-911f-2ecea845adb1,ac7743d5-0bdf-4c43-8580-e4cce14e17d0
70ce87e4-b89c-41df-98c2-7b332a8deb31,98c6b0fb-7a67-4f35-9199-4a1168570d27
70ce87e4-b89c-41df-98c2-7b332a8deb31,60f0852f-28ff-4a66-a41e-ad05a854a115
70ce87e4-b89c-41df-98c2-7b332a8deb31,ac7743d5-0bdf-4c43-8580-e4cce14e17d0
b57f38f9-3371-45f5-9c0e-beaae3595fa9,d90622bb-8cea-492b-b6de-2c7ac3a4bd50
b57f38f9-3371-45f5-9c0e-beaae3595fa9,6e032ea4-7b63-467d-a70e-b37d89d995ff
b57f38f9-3371-45f5-9c0e-beaae3595fa9,e8a79df1-4a74-45ca-9759-30b5d4b89f1f
b57f38f9-3371-45f5-9c0e-beaae3595fa9,adf4b501-7b09-4ac1-b427-4a5f619771ec
b57f38f9-3371-45f5-9c0e-beaae3595fa9,d3ed5f79-39da-4db4-82c4-c258574b004d
b57f38f9-3371-45f5-9c0e-beaae3595fa9,ac7743d5-0bdf-4c43-8580-e4cce14e17d0
5c092ba4-e79e-47fb-a13a-3eface8cf36b,98c6b0fb-7a67-4f35-9199-4a1168570d27
5c092ba4-e79e-47fb-a13a-3eface8cf36b,60f0852f-28ff-4a66-a41e-ad05a854a115
5c092ba4-e79e-47fb-a13a-3eface8cf36b,ac7743d5-0bdf-4c43-8580-e4cce14e17d0
6dd004d3-06fb-4c87-8fdf-25b3aa3d497e,d90622bb-8cea-492b-b6de-2c7ac3a4bd50
6dd004d3-06fb-4c87-8fdf-25b3aa3d497e,6e032ea4-7b63-467d-a70e-b37d89d995ff
6dd004d3-06fb-4c87-8fdf-25b3aa3d497e,e8a79df1-4a74-45ca-9759-30b5d4b89f1f
6dd004d3-06fb-4c87-8fdf-25b3aa3d497e,adf4b501-7b09-4ac1-b427-4a5f619771ec
6dd004d3-06fb-4c87-8fdf-25b3aa3d497e,d3ed5f79-39da-4db4-82c4-c258574b004d
6dd004d3-06fb-4c87-8fdf-25b3aa3d497e,ac7743d5-0bdf-4c43-8580-e4cce14e17d0
950541b3-ef27-4734-8e76-3faa7304627c,98c6b0fb-7a67-4f35-9199-4a1168570d27
950541b3-ef27-4734-8e76-3faa7304627c,60f0852f-28ff-4a66-a41e-ad05a854a115
950541b3-ef27-4734-8e76-3faa7304627c,ac7743d5-0bdf-4c43-8580-e4cce14e17d0
598b7d70-8c0a-4b73-9b55-f960468b35e0,98c6b0fb-7a67-4f35-9199-4a1168570d27
598b7d70-8c0a-4b73-9b55-f960468b35e0,60f0852f-28ff-4a66-a41e-ad05a854a115
598b7d70-8c0a-4b73-9b55-f960468b35e0,ac7743d5-0bdf-4c43-8580-e4cce14e17d0
58193de5-fbe9-424e-b3e4-de352d6fe428,98c6b0fb-7a67-4f35-9199-4a1168570d27
58193de5-fbe9-424e-b3e4-de352d6fe428,60f0852f-28ff-4a66-a41e-ad05a854a115
58193de5-fbe9-424e-b3e4-de352d6fe428,ac7743d5-0bdf-4c43-8580-e4cce14e17d0
6d9fe8f1-5316-4657-a46f-66c2bd736cf3,98c6b0fb-7a67-4f35-9199-4a1168570d27
6d9fe8f1-5316-4657-a46f-66c2bd736cf3,60f0852f-28ff-4a66-a41e-ad05a854a115
6d9fe8f1-5316-4657-a46f-66c2bd736cf3,ac7743d5-0bdf-4c43-8580-e4cce14e17d0
73c1551b-9016-40d7-b75b-cb7057f8dbee,98c6b0fb-7a67-4f35-9199-4a1168570d27
73c1551b-9016-40d7-b75b-cb7057f8dbee,60f0852f-28ff-4a66-a41e-ad05a854a115
73c1551b-9016-40d7-b75b-cb7057f8dbee,ac7743d5-0bdf-4c43-8580-e4cce14e17d0
d4c13e9b-be45-4de1-9a8b-bd4ad01c5a42,98c6b0fb-7a67-4f35-9199-4a1168570d27
d4c13e9b-be45-4de1-9a8b-bd4ad01c5a42,60f0852f-28ff-4a66-a41e-ad05a854a115
d4c13e9b-be45-4de1-9a8b-bd4ad01c5a42,ac7743d5-0bdf-4c43-8580-e4cce14e17d0
a740dae8-ed15-4d74-b794-7d3ee968a91a,98c6b0fb-7a67-4f35-9199-4a1168570d27
a740dae8-ed15-4d74-b794-7d3ee968a91a,60f0852f-28ff-4a66-a41e-ad05a854a115
a740dae8-ed15-4d74-b794-7d3ee968a91a,ac7743d5-0bdf-4c43-8580-e4cce14e17d0
b4205875-d765-4da0-8424-6f8df004ab4e,98c6b0fb-7a67-4f35-9199-4a1168570d27
b4205875-d765-4da0-8424-6f8df004ab4e,60f0852f-28ff-4a66-a41e-ad05a854a115
b4205875-d765-4da0-8424-6f8df004ab4e,ac7743d5-0bdf-4c43-8580-e4cce14e17d0
21b9544c-c653-4389-bfcc-df33cf0af026,c6561689-b692-440f-8141-465ec387a8a3
21b9544c-c653-4389-bfcc-df33cf0af026,6e032ea4-7b63-467d-a70e-b37d89d995ff
21b9544c-c653-4389-bfcc-df33cf0af026,bc8bc56e-ea6d-4145-b523-c29836b5037e
21b9544c-c653-4389-bfcc-df33cf0af026,1f4a8112-acf0-48f0-9d2f-d5afc0027406
21b9544c-c653-4389-bfcc-df33cf0af026,8386ae9c-6a5c-4aec-8b91-98698edcdd03
21b9544c-c653-4389-bfcc-df33cf0af026,4137c8cc-c6d8-45ab-8b09-462be8ee8afd
7c0c409d-f242-452f-b0c2-c7deaa704f84,98c6b0fb-7a67-4f35-9199-4a1168570d27
7c0c409d-f242-452f-b0c2-c7deaa704f84,60f0852f-28ff-4a66-a41e-ad05a854a115
7c0c409d-f242-452f-b0c2-c7deaa704f84,ac7743d5-0bdf-4c43-8580-e4cce14e17d0
03059255-0cc5-45e1-828b-61050eeecd0d,d90622bb-8cea-492b-b6de-2c7ac3a4bd50
03059255-0cc5-45e1-828b-61050eeecd0d,6e032ea4-7b63-467d-a70e-b37d89d995ff
03059255-0cc5-45e1-828b-61050eeecd0d,e99bdf9d-3cea-4516-a2e3-04e0c2d5e975
03059255-0cc5-45e1-828b-61050eeecd0d,2698bf8f-b966-4595-8ab9-d723e3199202
03059255-0cc5-45e1-828b-61050eeecd0d,997f84d8-1f06-4e10-8543-95c72297b492
03059255-0cc5-45e1-828b-61050eeecd0d,ac7743d5-0bdf-4c43-8580-e4cce14e17d0
e2c3bc6b-1163-4418-ac4d-3d2d1bd2d7bf,26750539-69bc-404f-817e-a47be055f83c
e2c3bc6b-1163-4418-ac4d-3d2d1bd2d7bf,98c6b0fb-7a67-4f35-9199-4a1168570d27
e2c3bc6b-1163-4418-ac4d-3d2d1bd2d7bf,ac7743d5-0bdf-4c43-8580-e4cce14e17d0
1bc008ba-531a-4219-a902-4100bb682de9,98c6b0fb-7a67-4f35-9199-4a1168570d27
1bc008ba-531a-4219-a902-4100bb682de9,60f0852f-28ff-4a66-a41e-ad05a854a115
1bc008ba-531a-4219-a902-4100bb682de9,ac7743d5-0bdf-4c43-8580-e4cce14e17d0
c77444b5-a9af-4438-beb8-25cbf9f32915,98c6b0fb-7a67-4f35-9199-4a1168570d27
c77444b5-a9af-4438-beb8-25cbf9f32915,60f0852f-28ff-4a66-a41e-ad05a854a115
c77444b5-a9af-4438-beb8-25cbf9f32915,ac7743d5-0bdf-4c43-8580-e4cce14e17d0
2c40df04-a4cb-45ed-b7a4-603291aee024,98c6b0fb-7a67-4f35-9199-4a1168570d27
2c40df04-a4cb-45ed-b7a4-603291aee024,60f0852f-28ff-4a66-a41e-ad05a854a115
2c40df04-a4cb-45ed-b7a4-603291aee024,ac7743d5-0bdf-4c43-8580-e4cce14e17d0
2e9578fb-1c12-4d18-b308-e5c60052c0ce,98c6b0fb-7a67-4f35-9199-4a1168570d27
2e9578fb-1c12-4d18-b308-e5c60052c0ce,60f0852f-28ff-4a66-a41e-ad05a854a115
2e9578fb-1c12-4d18-b308-e5c60052c0ce,ac7743d5-0bdf-4c43-8580-e4cce14e17d0
4bafefab-31dc-40e8-8946-42455328dbb4,6e032ea4-7b63-467d-a70e-b37d89d995ff
4bafefab-31dc-40e8-8946-42455328dbb4,f17fed41-6cca-4803-8eec-48c90bcdbbee
4bafefab-31dc-40e8-8946-42455328dbb4,2a479157-a946-4ac3-b00e-25939f8af870
0b76599d-4b58-4c1a-84e9-f3b9a02bbd45,83b2f57c-29ce-4aa4-9a74-98ed2810a79f
0b76599d-4b58-4c1a-84e9-f3b9a02bbd45,262b0408-8758-4765-8ced-412b6d4e29c3
0b76599d-4b58-4c1a-84e9-f3b9a02bbd45,bdd5709e-6e7e-4e60-8464-eaac00786823
b1857097-13be-43d1-ab7f-051fc9dc3733,98c6b0fb-7a67-4f35-9199-4a1168570d27
b1857097-13be-43d1-ab7f-051fc9dc3733,60f0852f-28ff-4a66-a41e-ad05a854a115
b1857097-13be-43d1-ab7f-051fc9dc3733,ac7743d5-0bdf-4c43-8580-e4cce14e17d0
9a255c7f-cb55-4e03-81e3-f87987eddd10,98c6b0fb-7a67-4f35-9199-4a1168570d27
9a255c7f-cb55-4e03-81e3-f87987eddd10,60f0852f-28ff-4a66-a41e-ad05a854a115
9a255c7f-cb55-4e03-81e3-f87987eddd10,ac7743d5-0bdf-4c43-8580-e4cce14e17d0
3fc5d2da-4af4-4fe8-be86-a4135a9f3770,98c6b0fb-7a67-4f35-9199-4a1168570d27
3fc5d2da-4af4-4fe8-be86-a4135a9f3770,60f0852f-28ff-4a66-a41e-ad05a854a115
3fc5d2da-4af4-4fe8-be86-a4135a9f3770,ac7743d5-0bdf-4c43-8580-e4cce14e17d0
74a3e57f-7db4-4f67-bedc-f98b8cefb3f2,98c6b0fb-7a67-4f35-9199-4a1168570d27
74a3e57f-7db4-4f67-bedc-f98b8cefb3f2,60f0852f-28ff-4a66-a41e-ad05a854a115
74a3e57f-7db4-4f67-bedc-f98b8cefb3f2,ac7743d5-0bdf-4c43-8580-e4cce14e17d0
17139792-2756-4d18-84b6-dab4c64abdbe,98c6b0fb-7a67-4f35-9199-4a1168570d27
17139792-2756-4d18-84b6-dab4c64abdbe,60f0852f-28ff-4a66-a41e-ad05a854a115
17139792-2756-4d18-84b6-dab4c64abdbe,ac7743d5-0bdf-4c43-8580-e4cce14e17d0
0180a205-b9dc-4b0c-885d-4415e36e5070,98c6b0fb-7a67-4f35-9199-4a1168570d27
0180a205-b9dc-4b0c-885d-4415e36e5070,60f0852f-28ff-4a66-a41e-ad05a854a115
0180a205-b9dc-4b0c-885d-4415e36e5070,ac7743d5-0bdf-4c43-8580-e4cce14e17d0
d1f3b899-e290-4e94-9c1c-b0d8af42ca30,98c6b0fb-7a67-4f35-9199-4a1168570d27
d1f3b899-e290-4e94-9c1c-b0d8af42ca30,60f0852f-28ff-4a66-a41e-ad05a854a115
d1f3b899-e290-4e94-9c1c-b0d8af42ca30,ac7743d5-0bdf-4c43-8580-e4cce14e17d0
dd79cc70-afd9-4259-b504-749df9080fb6,26750539-69bc-404f-817e-a47be055f83c
dd79cc70-afd9-4259-b504-749df9080fb6,98c6b0fb-7a67-4f35-9199-4a1168570d27
00253889-3f40-478a-af61-585c2e4a092a,26750539-69bc-404f-817e-a47be055f83c
00253889-3f40-478a-af61-585c2e4a092a,98c6b0fb-7a67-4f35-9199-4a1168570d27
970d343a-b637-457e-90f7-33ede5dabc4d,26750539-69bc-404f-817e-a47be055f83c
970d343a-b637-457e-90f7-33ede5dabc4d,98c6b0fb-7a67-4f35-9199-4a1168570d27
355bd1ce-e6cc-4191-9a24-10bf8c2f68f4,98c6b0fb-7a67-4f35-9199-4a1168570d27
355bd1ce-e6cc-4191-9a24-10bf8c2f68f4,60f0852f-28ff-4a66-a41e-ad05a854a115
355bd1ce-e6cc-4191-9a24-10bf8c2f68f4,ac7743d5-0bdf-4c43-8580-e4cce14e17d0
7cdc351f-9e5d-47f3-86ef-c5c6c2d22951,98c6b0fb-7a67-4f35-9199-4a1168570d27
7cdc351f-9e5d-47f3-86ef-c5c6c2d22951,60f0852f-28ff-4a66-a41e-ad05a854a115
7cdc351f-9e5d-47f3-86ef-c5c6c2d22951,ac7743d5-0bdf-4c43-8580-e4cce14e17d0
6363b022-bfcd-4ed0-a720-3ba01c2e3ebe,d90622bb-8cea-492b-b6de-2c7ac3a4bd50
6363b022-bfcd-4ed0-a720-3ba01c2e3ebe,6e032ea4-7b63-467d-a70e-b37d89d995ff
6363b022-bfcd-4ed0-a720-3ba01c2e3ebe,e8a79df1-4a74-45ca-9759-30b5d4b89f1f
6363b022-bfcd-4ed0-a720-3ba01c2e3ebe,adf4b501-7b09-4ac1-b427-4a5f619771ec
6363b022-bfcd-4ed0-a720-3ba01c2e3ebe,d3ed5f79-39da-4db4-82c4-c258574b004d
6363b022-bfcd-4ed0-a720-3ba01c2e3ebe,ac7743d5-0bdf-4c43-8580-e4cce14e17d0
a7935955-5fc3-49eb-b0d9-35e92ed0fc29,98c6b0fb-7a67-4f35-9199-4a1168570d27
a7935955-5fc3-49eb-b0d9-35e92ed0fc29,60f0852f-28ff-4a66-a41e-ad05a854a115
a7935955-5fc3-49eb-b0d9-35e92ed0fc29,ac7743d5-0bdf-4c43-8580-e4cce14e17d0
a3c9ba38-2e31-490d-970f-8427ccb432e3,16fca1ad-4c43-4dc2-9ad7-5cdcb10c40ca
a3c9ba38-2e31-490d-970f-8427ccb432e3,276ac8d4-61af-413d-bd66-a6d63143885e
a3c9ba38-2e31-490d-970f-8427ccb432e3,e273e5dc-8f1f-44ff-9f06-1652361f47be
ef7b660e-632a-4533-b785-753bd36d768a,98c6b0fb-7a67-4f35-9199-4a1168570d27
ef7b660e-632a-4533-b785-753bd36d768a,60f0852f-28ff-4a66-a41e-ad05a854a115
ef7b660e-632a-4533-b785-753bd36d768a,ac7743d5-0bdf-4c43-8580-e4cce14e17d0
cee12835-7faa-48b3-be93-60f7d9a8131c,98c6b0fb-7a67-4f35-9199-4a1168570d27
cee12835-7faa-48b3-be93-60f7d9a8131c,60f0852f-28ff-4a66-a41e-ad05a854a115
cee12835-7faa-48b3-be93-60f7d9a8131c,ac7743d5-0bdf-4c43-8580-e4cce14e17d0
9a6854cf-09cd-4028-a2e5-22de36532964,98c6b0fb-7a67-4f35-9199-4a1168570d27
9a6854cf-09cd-4028-a2e5-22de36532964,60f0852f-28ff-4a66-a41e-ad05a854a115
9a6854cf-09cd-4028-a2e5-22de36532964,ac7743d5-0bdf-4c43-8580-e4cce14e17d0
8d1836c0-98f9-4651-a011-6cbd9d93a2a1,98c6b0fb-7a67-4f35-9199-4a1168570d27
8d1836c0-98f9-4651-a011-6cbd9d93a2a1,60f0852f-28ff-4a66-a41e-ad05a854a115
8d1836c0-98f9-4651-a011-6cbd9d93a2a1,ac7743d5-0bdf-4c43-8580-e4cce14e17d0
e80836bf-1a27-434e-9327-954f0d28d21f,d90622bb-8cea-492b-b6de-2c7ac3a4bd50
e80836bf-1a27-434e-9327-954f0d28d21f,6e032ea4-7b63-467d-a70e-b37d89d995ff
e80836bf-1a27-434e-9327-954f0d28d21f,e8a79df1-4a74-45ca-9759-30b5d4b89f1f
e80836bf-1a27-434e-9327-954f0d28d21f,adf4b501-7b09-4ac1-b427-4a5f619771ec
e80836bf-1a27-434e-9327-954f0d28d21f,d3ed5f79-39da-4db4-82c4-c258574b004d
e80836bf-1a27-434e-9327-954f0d28d21f,ac7743d5-0bdf-4c43-8580-e4cce14e17d0
6862f5c4-06b1-4e4d-97d1-5ee020e2d993,98c6b0fb-7a67-4f35-9199-4a1168570d27
6862f5c4-06b1-4e4d-97d1-5ee020e2d993,60f0852f-28ff-4a66-a41e-ad05a854a115
6862f5c4-06b1-4e4d-97d1-5ee020e2d993,ac7743d5-0bdf-4c43-8580-e4cce14e17d0
135badac-3d98-432b-9fe0-abce31c36e97,d90622bb-8cea-492b-b6de-2c7ac3a4bd50
135badac-3d98-432b-9fe0-abce31c36e97,6e032ea4-7b63-467d-a70e-b37d89d995ff
135badac-3d98-432b-9fe0-abce31c36e97,e8a79df1-4a74-45ca-9759-30b5d4b89f1f
135badac-3d98-432b-9fe0-abce31c36e97,adf4b501-7b09-4ac1-b427-4a5f619771ec
135badac-3d98-432b-9fe0-abce31c36e97,d3ed5f79-39da-4db4-82c4-c258574b004d
135badac-3d98-432b-9fe0-abce31c36e97,ac7743d5-0bdf-4c43-8580-e4cce14e17d0
172f8d76-ef32-467b-8141-6172cb6fa1b9,98c6b0fb-7a67-4f35-9199-4a1168570d27
172f8d76-ef32-467b-8141-6172cb6fa1b9,60f0852f-28ff-4a66-a41e-ad05a854a115
172f8d76-ef32-467b-8141-6172cb6fa1b9,ac7743d5-0bdf-4c43-8580-e4cce14e17d0
68fa7df1-4b5a-4155-abf4-66361af7435f,98c6b0fb-7a67-4f35-9199-4a1168570d27
68fa7df1-4b5a-4155-abf4-66361af7435f,60f0852f-28ff-4a66-a41e-ad05a854a115
68fa7df1-4b5a-4155-abf4-66361af7435f,ac7743d5-0bdf-4c43-8580-e4cce14e17d0
26681bcd-3559-48fe-a176-62c92c800ccb,98c6b0fb-7a67-4f35-9199-4a1168570d27
26681bcd-3559-48fe-a176-62c92c800ccb,60f0852f-28ff-4a66-a41e-ad05a854a115
26681bcd-3559-48fe-a176-62c92c800ccb,ac7743d5-0bdf-4c43-8580-e4cce14e17d0
2abf68c7-cb7f-45ae-9ce9-dd2426a8fd57,98c6b0fb-7a67-4f35-9199-4a1168570d27
2abf68c7-cb7f-45ae-9ce9-dd2426a8fd57,60f0852f-28ff-4a66-a41e-ad05a854a115
2abf68c7-cb7f-45ae-9ce9-dd2426a8fd57,ac7743d5-0bdf-4c43-8580-e4cce14e17d0
cb20dedf-63ac-4b2f-a484-9b1a4e9ececc,98c6b0fb-7a67-4f35-9199-4a1168570d27
cb20dedf-63ac-4b2f-a484-9b1a4e9ececc,60f0852f-28ff-4a66-a41e-ad05a854a115
cb20dedf-63ac-4b2f-a484-9b1a4e9ececc,ac7743d5-0bdf-4c43-8580-e4cce14e17d0
518dccf3-7574-435d-b930-06a6d6ce0b73,98c6b0fb-7a67-4f35-9199-4a1168570d27
518dccf3-7574-435d-b930-06a6d6ce0b73,60f0852f-28ff-4a66-a41e-ad05a854a115
518dccf3-7574-435d-b930-06a6d6ce0b73,ac7743d5-0bdf-4c43-8580-e4cce14e17d0
bc62aa43-be20-415f-817e-f93749bc053d,98c6b0fb-7a67-4f35-9199-4a1168570d27
bc62aa43-be20-415f-817e-f93749bc053d,60f0852f-28ff-4a66-a41e-ad05a854a115
bc62aa43-be20-415f-817e-f93749bc053d,ac7743d5-0bdf-4c43-8580-e4cce14e17d0
61fd0362-6483-48de-b768-3b64a742e772,26750539-69bc-404f-817e-a47be055f83c
61fd0362-6483-48de-b768-3b64a742e772,98c6b0fb-7a67-4f35-9199-4a1168570d27
8463af26-9d1d-4da4-9047-386ae5b90394,ac66e2eb-d9b5-4fb4-aa23-a7fc1a6afe18
8463af26-9d1d-4da4-9047-386ae5b90394,bb2e70b7-ab24-4d0a-8fea-bb92a4bd890e
627b8cc8-8f53-4518-ace6-3da19a572d9d,c0a16207-e6df-4974-9451-60e4965587f2
627b8cc8-8f53-4518-ace6-3da19a572d9d,ca9d2916-13ae-4777-8511-fcef8e8537c1
bd2faebf-3188-4f00-aef3-3568dd529e4f,98c6b0fb-7a67-4f35-9199-4a1168570d27
bd2faebf-3188-4f00-aef3-3568dd529e4f,60f0852f-28ff-4a66-a41e-ad05a854a115
bd2faebf-3188-4f00-aef3-3568dd529e4f,ac7743d5-0bdf-4c43-8580-e4cce14e17d0
8ef5c920-6cea-4bd5-a908-a4f8ff9669e8,98c6b0fb-7a67-4f35-9199-4a1168570d27
8ef5c920-6cea-4bd5-a908-a4f8ff9669e8,60f0852f-28ff-4a66-a41e-ad05a854a115
8ef5c920-6cea-4bd5-a908-a4f8ff9669e8,ac7743d5-0bdf-4c43-8580-e4cce14e17d0
47f845ac-4e92-4f08-96ef-db04eb2d1743,d90622bb-8cea-492b-b6de-2c7ac3a4bd50
47f845ac-4e92-4f08-96ef-db04eb2d1743,6e032ea4-7b63-467d-a70e-b37d89d995ff
47f845ac-4e92-4f08-96ef-db04eb2d1743,e99bdf9d-3cea-4516-a2e3-04e0c2d5e975
47f845ac-4e92-4f08-96ef-db04eb2d1743,2698bf8f-b966-4595-8ab9-d723e3199202
47f845ac-4e92-4f08-96ef-db04eb2d1743,997f84d8-1f06-4e10-8543-95c72297b492
47f845ac-4e92-4f08-96ef-db04eb2d1743,ac7743d5-0bdf-4c43-8580-e4cce14e17d0
be74db2b-2069-4233-a02c-dc6036ecf764,26750539-69bc-404f-817e-a47be055f83c
be74db2b-2069-4233-a02c-dc6036ecf764,98c6b0fb-7a67-4f35-9199-4a1168570d27
be74db2b-2069-4233-a02c-dc6036ecf764,ac7743d5-0bdf-4c43-8580-e4cce14e17d0
9bc39f46-137b-4927-bf73-90727e37ae47,98c6b0fb-7a67-4f35-9199-4a1168570d27
9bc39f46-137b-4927-bf73-90727e37ae47,60f0852f-28ff-4a66-a41e-ad05a854a115
9bc39f46-137b-4927-bf73-90727e37ae47,ac7743d5-0bdf-4c43-8580-e4cce14e17d0
6aeb34bf-8e8b-429c-bd57-cc3bc51636fa,57e35968-c7bd-432c-b3ce-69a5223134a5
6aeb34bf-8e8b-429c-bd57-cc3bc51636fa,c3939ae7-ccd6-4213-b4f3-1078de80e3ca
6aeb34bf-8e8b-429c-bd57-cc3bc51636fa,f1ff6ff6-731b-424d-91ce-f49c25e1b75c
6aeb34bf-8e8b-429c-bd57-cc3bc51636fa,1771dd72-ea84-490d-a203-c3b162100a5b
6aeb34bf-8e8b-429c-bd57-cc3bc51636fa,08ca2888-5802-4d90-80e0-2c0fb2508bec
6aeb34bf-8e8b-429c-bd57-cc3bc51636fa,30c53152-16a3-4eb9-915b-07c99d19e56d
6aeb34bf-8e8b-429c-bd57-cc3bc51636fa,7f57e263-545e-4991-b3d1-69a3799fc3f5
6aeb34bf-8e8b-429c-bd57-cc3bc51636fa,f0446c18-e6eb-45d9-a7ba-acd15b21bb5f
6aeb34bf-8e8b-429c-bd57-cc3bc51636fa,ac7743d5-0bdf-4c43-8580-e4cce14e17d0
6301db4f-6233-4b50-a037-f0edb9b8605d,98c6b0fb-7a67-4f35-9199-4a1168570d27
6301db4f-6233-4b50-a037-f0edb9b8605d,60f0852f-28ff-4a66-a41e-ad05a854a115
6301db4f-6233-4b50-a037-f0edb9b8605d,ac7743d5-0bdf-4c43-8580-e4cce14e17d0
2ad4ed4a-aefe-4934-b389-9928ec76ad87,98c6b0fb-7a67-4f35-9199-4a1168570d27
2ad4ed4a-aefe-4934-b389-9928ec76ad87,60f0852f-28ff-4a66-a41e-ad05a854a115
2ad4ed4a-aefe-4934-b389-9928ec76ad87,ac7743d5-0bdf-4c43-8580-e4cce14e17d0
3de98fb2-09a1-4acb-99c2-5cdf2285c880,6e032ea4-7b63-467d-a70e-b37d89d995ff
3de98fb2-09a1-4acb-99c2-5cdf2285c880,4b6b29c8-5c95-4d60-8b39-6a87690279e1
3de98fb2-09a1-4acb-99c2-5cdf2285c880,54d6ce5c-7170-4fc6-b440-475501731940
3de98fb2-09a1-4acb-99c2-5cdf2285c880,21e22c85-0b9c-4cea-98d9-55172527c701
3de98fb2-09a1-4acb-99c2-5cdf2285c880,ac7743d5-0bdf-4c43-8580-e4cce14e17d0
1fcb9e49-fcc0-49f7-bc51-18bea59fd324,98c6b0fb-7a67-4f35-9199-4a1168570d27
1fcb9e49-fcc0-49f7-bc51-18bea59fd324,60f0852f-28ff-4a66-a41e-ad05a854a115
1fcb9e49-fcc0-49f7-bc51-18bea59fd324,ac7743d5-0bdf-4c43-8580-e4cce14e17d0
24994318-acaa-402e-a361-88adebcb6ba5,98c6b0fb-7a67-4f35-9199-4a1168570d27
24994318-acaa-402e-a361-88adebcb6ba5,60f0852f-28ff-4a66-a41e-ad05a854a115
24994318-acaa-402e-a361-88adebcb6ba5,ac7743d5-0bdf-4c43-8580-e4cce14e17d0
7a40a6cd-825d-47b7-8e47-4a71697a0da7,6e032ea4-7b63-467d-a70e-b37d89d995ff
7a40a6cd-825d-47b7-8e47-4a71697a0da7,f17fed41-6cca-4803-8eec-48c90bcdbbee
7a40a6cd-825d-47b7-8e47-4a71697a0da7,2a479157-a946-4ac3-b00e-25939f8af870
d1ecdffb-eac7-4616-a7e4-8b7d14af4ae5,26750539-69bc-404f-817e-a47be055f83c
d1ecdffb-eac7-4616-a7e4-8b7d14af4ae5,9842c984-3db5-4f3d-a709-47f669fca604
fafc0364-86b0-4585-9646-1eefb339fb6f,98c6b0fb-7a67-4f35-9199-4a1168570d27
fafc0364-86b0-4585-9646-1eefb339fb6f,60f0852f-28ff-4a66-a41e-ad05a854a115
fafc0364-86b0-4585-9646-1eefb339fb6f,ac7743d5-0bdf-4c43-8580-e4cce14e17d0
d1137a30-2807-49f9-a322-b7be4273641f,83b2f57c-29ce-4aa4-9a74-98ed2810a79f
d1137a30-2807-49f9-a322-b7be4273641f,262b0408-8758-4765-8ced-412b6d4e29c3
d1137a30-2807-49f9-a322-b7be4273641f,bdd5709e-6e7e-4e60-8464-eaac00786823
0f01b99f-017e-4b06-9e38-87e01d0a1a0e,98c6b0fb-7a67-4f35-9199-4a1168570d27
0f01b99f-017e-4b06-9e38-87e01d0a1a0e,60f0852f-28ff-4a66-a41e-ad05a854a115
0f01b99f-017e-4b06-9e38-87e01d0a1a0e,ac7743d5-0bdf-4c43-8580-e4cce14e17d0
c741dbb7-ce25-4652-a931-aee953f26439,98c6b0fb-7a67-4f35-9199-4a1168570d27
c741dbb7-ce25-4652-a931-aee953f26439,60f0852f-28ff-4a66-a41e-ad05a854a115
c741dbb7-ce25-4652-a931-aee953f26439,ac7743d5-0bdf-4c43-8580-e4cce14e17d0
6448b24d-db98-4724-abbb-759f259b035e,98c6b0fb-7a67-4f35-9199-4a1168570d27
6448b24d-db98-4724-abbb-759f259b035e,60f0852f-28ff-4a66-a41e-ad05a854a115
6448b24d-db98-4724-abbb-759f259b035e,ac7743d5-0bdf-4c43-8580-e4cce14e17d0
e3fcbec4-420b-407c-b120-f903fb377b63,98c6b0fb-7a67-4f35-9199-4a1168570d27
e3fcbec4-420b-407c-b120-f903fb377b63,60f0852f-28ff-4a66-a41e-ad05a854a115
e3fcbec4-420b-407c-b120-f903fb377b63,ac7743d5-0bdf-4c43-8580-e4cce14e17d0
c068307e-f6de-4a04-87d9-a1d60f7fc704,98c6b0fb-7a67-4f35-9199-4a1168570d27
c068307e-f6de-4a04-87d9-a1d60f7fc704,60f0852f-28ff-4a66-a41e-ad05a854a115
c068307e-f6de-4a04-87d9-a1d60f7fc704,ac7743d5-0bdf-4c43-8580-e4cce14e17d0
1ff49484-fa60-467e-98ef-18237f1cabcc,98c6b0fb-7a67-4f35-9199-4a1168570d27
1ff49484-fa60-467e-98ef-18237f1cabcc,60f0852f-28ff-4a66-a41e-ad05a854a115
1ff49484-fa60-467e-98ef-18237f1cabcc,ac7743d5-0bdf-4c43-8580-e4cce14e17d0
da6d5d90-d54c-400e-9355-df2eebfaa152,98c6b0fb-7a67-4f35-9199-4a1168570d27
da6d5d90-d54c-400e-9355-df2eebfaa152,60f0852f-28ff-4a66-a41e-ad05a854a115
da6d5d90-d54c-400e-9355-df2eebfaa152,ac7743d5-0bdf-4c43-8580-e4cce14e17d0
18839698-6366-497c-aee1-4e0b90447a67,58540220-5fcf-4695-832a-e2bb34dcafd7
18839698-6366-497c-aee1-4e0b90447a67,b0213f0d-8a65-4eec-ae0c-ac95d77b3a99
2913eb0c-532b-49aa-ae34-6d3ff959d702,26750539-69bc-404f-817e-a47be055f83c
2913eb0c-532b-49aa-ae34-6d3ff959d702,98c6b0fb-7a67-4f35-9199-4a1168570d27
fb18ac72-2338-4da2-8d4c-7966c5699327,26750539-69bc-404f-817e-a47be055f83c
fb18ac72-2338-4da2-8d4c-7966c5699327,98c6b0fb-7a67-4f35-9199-4a1168570d27
1f77934c-1b93-45d1-9ccb-bc17c827a255,26750539-69bc-404f-817e-a47be055f83c
1f77934c-1b93-45d1-9ccb-bc17c827a255,98c6b0fb-7a67-4f35-9199-4a1168570d27
b99a3dad-8d85-44e5-be86-adfa72cbf100,98c6b0fb-7a67-4f35-9199-4a1168570d27
b99a3dad-8d85-44e5-be86-adfa72cbf100,60f0852f-28ff-4a66-a41e-ad05a854a115
b99a3dad-8d85-44e5-be86-adfa72cbf100,ac7743d5-0bdf-4c43-8580-e4cce14e17d0
4c94f62c-7bae-4303-a0e6-6e36cd5955eb,98c6b0fb-7a67-4f35-9199-4a1168570d27
4c94f62c-7bae-4303-a0e6-6e36cd5955eb,60f0852f-28ff-4a66-a41e-ad05a854a115
4c94f62c-7bae-4303-a0e6-6e36cd5955eb,ac7743d5-0bdf-4c43-8580-e4cce14e17d0
36bdc6dc-8213-4e3e-b921-d0e16b800477,d90622bb-8cea-492b-b6de-2c7ac3a4bd50
36bdc6dc-8213-4e3e-b921-d0e16b800477,6e032ea4-7b63-467d-a70e-b37d89d995ff
36bdc6dc-8213-4e3e-b921-d0e16b800477,e8a79df1-4a74-45ca-9759-30b5d4b89f1f
36bdc6dc-8213-4e3e-b921-d0e16b800477,adf4b501-7b09-4ac1-b427-4a5f619771ec
36bdc6dc-8213-4e3e-b921-d0e16b800477,d3ed5f79-39da-4db4-82c4-c258574b004d
36bdc6dc-8213-4e3e-b921-d0e16b800477,ac7743d5-0bdf-4c43-8580-e4cce14e17d0
f33e60c0-531f-4f25-a951-f14d280f1a07,9f4fcd0d-aeae-4ba6-999f-95418542f772
f33e60c0-531f-4f25-a951-f14d280f1a07,6b6526e7-d971-4877-9cbf-b34555c1d4a5
f33e60c0-531f-4f25-a951-f14d280f1a07,a594180e-34df-48ec-83b3-5039e06c09a3
1b3e2d9d-f235-4232-97ca-387e4c579900,98c6b0fb-7a67-4f35-9199-4a1168570d27
1b3e2d9d-f235-4232-97ca-387e4c579900,60f0852f-28ff-4a66-a41e-ad05a854a115
1b3e2d9d-f235-4232-97ca-387e4c579900,ac7743d5-0bdf-4c43-8580-e4cce14e17d0
9edeec7d-07b5-43bb-a3de-8f3a1f7c07d6,703be166-9b3d-41bc-bee8-50f9a335449f
9edeec7d-07b5-43bb-a3de-8f3a1f7c07d6,f1ab6645-fe5e-42bb-8b10-f7b82ca48edd
9edeec7d-07b5-43bb-a3de-8f3a1f7c07d6,dd5170d4-9baa-46b1-b54e-229f9740cfa9
803eb9a6-ede8-4a59-9190-f19124c507cd,ceec399b-c7f9-448c-bf24-7f5079e6a106
803eb9a6-ede8-4a59-9190-f19124c507cd,d6cecc69-517a-4a23-a7a2-43c853fd74de
803eb9a6-ede8-4a59-9190-f19124c507cd,28eb61d2-03ef-4666-9d3a-eb90799096ea
803eb9a6-ede8-4a59-9190-f19124c507cd,89cda3bc-25f6-4841-8ee9-a79309492469
803eb9a6-ede8-4a59-9190-f19124c507cd,f017a5f2-a385-4a67-954f-6feaf7d240d0
803eb9a6-ede8-4a59-9190-f19124c507cd,28bd4c2b-b9f0-48af-8832-caf200ecbd92
bdb50321-897f-49fa-86c6-c9e7a1111866,98c6b0fb-7a67-4f35-9199-4a1168570d27
bdb50321-897f-49fa-86c6-c9e7a1111866,60f0852f-28ff-4a66-a41e-ad05a854a115
4d7ce02e-f89e-4077-9f23-cf18ed76ae36,16fca1ad-4c43-4dc2-9ad7-5cdcb10c40ca
4d7ce02e-f89e-4077-9f23-cf18ed76ae36,276ac8d4-61af-413d-bd66-a6d63143885e
4d7ce02e-f89e-4077-9f23-cf18ed76ae36,e273e5dc-8f1f-44ff-9f06-1652361f47be
012c8b15-1932-4a76-8ccd-1d81a892fc02,98c6b0fb-7a67-4f35-9199-4a1168570d27
012c8b15-1932-4a76-8ccd-1d81a892fc02,60f0852f-28ff-4a66-a41e-ad05a854a115
012c8b15-1932-4a76-8ccd-1d81a892fc02,ac7743d5-0bdf-4c43-8580-e4cce14e17d0
26371af8-4cdd-4b2c-9f30-c6ade1b03f7d,26750539-69bc-404f-817e-a47be055f83c
26371af8-4cdd-4b2c-9f30-c6ade1b03f7d,98c6b0fb-7a67-4f35-9199-4a1168570d27
26371af8-4cdd-4b2c-9f30-c6ade1b03f7d,ac7743d5-0bdf-4c43-8580-e4cce14e17d0
12a04cb5-e82c-4db8-b1cb-115b5cec9f05,26750539-69bc-404f-817e-a47be055f83c
12a04cb5-e82c-4db8-b1cb-115b5cec9f05,98c6b0fb-7a67-4f35-9199-4a1168570d27
12a04cb5-e82c-4db8-b1cb-115b5cec9f05,ac7743d5-0bdf-4c43-8580-e4cce14e17d0
4603424a-28f8-4a1b-b48b-d1e9b977d2f3,26750539-69bc-404f-817e-a47be055f83c
4603424a-28f8-4a1b-b48b-d1e9b977d2f3,98c6b0fb-7a67-4f35-9199-4a1168570d27
4603424a-28f8-4a1b-b48b-d1e9b977d2f3,ac7743d5-0bdf-4c43-8580-e4cce14e17d0
eb1df969-b29a-4c38-a094-667a8b7a21f6,d10959a2-cb8b-4c5a-9b60-7f2e56548f7b
eb1df969-b29a-4c38-a094-667a8b7a21f6,866863f8-6c04-428a-8475-97299bc09e14
eb1df969-b29a-4c38-a094-667a8b7a21f6,484fea6e-b21e-4e9e-9e20-4e797107f7f5
eb1df969-b29a-4c38-a094-667a8b7a21f6,9efae4a7-d856-4e8b-96d0-94e5e0fc51c9
eb1df969-b29a-4c38-a094-667a8b7a21f6,53851b80-7298-47ec-a08a-5a48764a11f9
eb1df969-b29a-4c38-a094-667a8b7a21f6,38e70762-e0db-4e01-900d-66586925c960
eb1df969-b29a-4c38-a094-667a8b7a21f6,ac7743d5-0bdf-4c43-8580-e4cce14e17d0
662a1951-65f0-4e87-8597-a6692b490ffd,0baa765f-2b73-4c6b-9ef2-1b167b4be5f1
662a1951-65f0-4e87-8597-a6692b490ffd,16fce3d2-5dc1-483e-b94c-9915ea28dd92
be5f10ec-619f-4b0c-b74c-f647558c2c85,98c6b0fb-7a67-4f35-9199-4a1168570d27
be5f10ec-619f-4b0c-b74c-f647558c2c85,60f0852f-28ff-4a66-a41e-ad05a854a115
be5f10ec-619f-4b0c-b74c-f647558c2c85,ac7743d5-0bdf-4c43-8580-e4cce14e17d0
2ef24b9c-72b7-49cb-8a50-7e7c359e310d,98c6b0fb-7a67-4f35-9199-4a1168570d27
2ef24b9c-72b7-49cb-8a50-7e7c359e310d,60f0852f-28ff-4a66-a41e-ad05a854a115
2ef24b9c-72b7-49cb-8a50-7e7c359e310d,ac7743d5-0bdf-4c43-8580-e4cce14e17d0
7eef40a3-df63-4dff-a189-a6234bf82cef,98c6b0fb-7a67-4f35-9199-4a1168570d27
7eef40a3-df63-4dff-a189-a6234bf82cef,60f0852f-28ff-4a66-a41e-ad05a854a115
7eef40a3-df63-4dff-a189-a6234bf82cef,ac7743d5-0bdf-4c43-8580-e4cce14e17d0
8d804b75-dbc8-43d2-99f2-546ded8e2bf7,d90622bb-8cea-492b-b6de-2c7ac3a4bd50
8d804b75-dbc8-43d2-99f2-546ded8e2bf7,6e032ea4-7b63-467d-a70e-b37d89d995ff
8d804b75-dbc8-43d2-99f2-546ded8e2bf7,e8a79df1-4a74-45ca-9759-30b5d4b89f1f
8d804b75-dbc8-43d2-99f2-546ded8e2bf7,adf4b501-7b09-4ac1-b427-4a5f619771ec
8d804b75-dbc8-43d2-99f2-546ded8e2bf7,d3ed5f79-39da-4db4-82c4-c258574b004d
8d804b75-dbc8-43d2-99f2-546ded8e2bf7,ac7743d5-0bdf-4c43-8580-e4cce14e17d0
f8d94440-fefa-40bd-a68b-a4912e594819,596e5553-d16d-4755-ac73-55e5a40df3e1
f8d94440-fefa-40bd-a68b-a4912e594819,46266dbd-b9cc-4e2d-83ad-890fd0648020
19d63707-eb49-4d2b-aab8-eb90e073ee8e,ad436ec5-7711-48d2-aace-57a07ad6732f
19d63707-eb49-4d2b-aab8-eb90e073ee8e,5c2ac20f-3c7a-40e1-945b-c42c81b051a8
bb0d471e-f2e2-4578-9ebe-baabc43bdaae,98c6b0fb-7a67-4f35-9199-4a1168570d27
bb0d471e-f2e2-4578-9ebe-baabc43bdaae,60f0852f-28ff-4a66-a41e-ad05a854a115
bb0d471e-f2e2-4578-9ebe-baabc43bdaae,ac7743d5-0bdf-4c43-8580-e4cce14e17d0
dfe6d640-8c36-420c-ba2f-493d5ce25da6,d90622bb-8cea-492b-b6de-2c7ac3a4bd50
dfe6d640-8c36-420c-ba2f-493d5ce25da6,6e032ea4-7b63-467d-a70e-b37d89d995ff
dfe6d640-8c36-420c-ba2f-493d5ce25da6,e8a79df1-4a74-45ca-9759-30b5d4b89f1f
dfe6d640-8c36-420c-ba2f-493d5ce25da6,adf4b501-7b09-4ac1-b427-4a5f619771ec
dfe6d640-8c36-420c-ba2f-493d5ce25da6,d3ed5f79-39da-4db4-82c4-c258574b004d
dfe6d640-8c36-420c-ba2f-493d5ce25da6,ac7743d5-0bdf-4c43-8580-e4cce14e17d0
6dea41e7-a0fe-48b4-903e-b8912565f0af,2d77bec4-848b-41fb-ba44-6da45eba37bf
6dea41e7-a0fe-48b4-903e-b8912565f0af,bcd71d0a-2a72-4815-bc71-a497dc017b1d
f255a12c-9a69-423e-b689-7690e316a419,27646872-7fcc-4830-bd25-c900a12950ec
f255a12c-9a69-423e-b689-7690e316a419,515d495d-2e45-489a-899b-97cf8fca5037
f255a12c-9a69-423e-b689-7690e316a419,5202b7b4-0d8b-4694-adde-d246fb39bca2
f255a12c-9a69-423e-b689-7690e316a419,f5c8353d-45f3-4458-b1d4-a680a024bd4b
f255a12c-9a69-423e-b689-7690e316a419,d182c7cd-3df5-4a6e-a465-37992d030eff
f255a12c-9a69-423e-b689-7690e316a419,7c8b9cbf-1c31-42d8-9424-c1d06ab9b159
f255a12c-9a69-423e-b689-7690e316a419,60f1fcff-3824-42c7-b2c8-c15b01052a1b
f255a12c-9a69-423e-b689-7690e316a419,bbfe6d91-0fe2-4026-ba01-9c478d39b8f2
f255a12c-9a69-423e-b689-7690e316a419,c393b3bb-e0ae-4888-8dca-660063152614
f255a12c-9a69-423e-b689-7690e316a419,ac7743d5-0bdf-4c43-8580-e4cce14e17d0
c449ce7f-6c69-4671-92bc-1cde8d4b32ed,f887a3ab-00d1-49be-b2ad-23fc06f4be93
c449ce7f-6c69-4671-92bc-1cde8d4b32ed,6de1575a-ff00-49c0-8b59-09ecd6fd7fc9
3fce0531-a68d-4a74-81fc-b566091face7,2d77bec4-848b-41fb-ba44-6da45eba37bf
3fce0531-a68d-4a74-81fc-b566091face7,6f7cd4cd-48fa-479a-9a05-96356e00ab25
660cd9c4-b493-4c76-ac18-ff2a83f5d236,98c6b0fb-7a67-4f35-9199-4a1168570d27
660cd9c4-b493-4c76-ac18-ff2a83f5d236,60f0852f-28ff-4a66-a41e-ad05a854a115
660cd9c4-b493-4c76-ac18-ff2a83f5d236,ac7743d5-0bdf-4c43-8580-e4cce14e17d0
1edede14-0fd8-4c77-abb3-16aaf8d5b143,98c6b0fb-7a67-4f35-9199-4a1168570d27
1edede14-0fd8-4c77-abb3-16aaf8d5b143,60f0852f-28ff-4a66-a41e-ad05a854a115
1edede14-0fd8-4c77-abb3-16aaf8d5b143,ac7743d5-0bdf-4c43-8580-e4cce14e17d0
c4787c37-dcf9-45ac-95a4-66fa821b192f,98c6b0fb-7a67-4f35-9199-4a1168570d27
c4787c37-dcf9-45ac-95a4-66fa821b192f,60f0852f-28ff-4a66-a41e-ad05a854a115
c4787c37-dcf9-45ac-95a4-66fa821b192f,ac7743d5-0bdf-4c43-8580-e4cce14e17d0
b03f4142-4816-4958-b958-3f992461d041,98c6b0fb-7a67-4f35-9199-4a1168570d27
b03f4142-4816-4958-b958-3f992461d041,60f0852f-28ff-4a66-a41e-ad05a854a115
b03f4142-4816-4958-b958-3f992461d041,ac7743d5-0bdf-4c43-8580-e4cce14e17d0
b4549ecb-c145-4bd2-9e60-ec58f62c15da,98c6b0fb-7a67-4f35-9199-4a1168570d27
b4549ecb-c145-4bd2-9e60-ec58f62c15da,60f0852f-28ff-4a66-a41e-ad05a854a115
b4549ecb-c145-4bd2-9e60-ec58f62c15da,ac7743d5-0bdf-4c43-8580-e4cce14e17d0
f246a499-88f2-46dc-a88e-6f4c81448395,98c6b0fb-7a67-4f35-9199-4a1168570d27
f246a499-88f2-46dc-a88e-6f4c81448395,60f0852f-28ff-4a66-a41e-ad05a854a115
f246a499-88f2-46dc-a88e-6f4c81448395,ac7743d5-0bdf-4c43-8580-e4cce14e17d0
58795a4f-a664-47f5-8f68-49b90d53559d,98c6b0fb-7a67-4f35-9199-4a1168570d27
58795a4f-a664-47f5-8f68-49b90d53559d,60f0852f-28ff-4a66-a41e-ad05a854a115
58795a4f-a664-47f5-8f68-49b90d53559d,ac7743d5-0bdf-4c43-8580-e4cce14e17d0
b935057e-3ed4-4946-8087-e7ebc1da3840,26750539-69bc-404f-817e-a47be055f83c
b935057e-3ed4-4946-8087-e7ebc1da3840,98c6b0fb-7a67-4f35-9199-4a1168570d27
b935057e-3ed4-4946-8087-e7ebc1da3840,ac7743d5-0bdf-4c43-8580-e4cce14e17d0
93afbcfb-5efc-4067-80d7-9c2e373e14f0,98c6b0fb-7a67-4f35-9199-4a1168570d27
93afbcfb-5efc-4067-80d7-9c2e373e14f0,60f0852f-28ff-4a66-a41e-ad05a854a115
93afbcfb-5efc-4067-80d7-9c2e373e14f0,ac7743d5-0bdf-4c43-8580-e4cce14e17d0
65ebff39-48f0-4286-b8bb-76c9b67f2b3e,41ac3f0e-3e6f-4fa2-8fa9-65e58f0ac049
65ebff39-48f0-4286-b8bb-76c9b67f2b3e,438b1462-8ab9-4028-b203-6eb3a27bf807
65ebff39-48f0-4286-b8bb-76c9b67f2b3e,8444415d-1d94-4333-8036-65021770dc52
65ebff39-48f0-4286-b8bb-76c9b67f2b3e,b7dc626f-0719-4a34-8ae1-755683fb1e40
65ebff39-48f0-4286-b8bb-76c9b67f2b3e,a3b9df97-f2a0-4a34-a2bb-fe7f119b5795
65ebff39-48f0-4286-b8bb-76c9b67f2b3e,168225d4-db1a-475e-800b-e026753e2239
65ebff39-48f0-4286-b8bb-76c9b67f2b3e,31fbcf2b-8252-4a1c-90cc-c98b95a8fc78
65ebff39-48f0-4286-b8bb-76c9b67f2b3e,45b0ed3f-e664-48a6-9f21-363bcaa9877e
95f2ecdd-28c1-4980-bdf7-67493bca4d6d,26750539-69bc-404f-817e-a47be055f83c
95f2ecdd-28c1-4980-bdf7-67493bca4d6d,98c6b0fb-7a67-4f35-9199-4a1168570d27
3941b606-9d0e-4343-ae05-f41f1b26a46a,98c6b0fb-7a67-4f35-9199-4a1168570d27
3941b606-9d0e-4343-ae05-f41f1b26a46a,60f0852f-28ff-4a66-a41e-ad05a854a115
3941b606-9d0e-4343-ae05-f41f1b26a46a,ac7743d5-0bdf-4c43-8580-e4cce14e17d0
97bf46d7-e1f5-4eb7-a981-49d34052c9c7,c6561689-b692-440f-8141-465ec387a8a3
97bf46d7-e1f5-4eb7-a981-49d34052c9c7,6e032ea4-7b63-467d-a70e-b37d89d995ff
97bf46d7-e1f5-4eb7-a981-49d34052c9c7,bc8bc56e-ea6d-4145-b523-c29836b5037e
97bf46d7-e1f5-4eb7-a981-49d34052c9c7,1f4a8112-acf0-48f0-9d2f-d5afc0027406
97bf46d7-e1f5-4eb7-a981-49d34052c9c7,8386ae9c-6a5c-4aec-8b91-98698edcdd03
97bf46d7-e1f5-4eb7-a981-49d34052c9c7,4137c8cc-c6d8-45ab-8b09-462be8ee8afd
33e83835-622c-4e1d-be3c-decf80e11282,98c6b0fb-7a67-4f35-9199-4a1168570d27
33e83835-622c-4e1d-be3c-decf80e11282,60f0852f-28ff-4a66-a41e-ad05a854a115
33e83835-622c-4e1d-be3c-decf80e11282,ac7743d5-0bdf-4c43-8580-e4cce14e17d0
394373a1-7a21-434f-abc0-83434a72e774,d90622bb-8cea-492b-b6de-2c7ac3a4bd50
394373a1-7a21-434f-abc0-83434a72e774,6e032ea4-7b63-467d-a70e-b37d89d995ff
394373a1-7a21-434f-abc0-83434a72e774,e99bdf9d-3cea-4516-a2e3-04e0c2d5e975
394373a1-7a21-434f-abc0-83434a72e774,2698bf8f-b966-4595-8ab9-d723e3199202
394373a1-7a21-434f-abc0-83434a72e774,997f84d8-1f06-4e10-8543-95c72297b492
394373a1-7a21-434f-abc0-83434a72e774,ac7743d5-0bdf-4c43-8580-e4cce14e17d0
e026c9f2-012a-45dd-854b-f18d62df5ba1,26750539-69bc-404f-817e-a47be055f83c
e026c9f2-012a-45dd-854b-f18d62df5ba1,98c6b0fb-7a67-4f35-9199-4a1168570d27
e026c9f2-012a-45dd-854b-f18d62df5ba1,ac7743d5-0bdf-4c43-8580-e4cce14e17d0
fe4efe40-b294-4305-8b2b-fa9dfffbf651,26750539-69bc-404f-817e-a47be055f83c
fe4efe40-b294-4305-8b2b-fa9dfffbf651,98c6b0fb-7a67-4f35-9199-4a1168570d27
fe4efe40-b294-4305-8b2b-fa9dfffbf651,ac7743d5-0bdf-4c43-8580-e4cce14e17d0
2dc1d906-e6dc-44b2-9eca-25a612b8e301,26750539-69bc-404f-817e-a47be055f83c
2dc1d906-e6dc-44b2-9eca-25a612b8e301,98c6b0fb-7a67-4f35-9199-4a1168570d27
2dc1d906-e6dc-44b2-9eca-25a612b8e301,ac7743d5-0bdf-4c43-8580-e4cce14e17d0
