id_grupo_tema_interes,id_tema_interes
82265d7f-3c0d-4cf3-b486-23783a67e91b,ef67fa3d-8c99-4b75-b919-cc27655c9b62
9059e906-b6d7-459a-a2b4-30e2543db9fa,705b226a-400b-4601-ab06-85d1e79772df
430f1e98-4f5f-4c2f-9ee7-05c91e3d4519,58707778-4b63-4b4d-8eef-70b06af971cf
20c47329-3f3d-4b2f-a534-e0af9a43f087,58707778-4b63-4b4d-8eef-70b06af971cf
6545f538-dee3-44ea-b338-c5f80f08e294,58707778-4b63-4b4d-8eef-70b06af971cf
11a3c771-2d47-4f98-83a0-8c2d4c0fa594,82630dc7-7ace-448a-85da-64b95bb4f350
2c588d18-5b84-4fab-8774-ff354e66d644,82630dc7-7ace-448a-85da-64b95bb4f350
88ff10e5-9a10-4f89-9941-d09e6871b1c3,82630dc7-7ace-448a-85da-64b95bb4f350
adfd7dac-93ef-442e-bbd0-16e14d385e95,82630dc7-7ace-448a-85da-64b95bb4f350
4a1d8115-e8fb-4def-8f85-37b1447c8d48,82630dc7-7ace-448a-85da-64b95bb4f350
6bd379cd-4a62-4a8a-918c-181f113d369a,58707778-4b63-4b4d-8eef-70b06af971cf
042dab32-21e1-45ab-b895-9d1a2c318e3e,58707778-4b63-4b4d-8eef-70b06af971cf
9441176c-8f27-425d-8602-a53a10807a1b,58707778-4b63-4b4d-8eef-70b06af971cf
9cf8ed50-3dd1-4c05-89ec-82d9197e7949,58707778-4b63-4b4d-8eef-70b06af971cf
669fa745-71d0-49f6-97b1-984010d66ea9,58707778-4b63-4b4d-8eef-70b06af971cf
2596d61c-6248-4e4e-ab58-ab5df1170e31,58707778-4b63-4b4d-8eef-70b06af971cf
ab2f9f91-3489-4a4a-b7a7-e146dacea541,58707778-4b63-4b4d-8eef-70b06af971cf
770c6752-17d8-44e6-b4a4-65c4a0e854b7,58707778-4b63-4b4d-8eef-70b06af971cf
ad08bfc4-8796-4ad5-8848-759ca93a6f67,58707778-4b63-4b4d-8eef-70b06af971cf
91cb3cda-953d-4d69-83ba-58d5d8ad12eb,58707778-4b63-4b4d-8eef-70b06af971cf
c4c68dd0-04ce-48a8-b763-882844d3c565,58707778-4b63-4b4d-8eef-70b06af971cf
4d2774dd-5185-4cda-b04b-5b5ac2b8a0fb,58707778-4b63-4b4d-8eef-70b06af971cf
e1725a89-6243-4079-bd8b-57bcb369a32e,58707778-4b63-4b4d-8eef-70b06af971cf
accace0c-3f6c-45f2-aaa7-2b8b88813338,58707778-4b63-4b4d-8eef-70b06af971cf
8487d4bb-efb3-4f5f-9015-5af38b421eb0,58707778-4b63-4b4d-8eef-70b06af971cf
2742c078-99c4-4f40-9d62-c1305858eb32,58707778-4b63-4b4d-8eef-70b06af971cf
b06b44d0-ca2a-4e1e-9f5c-c802d3f9568f,ef67fa3d-8c99-4b75-b919-cc27655c9b62
d3cd1652-669b-441c-bb22-86f34a534a96,ef67fa3d-8c99-4b75-b919-cc27655c9b62
1bd21a7c-532e-48ab-b644-a79079114123,ef67fa3d-8c99-4b75-b919-cc27655c9b62
7e9a9373-6361-476d-82dc-8dcdc8de0f30,82630dc7-7ace-448a-85da-64b95bb4f350
a61e936b-c8b9-4ffe-b29e-89ac72fffeab,82630dc7-7ace-448a-85da-64b95bb4f350
bdda9efa-64dd-45b8-b005-b82be05771e4,82630dc7-7ace-448a-85da-64b95bb4f350
f81ccdb0-410f-49ce-9437-9f15e8dc3abd,ef67fa3d-8c99-4b75-b919-cc27655c9b62
fd190849-4060-41e9-a9f6-c561d4f5298d,ef67fa3d-8c99-4b75-b919-cc27655c9b62
d2ac0727-fcb5-4150-84de-6ff12b56ae7a,ef67fa3d-8c99-4b75-b919-cc27655c9b62
b95daab1-7cd8-4b3d-85a9-f03473bd0009,ef67fa3d-8c99-4b75-b919-cc27655c9b62
826203b2-02f8-4a5e-a296-66da3437cc3f,82630dc7-7ace-448a-85da-64b95bb4f350
61aa8210-5a2c-44cf-a7e7-24f71eb5ecef,ef67fa3d-8c99-4b75-b919-cc27655c9b62
e4c79f65-7055-4ce5-9187-59929ef44c06,ef67fa3d-8c99-4b75-b919-cc27655c9b62
12186dbe-706f-4889-9801-82eff82ddce3,ef67fa3d-8c99-4b75-b919-cc27655c9b62
aec430de-0cd7-44dd-bd18-20b608344b5b,ef67fa3d-8c99-4b75-b919-cc27655c9b62
024d20df-42d9-471b-90a4-a3e596c7eca7,ef67fa3d-8c99-4b75-b919-cc27655c9b62
5d2f5a69-b549-41bb-816e-53c0c3e31344,ef67fa3d-8c99-4b75-b919-cc27655c9b62
102d60b5-5209-4227-99a0-2ce783ad4e5e,ef67fa3d-8c99-4b75-b919-cc27655c9b62
ee57f09f-84d8-4199-a680-b00479eed3ae,ef67fa3d-8c99-4b75-b919-cc27655c9b62
64e10507-b900-40f7-9759-a86eebc59a86,ef67fa3d-8c99-4b75-b919-cc27655c9b62
a46f5280-cc88-4fe1-9e90-e05335e0c210,ef67fa3d-8c99-4b75-b919-cc27655c9b62
1773743e-be6b-41d2-babe-a3130dc1d5c2,ef67fa3d-8c99-4b75-b919-cc27655c9b62
dbae8b6b-724d-42df-979f-45d101276785,ef67fa3d-8c99-4b75-b919-cc27655c9b62
c5b28d72-163b-41f2-8dab-8eb34d1465bc,ef67fa3d-8c99-4b75-b919-cc27655c9b62
b9102f82-5e12-4f6c-bce7-ceebc5b5e0c8,ef67fa3d-8c99-4b75-b919-cc27655c9b62
f4d6e3b8-242f-4a94-bc5f-58d0eeadfffb,ef67fa3d-8c99-4b75-b919-cc27655c9b62
ad150eb1-b104-47e0-a9ee-d22d68d6fd87,ef67fa3d-8c99-4b75-b919-cc27655c9b62
55ff640d-413a-47a8-b93e-fcdd741c4059,ef67fa3d-8c99-4b75-b919-cc27655c9b62
7e56fcd9-d125-4edf-a50e-5dcabd3ba37e,ef67fa3d-8c99-4b75-b919-cc27655c9b62
5c40c6c0-8770-4610-acd2-c3637ea9b0cc,ef67fa3d-8c99-4b75-b919-cc27655c9b62
ab833dc9-af04-460f-811a-381c069df044,ef67fa3d-8c99-4b75-b919-cc27655c9b62
8d60b95c-2997-42e5-a3d9-f6c41ad23c56,ef67fa3d-8c99-4b75-b919-cc27655c9b62
17a200d3-4483-4e2f-b83a-dd2a7e9da692,ef67fa3d-8c99-4b75-b919-cc27655c9b62
f56e21ef-f36f-4ec1-b8d1-7c9c05c4511b,ef67fa3d-8c99-4b75-b919-cc27655c9b62
ab0de92c-2011-4ece-8373-b1f4071b76d3,ef67fa3d-8c99-4b75-b919-cc27655c9b62
e8a4dd64-9410-46b3-b7cb-79367306a7dc,ef67fa3d-8c99-4b75-b919-cc27655c9b62
10e77b60-e840-4c07-bdbb-a93badb00dc9,ef67fa3d-8c99-4b75-b919-cc27655c9b62
cc3025f3-d3d2-48c4-a9f0-5337c7c38052,ef67fa3d-8c99-4b75-b919-cc27655c9b62
cc3025f3-d3d2-48c4-a9f0-5337c7c38052,82630dc7-7ace-448a-85da-64b95bb4f350
3a205da3-6924-4c58-b771-765c7fbcf830,ef67fa3d-8c99-4b75-b919-cc27655c9b62
e089c87c-f28a-466a-ae69-dc5715f5c2de,ef67fa3d-8c99-4b75-b919-cc27655c9b62
febd44c6-7449-44a7-b8d7-e4ab30673ed7,ef67fa3d-8c99-4b75-b919-cc27655c9b62
b6627a60-7ad9-45b1-bca0-01267ced0b31,ef67fa3d-8c99-4b75-b919-cc27655c9b62
dd169ab0-cfc1-4d93-9527-28d94739e8fd,ef67fa3d-8c99-4b75-b919-cc27655c9b62
89ba7645-8d59-4ef2-ab83-825714b5999b,ef67fa3d-8c99-4b75-b919-cc27655c9b62
e0dc9151-e34b-4517-ba82-bb5717dc0713,ef67fa3d-8c99-4b75-b919-cc27655c9b62
4880edb3-00fc-485b-b546-b82d817c0ebc,ef67fa3d-8c99-4b75-b919-cc27655c9b62
fa1708df-baba-4ae1-ae8d-a43e24709689,ef67fa3d-8c99-4b75-b919-cc27655c9b62
feddcf3a-977d-4238-9f0e-215c9ca007fd,ef67fa3d-8c99-4b75-b919-cc27655c9b62
10eaf124-59ca-4446-8565-bbe3fae665b1,ef67fa3d-8c99-4b75-b919-cc27655c9b62
6d2cdd13-0614-4536-9cf9-5125ab8f6974,ef67fa3d-8c99-4b75-b919-cc27655c9b62
44b613d3-bc0d-44c5-80c4-cfa76b5ab122,15b7e63d-f387-4a7b-9a8f-125450990684
44b613d3-bc0d-44c5-80c4-cfa76b5ab122,82630dc7-7ace-448a-85da-64b95bb4f350
361ce9bc-61cd-436b-99c6-4cdedd722c3b,ef67fa3d-8c99-4b75-b919-cc27655c9b62
30fbb27a-3e40-4bfa-9db3-7d1e58fec288,ef67fa3d-8c99-4b75-b919-cc27655c9b62
30fbb27a-3e40-4bfa-9db3-7d1e58fec288,82630dc7-7ace-448a-85da-64b95bb4f350
f1d48fc3-138c-43f4-a71a-ff09d068c523,ef67fa3d-8c99-4b75-b919-cc27655c9b62
3df8c948-da5f-490a-b5d8-defd56b88f91,ef67fa3d-8c99-4b75-b919-cc27655c9b62
b32f6a0e-5076-4342-ab90-604d0edd6be8,ef67fa3d-8c99-4b75-b919-cc27655c9b62
a083f733-bf70-4a08-adae-31241be1b4f1,ef67fa3d-8c99-4b75-b919-cc27655c9b62
d893e415-481c-4934-9fa4-f028f3d555c1,ef67fa3d-8c99-4b75-b919-cc27655c9b62
cf33f8fb-33b7-4d25-b0bd-6b41d6feeaec,ef67fa3d-8c99-4b75-b919-cc27655c9b62
4bb6c44f-b197-4331-b01b-8d5c7cd6a3fa,ef67fa3d-8c99-4b75-b919-cc27655c9b62
a594303e-1887-4761-bea1-99f502d73f02,9989706e-9363-40a8-ac41-d09dce1d8f1d
efd0a827-0222-4ce8-9df3-44d3df9f2364,705b226a-400b-4601-ab06-85d1e79772df
efd0a827-0222-4ce8-9df3-44d3df9f2364,82630dc7-7ace-448a-85da-64b95bb4f350
8e47b880-1313-4fff-907b-bc179fc899fb,705b226a-400b-4601-ab06-85d1e79772df
f176de1a-d2e2-4db8-99cc-a5b0b797d494,705b226a-400b-4601-ab06-85d1e79772df
1fb933c4-3234-4d54-b2fc-455982e35c56,705b226a-400b-4601-ab06-85d1e79772df
1adb01bd-1b68-4934-8ba4-408eff2af846,705b226a-400b-4601-ab06-85d1e79772df
8067412e-f1fe-4d4a-99e5-0a0441ce83cb,705b226a-400b-4601-ab06-85d1e79772df
741b8c5f-e0b7-42d6-96b4-cf57042511ea,206ecc58-973c-4000-9fa2-cc5c7d0f18a1
741b8c5f-e0b7-42d6-96b4-cf57042511ea,15b7e63d-f387-4a7b-9a8f-125450990684
43f1f4d4-2dcf-4f54-812c-e96b3c9621b8,206ecc58-973c-4000-9fa2-cc5c7d0f18a1
43f1f4d4-2dcf-4f54-812c-e96b3c9621b8,15b7e63d-f387-4a7b-9a8f-125450990684
33fb6b60-ae85-476a-a19d-453c90032a19,206ecc58-973c-4000-9fa2-cc5c7d0f18a1
33fb6b60-ae85-476a-a19d-453c90032a19,15b7e63d-f387-4a7b-9a8f-125450990684
9c8da1a4-3bf3-406e-8703-12f33f6ee0cf,82630dc7-7ace-448a-85da-64b95bb4f350
9c8da1a4-3bf3-406e-8703-12f33f6ee0cf,15b7e63d-f387-4a7b-9a8f-125450990684
8583efa5-e671-4c3d-b3d8-caefb69865b9,82630dc7-7ace-448a-85da-64b95bb4f350
8583efa5-e671-4c3d-b3d8-caefb69865b9,15b7e63d-f387-4a7b-9a8f-125450990684
a22e8f27-c018-4e10-b9f7-6e89c4eea7bf,82630dc7-7ace-448a-85da-64b95bb4f350
1f39b35e-7023-42e2-a778-a6ea7691d9aa,15b7e63d-f387-4a7b-9a8f-125450990684
1f39b35e-7023-42e2-a778-a6ea7691d9aa,82630dc7-7ace-448a-85da-64b95bb4f350
d280d1ec-d324-48ef-82d1-f5afaac662f3,15b7e63d-f387-4a7b-9a8f-125450990684
d1115bf0-c5f5-47c0-9534-0f33092d814d,15b7e63d-f387-4a7b-9a8f-125450990684
d1115bf0-c5f5-47c0-9534-0f33092d814d,82630dc7-7ace-448a-85da-64b95bb4f350
46101dee-f9a7-4dc5-b63a-46ff9f4e8be9,15b7e63d-f387-4a7b-9a8f-125450990684
46101dee-f9a7-4dc5-b63a-46ff9f4e8be9,82630dc7-7ace-448a-85da-64b95bb4f350
1ddf6470-a492-4a68-ae29-1e73bbb26f7c,15b7e63d-f387-4a7b-9a8f-125450990684
1ddf6470-a492-4a68-ae29-1e73bbb26f7c,82630dc7-7ace-448a-85da-64b95bb4f350
2e395652-4403-4e38-8d8e-47fc10f76947,15b7e63d-f387-4a7b-9a8f-125450990684
9c78b0db-f640-4c4e-9976-1113d5c2904e,15b7e63d-f387-4a7b-9a8f-125450990684
5f5306d5-4efb-4b3f-b180-ce7f13059b9f,82630dc7-7ace-448a-85da-64b95bb4f350
d66c1f71-b239-4bd6-949e-56f16e2139ae,15b7e63d-f387-4a7b-9a8f-125450990684
d66c1f71-b239-4bd6-949e-56f16e2139ae,82630dc7-7ace-448a-85da-64b95bb4f350
edc4dc01-05c8-4dc8-9963-9946da79a5e3,15b7e63d-f387-4a7b-9a8f-125450990684
84343688-6570-4795-90cb-b87a0f66214c,82630dc7-7ace-448a-85da-64b95bb4f350
1b7411e6-2a2b-4cc2-a628-454ad8fd9c90,82630dc7-7ace-448a-85da-64b95bb4f350
1b7411e6-2a2b-4cc2-a628-454ad8fd9c90,15b7e63d-f387-4a7b-9a8f-125450990684
31a0eb9d-c8d4-4aee-9d1e-a2846eb73680,ef67fa3d-8c99-4b75-b919-cc27655c9b62
a07b58de-cae9-4b8a-8aa1-4ba416aa847d,15b7e63d-f387-4a7b-9a8f-125450990684
a07b58de-cae9-4b8a-8aa1-4ba416aa847d,82630dc7-7ace-448a-85da-64b95bb4f350
a7e7d01a-c294-4aa7-b7ca-aec799fe6acf,206ecc58-973c-4000-9fa2-cc5c7d0f18a1
a7e7d01a-c294-4aa7-b7ca-aec799fe6acf,15b7e63d-f387-4a7b-9a8f-125450990684
f50531df-31f9-4b55-9695-2a592a4a0882,206ecc58-973c-4000-9fa2-cc5c7d0f18a1
f50531df-31f9-4b55-9695-2a592a4a0882,15b7e63d-f387-4a7b-9a8f-125450990684
9aec6a63-0521-465f-9d51-614e181691ae,206ecc58-973c-4000-9fa2-cc5c7d0f18a1
9aec6a63-0521-465f-9d51-614e181691ae,15b7e63d-f387-4a7b-9a8f-125450990684
3cda72dd-b19c-402b-ae19-b857e95fd145,206ecc58-973c-4000-9fa2-cc5c7d0f18a1
766537bb-cada-4cba-b21b-9553caf62619,206ecc58-973c-4000-9fa2-cc5c7d0f18a1
3dee1542-615a-48c8-a14d-c5bd67a057dc,206ecc58-973c-4000-9fa2-cc5c7d0f18a1
3dee1542-615a-48c8-a14d-c5bd67a057dc,15b7e63d-f387-4a7b-9a8f-125450990684
9dc4939e-2f4d-458d-b5f6-884d6b3b7ac7,206ecc58-973c-4000-9fa2-cc5c7d0f18a1
9dc4939e-2f4d-458d-b5f6-884d6b3b7ac7,15b7e63d-f387-4a7b-9a8f-125450990684
bbfb70b0-adb3-4df6-ad4a-8e330401fc65,206ecc58-973c-4000-9fa2-cc5c7d0f18a1
bbfb70b0-adb3-4df6-ad4a-8e330401fc65,15b7e63d-f387-4a7b-9a8f-125450990684
c4988d86-7e33-4557-a52a-c76aa83d9c90,206ecc58-973c-4000-9fa2-cc5c7d0f18a1
c4988d86-7e33-4557-a52a-c76aa83d9c90,15b7e63d-f387-4a7b-9a8f-125450990684
baa9a503-80dc-4286-af3f-6bc6b561d297,206ecc58-973c-4000-9fa2-cc5c7d0f18a1
baa9a503-80dc-4286-af3f-6bc6b561d297,15b7e63d-f387-4a7b-9a8f-125450990684
350d7b77-cc4a-415c-8211-dd866da83f3b,ef67fa3d-8c99-4b75-b919-cc27655c9b62
feca2641-abb5-4a47-99ab-e735111120a7,82630dc7-7ace-448a-85da-64b95bb4f350
96f61e63-8258-4e33-a6f6-8ea7cf06b791,82630dc7-7ace-448a-85da-64b95bb4f350
64339ce3-c0f9-4a34-8ff4-036822cb5b66,592bdd18-13d2-4e03-91cb-2d069f67ea50
3e9d2df2-7b2a-4e16-bb88-e89b3cdfe0b8,592bdd18-13d2-4e03-91cb-2d069f67ea50
66a62a06-8052-4dd3-9116-1a7437da3eae,592bdd18-13d2-4e03-91cb-2d069f67ea50
9a425072-86ad-4c18-b1fe-409d138e07bf,82630dc7-7ace-448a-85da-64b95bb4f350
71b7f48d-ba18-4792-a80b-90dd5ce06ec0,ef67fa3d-8c99-4b75-b919-cc27655c9b62
cb9d066f-eac2-4128-9aed-d5e5417f447d,ef67fa3d-8c99-4b75-b919-cc27655c9b62
7e259e47-35a8-44f0-ab43-33362a06d635,ef67fa3d-8c99-4b75-b919-cc27655c9b62
560f03c1-838c-4492-a0f6-0d3768400b13,ef67fa3d-8c99-4b75-b919-cc27655c9b62
8f8fafe0-9322-4ecd-970d-4a4d1d1305d9,ef67fa3d-8c99-4b75-b919-cc27655c9b62
75b164c3-3e1b-4c5a-a989-f29813010a9b,ef67fa3d-8c99-4b75-b919-cc27655c9b62
654019d4-6fcf-4fdc-b762-77635055c8e5,ef67fa3d-8c99-4b75-b919-cc27655c9b62
e6c33e36-255b-4674-83c0-74b79dfdc6c6,ef67fa3d-8c99-4b75-b919-cc27655c9b62
3ddc2665-0d81-48ed-9152-0ec8b7b95e6f,ef67fa3d-8c99-4b75-b919-cc27655c9b62
a42518bf-2e37-4aac-bbd6-b2840b547f9e,ef67fa3d-8c99-4b75-b919-cc27655c9b62
2638b4ed-71f2-402e-afa9-1f14d6c0a333,592bdd18-13d2-4e03-91cb-2d069f67ea50
c77a6aac-ea28-4c91-916a-72cb126de50b,592bdd18-13d2-4e03-91cb-2d069f67ea50
d4c346a5-61c6-42fe-9aca-59b2123b972d,592bdd18-13d2-4e03-91cb-2d069f67ea50
2e39e343-4210-4a57-9947-ca3b5a0ccf1f,592bdd18-13d2-4e03-91cb-2d069f67ea50
d4a9870d-3e65-432b-8588-1776a53019cc,592bdd18-13d2-4e03-91cb-2d069f67ea50
7c0a4489-a624-4be4-b269-1ddc9ca4ba74,592bdd18-13d2-4e03-91cb-2d069f67ea50
8c7e24e9-f7a4-4797-b98f-ac7c7ef7fddb,592bdd18-13d2-4e03-91cb-2d069f67ea50
d980b031-eefc-405e-baf4-c41deb3ff764,592bdd18-13d2-4e03-91cb-2d069f67ea50
096f202d-f138-44d8-9c3b-5c524c8720ea,ef67fa3d-8c99-4b75-b919-cc27655c9b62
5490eafb-0f30-4263-a45f-f89ed0812558,ef67fa3d-8c99-4b75-b919-cc27655c9b62
ac425c36-1bf2-4d21-b152-a691c9c0da5a,ef67fa3d-8c99-4b75-b919-cc27655c9b62
02330418-7310-4414-9d8d-6c7940ee56b6,15b7e63d-f387-4a7b-9a8f-125450990684
3dd231dd-74ed-4a8b-b90d-3f08781b3eee,ef67fa3d-8c99-4b75-b919-cc27655c9b62
f8424614-1e91-4d7b-a5f5-5e378657d7d2,ef67fa3d-8c99-4b75-b919-cc27655c9b62
2acb9b9c-32e5-43cb-a7d2-c1d8e43a80bf,ef67fa3d-8c99-4b75-b919-cc27655c9b62
755327bb-df26-46f5-9a7e-f602f44fe40f,ef67fa3d-8c99-4b75-b919-cc27655c9b62
6baac69a-9e44-4de6-a3aa-a2320984acfb,ef67fa3d-8c99-4b75-b919-cc27655c9b62
8589a1d2-aefa-4b4a-9cb6-18a843ad9279,ef67fa3d-8c99-4b75-b919-cc27655c9b62
52e03921-2af2-4a80-9ec4-46550801329d,5dade57c-d1f9-4088-a7b0-980ca3725e47
6e06967b-db18-4370-bd1e-d9fae480bce0,15b7e63d-f387-4a7b-9a8f-125450990684
857e4bd5-178f-4889-a7ad-dc9559d7d650,206ecc58-973c-4000-9fa2-cc5c7d0f18a1
857e4bd5-178f-4889-a7ad-dc9559d7d650,15b7e63d-f387-4a7b-9a8f-125450990684
d4006e3a-9bf0-4cb7-aadd-dfa0d7acd37f,206ecc58-973c-4000-9fa2-cc5c7d0f18a1
d4006e3a-9bf0-4cb7-aadd-dfa0d7acd37f,15b7e63d-f387-4a7b-9a8f-125450990684
d6e3f22f-59a1-459f-97b8-c0938d05ad6c,5dade57c-d1f9-4088-a7b0-980ca3725e47
f1ede211-a0c0-4674-9506-34227f0e31a5,5dade57c-d1f9-4088-a7b0-980ca3725e47
f524dbcc-6f88-4f03-a39e-188d71c73acc,5dade57c-d1f9-4088-a7b0-980ca3725e47
6c640356-1db2-45e2-aee9-cc6d9b5fd69e,5dade57c-d1f9-4088-a7b0-980ca3725e47
027398d8-f3c0-44d5-a75c-965dab8b794d,5dade57c-d1f9-4088-a7b0-980ca3725e47
84f1504b-fbd6-4703-9362-e9771ba9e010,15b7e63d-f387-4a7b-9a8f-125450990684
8ab1874a-1732-491a-871a-f8d73f58fcbb,705b226a-400b-4601-ab06-85d1e79772df
29eb6551-0d34-457d-88a4-9ede936d8153,5dade57c-d1f9-4088-a7b0-980ca3725e47
e292a77a-7034-428c-8e09-adbad938b6f3,5dade57c-d1f9-4088-a7b0-980ca3725e47
8d6065c5-2247-498d-aed1-7cf6cf0c99ec,705b226a-400b-4601-ab06-85d1e79772df
b62f44b5-ca73-40dc-b80e-dd0a9ed3ed94,5dade57c-d1f9-4088-a7b0-980ca3725e47
a526a2f5-2181-4729-aa84-82f4e6abef92,592bdd18-13d2-4e03-91cb-2d069f67ea50
a526a2f5-2181-4729-aa84-82f4e6abef92,15b7e63d-f387-4a7b-9a8f-125450990684
9d5d2c10-1f10-4ffb-9c61-4d061db2116d,592bdd18-13d2-4e03-91cb-2d069f67ea50
9d5d2c10-1f10-4ffb-9c61-4d061db2116d,15b7e63d-f387-4a7b-9a8f-125450990684
72ed7b3e-d1f9-4edd-bde3-2874f2f1f9ab,592bdd18-13d2-4e03-91cb-2d069f67ea50
7a0a3013-c4aa-4179-9cfc-2f0eaf8f5634,15b7e63d-f387-4a7b-9a8f-125450990684
91e0cde4-beb7-4a92-b2da-04aa002eaa00,592bdd18-13d2-4e03-91cb-2d069f67ea50
91e0cde4-beb7-4a92-b2da-04aa002eaa00,15b7e63d-f387-4a7b-9a8f-125450990684
34207183-8b52-463e-941b-c647f0b4b5a8,592bdd18-13d2-4e03-91cb-2d069f67ea50
34207183-8b52-463e-941b-c647f0b4b5a8,705b226a-400b-4601-ab06-85d1e79772df
c757c169-af4c-416c-acee-343066b5d851,592bdd18-13d2-4e03-91cb-2d069f67ea50
ff76498a-5f45-41ae-b9d5-8c2561d50be9,592bdd18-13d2-4e03-91cb-2d069f67ea50
e854ff80-0ab0-4681-a7cb-06745ed7622c,592bdd18-13d2-4e03-91cb-2d069f67ea50
da478106-5f20-41a0-b7cd-18c62b62bf07,592bdd18-13d2-4e03-91cb-2d069f67ea50
c7c9a045-b7ec-433c-a4fc-1e142b082118,592bdd18-13d2-4e03-91cb-2d069f67ea50
9b0acd50-69a6-46b7-b3a8-cd0945e479bc,592bdd18-13d2-4e03-91cb-2d069f67ea50
d0955f3b-e14e-4e5c-91fe-900a3e729220,705b226a-400b-4601-ab06-85d1e79772df
d0955f3b-e14e-4e5c-91fe-900a3e729220,592bdd18-13d2-4e03-91cb-2d069f67ea50
dde6142b-5fe3-4c57-9590-d245259293fe,592bdd18-13d2-4e03-91cb-2d069f67ea50
a97a2cb3-2c2f-4108-8e90-68c804f87d83,592bdd18-13d2-4e03-91cb-2d069f67ea50
d0681aa2-165d-449c-a36c-9961212b7370,592bdd18-13d2-4e03-91cb-2d069f67ea50
5db8a9df-aaf2-4877-b878-7471c4585563,592bdd18-13d2-4e03-91cb-2d069f67ea50
888b60ce-2eee-41d7-9dd9-aa1783a250c0,592bdd18-13d2-4e03-91cb-2d069f67ea50
c629cd0c-2c60-41a1-a467-e1d028b431a3,592bdd18-13d2-4e03-91cb-2d069f67ea50
fea3982e-120c-4150-853b-66d5bf80a9dc,592bdd18-13d2-4e03-91cb-2d069f67ea50
c3bbcf78-09ac-403c-9dc8-9d6b307d89ad,592bdd18-13d2-4e03-91cb-2d069f67ea50
c8562c4a-83e8-4f24-b5e5-696a37201692,592bdd18-13d2-4e03-91cb-2d069f67ea50
c66b7f05-2f0d-468a-b316-f011987c16f1,592bdd18-13d2-4e03-91cb-2d069f67ea50
7f1428d4-ee1e-4bf4-87b8-84cf580a20b7,592bdd18-13d2-4e03-91cb-2d069f67ea50
b4c0fdbb-42c9-4a30-ae92-8aa28b8a8a3d,592bdd18-13d2-4e03-91cb-2d069f67ea50
c2c72570-dec3-4f51-aee0-7ad23a671f03,592bdd18-13d2-4e03-91cb-2d069f67ea50
67aff47b-f383-4994-b81d-57a8c4707b5b,592bdd18-13d2-4e03-91cb-2d069f67ea50
b1085afd-47c6-41d0-a628-35b9473c1baa,592bdd18-13d2-4e03-91cb-2d069f67ea50
78a19042-f12c-414a-a067-8c7e070f567a,592bdd18-13d2-4e03-91cb-2d069f67ea50
4549af04-6d05-4aff-ae6f-33285c4a0f61,592bdd18-13d2-4e03-91cb-2d069f67ea50
949ebd5a-2665-4855-8a5b-fe8cce13ca3d,592bdd18-13d2-4e03-91cb-2d069f67ea50
be9d6f8b-bc57-4a9e-805d-a3752a1d8407,592bdd18-13d2-4e03-91cb-2d069f67ea50
e8113f96-3772-4c7f-b063-53d6473d4201,592bdd18-13d2-4e03-91cb-2d069f67ea50
423a323a-b3e4-4899-9fe0-d8d755a3b5cf,592bdd18-13d2-4e03-91cb-2d069f67ea50
4defff58-9f0a-49c3-ae37-4f4d1296aec1,592bdd18-13d2-4e03-91cb-2d069f67ea50
686b793a-9d97-408d-8a16-63ec25d46f33,592bdd18-13d2-4e03-91cb-2d069f67ea50
b3eb8a0a-4ff0-4512-a6a0-38d86ffbea79,ef67fa3d-8c99-4b75-b919-cc27655c9b62
276a18ef-2ce7-400d-9b1b-bd63f53a9657,592bdd18-13d2-4e03-91cb-2d069f67ea50
276a18ef-2ce7-400d-9b1b-bd63f53a9657,82630dc7-7ace-448a-85da-64b95bb4f350
b3ef8d2f-4cd9-4a82-ad16-39da4bee670b,592bdd18-13d2-4e03-91cb-2d069f67ea50
8ded7ad7-f918-4e2e-a9e9-59d460d47b43,592bdd18-13d2-4e03-91cb-2d069f67ea50
c8a43bec-3a0d-4665-b4f9-f059c41837dc,592bdd18-13d2-4e03-91cb-2d069f67ea50
db52af2d-61cc-4ab1-8032-a7166964e4cf,592bdd18-13d2-4e03-91cb-2d069f67ea50
34b3d461-212d-42cb-a3ec-563928b1f7d4,592bdd18-13d2-4e03-91cb-2d069f67ea50
10764146-f18e-43d5-858d-4aa73869fc74,206ecc58-973c-4000-9fa2-cc5c7d0f18a1
10764146-f18e-43d5-858d-4aa73869fc74,15b7e63d-f387-4a7b-9a8f-125450990684
e028c1db-a458-4149-ad75-b2cb0702d98c,592bdd18-13d2-4e03-91cb-2d069f67ea50
fdb21346-d3f1-41b7-a47f-3122c95927fe,592bdd18-13d2-4e03-91cb-2d069f67ea50
ba1ac725-f6d3-4be3-9553-49060e228d87,592bdd18-13d2-4e03-91cb-2d069f67ea50
7d3a338e-8ce1-47e5-9ea4-88f9ad980400,15b7e63d-f387-4a7b-9a8f-125450990684
a9d7701c-4aef-43c7-9f4e-3c5e6543efdc,705b226a-400b-4601-ab06-85d1e79772df
875f804f-035e-46a2-90ad-19a32b0e6a69,592bdd18-13d2-4e03-91cb-2d069f67ea50
376b0721-5578-4e3b-bceb-0f2a0e770c84,592bdd18-13d2-4e03-91cb-2d069f67ea50
eca13bb5-539b-40b3-919a-d3237ca9bd3d,592bdd18-13d2-4e03-91cb-2d069f67ea50
eca13bb5-539b-40b3-919a-d3237ca9bd3d,ef67fa3d-8c99-4b75-b919-cc27655c9b62
a11ed77e-8129-438f-800e-bcd6857ba37a,592bdd18-13d2-4e03-91cb-2d069f67ea50
b0c490cf-ec8c-482b-b3d1-06f447d8ffc4,592bdd18-13d2-4e03-91cb-2d069f67ea50
a181994b-3df9-4938-8528-6ba1639812cf,592bdd18-13d2-4e03-91cb-2d069f67ea50
fd908b76-1d83-4ae8-afec-0823ac7af896,592bdd18-13d2-4e03-91cb-2d069f67ea50
71ff022e-0c1b-4424-a7fb-144aac668de1,592bdd18-13d2-4e03-91cb-2d069f67ea50
71ff022e-0c1b-4424-a7fb-144aac668de1,82630dc7-7ace-448a-85da-64b95bb4f350
3b9649cb-5f13-41be-9d6d-36b9048e63d6,592bdd18-13d2-4e03-91cb-2d069f67ea50
3b9649cb-5f13-41be-9d6d-36b9048e63d6,82630dc7-7ace-448a-85da-64b95bb4f350
1460eacb-ba04-4a5f-b5be-78135ff3534d,15b7e63d-f387-4a7b-9a8f-125450990684
1460eacb-ba04-4a5f-b5be-78135ff3534d,82630dc7-7ace-448a-85da-64b95bb4f350
de1afad7-aecb-4e7e-aa85-fe0a308849b1,705b226a-400b-4601-ab06-85d1e79772df
760a4dab-2f43-4401-aa78-2a4fb79ffd2c,705b226a-400b-4601-ab06-85d1e79772df
b18b2243-31a7-4202-9028-04e6df1ee11a,705b226a-400b-4601-ab06-85d1e79772df
b18b2243-31a7-4202-9028-04e6df1ee11a,82630dc7-7ace-448a-85da-64b95bb4f350
1c2ebc35-2d75-4690-b1e9-429ed5f4ce50,705b226a-400b-4601-ab06-85d1e79772df
1c2ebc35-2d75-4690-b1e9-429ed5f4ce50,82630dc7-7ace-448a-85da-64b95bb4f350
e77a5e4f-2bfc-41c1-907d-9f81b328ee10,705b226a-400b-4601-ab06-85d1e79772df
e77a5e4f-2bfc-41c1-907d-9f81b328ee10,82630dc7-7ace-448a-85da-64b95bb4f350
ed5bd58a-d652-4f60-a4b6-ae78e6206e9b,705b226a-400b-4601-ab06-85d1e79772df
ed5bd58a-d652-4f60-a4b6-ae78e6206e9b,82630dc7-7ace-448a-85da-64b95bb4f350
3050ae0b-4ab5-4ee7-a7cd-160867d1d690,705b226a-400b-4601-ab06-85d1e79772df
3050ae0b-4ab5-4ee7-a7cd-160867d1d690,82630dc7-7ace-448a-85da-64b95bb4f350
9f95a3ac-d81f-47d3-be81-73d75ad5b44d,705b226a-400b-4601-ab06-85d1e79772df
9f95a3ac-d81f-47d3-be81-73d75ad5b44d,82630dc7-7ace-448a-85da-64b95bb4f350
a8546e4b-8f42-4a16-9fc6-8d6081da083f,705b226a-400b-4601-ab06-85d1e79772df
a8546e4b-8f42-4a16-9fc6-8d6081da083f,82630dc7-7ace-448a-85da-64b95bb4f350
c98c9869-e298-486e-84a9-024ff66efd5f,5dade57c-d1f9-4088-a7b0-980ca3725e47
c98c9869-e298-486e-84a9-024ff66efd5f,206ecc58-973c-4000-9fa2-cc5c7d0f18a1
1a437c7f-d6c7-425a-b35b-964442e78a4a,5dade57c-d1f9-4088-a7b0-980ca3725e47
1a437c7f-d6c7-425a-b35b-964442e78a4a,9989706e-9363-40a8-ac41-d09dce1d8f1d
771dca4b-0f11-42a6-aad7-a77630ec4572,5dade57c-d1f9-4088-a7b0-980ca3725e47
771dca4b-0f11-42a6-aad7-a77630ec4572,206ecc58-973c-4000-9fa2-cc5c7d0f18a1
61d3fa7a-e783-4617-9f44-6038500b557e,705b226a-400b-4601-ab06-85d1e79772df
61d3fa7a-e783-4617-9f44-6038500b557e,82630dc7-7ace-448a-85da-64b95bb4f350
b6731aa7-993e-45f7-8b14-61d512c6c8cf,82630dc7-7ace-448a-85da-64b95bb4f350
989e4c7a-e1a5-4668-99d7-0dea5dac1145,5dade57c-d1f9-4088-a7b0-980ca3725e47
c81be89d-b66b-4210-a628-e66e88bd114b,5dade57c-d1f9-4088-a7b0-980ca3725e47
0377b48d-1248-43ed-8e16-ba94cd446c35,ef67fa3d-8c99-4b75-b919-cc27655c9b62
64e97ca1-c991-407d-95c3-6eb0c779f820,5dade57c-d1f9-4088-a7b0-980ca3725e47
64e97ca1-c991-407d-95c3-6eb0c779f820,ef67fa3d-8c99-4b75-b919-cc27655c9b62
1be8e22b-ff3c-41d0-9646-49b17bb8925e,82630dc7-7ace-448a-85da-64b95bb4f350
b4534d72-2c95-4078-aedf-1ec975156671,5dade57c-d1f9-4088-a7b0-980ca3725e47
6e1d174f-9466-4c90-8f68-91c9039bbb00,5dade57c-d1f9-4088-a7b0-980ca3725e47
6e68a9cd-5f75-4c16-a7c2-1b7d3bab8f0d,ef67fa3d-8c99-4b75-b919-cc27655c9b62
de1ca05d-c51e-4cd2-bd70-4e2aac1c0f7a,82630dc7-7ace-448a-85da-64b95bb4f350
50fbf7ed-108c-4230-a98d-ec374b22606e,592bdd18-13d2-4e03-91cb-2d069f67ea50
37313c66-f95f-4dc0-b6bc-5118dfc49c84,5dade57c-d1f9-4088-a7b0-980ca3725e47
37313c66-f95f-4dc0-b6bc-5118dfc49c84,ef67fa3d-8c99-4b75-b919-cc27655c9b62
0a3ee7d2-256b-456f-aabc-3244bfbe2433,82630dc7-7ace-448a-85da-64b95bb4f350
3ee989ab-6272-40b6-884b-a938051f9b5f,ef67fa3d-8c99-4b75-b919-cc27655c9b62
1627699c-bf85-4c56-b94c-342d3bac2a3f,206ecc58-973c-4000-9fa2-cc5c7d0f18a1
e6dd9b97-68d3-44a2-869b-881e2a9f8abe,206ecc58-973c-4000-9fa2-cc5c7d0f18a1
4e05259d-0b05-493d-b24d-bf6f719024f9,82630dc7-7ace-448a-85da-64b95bb4f350
2905384f-ef07-43c7-aa1d-030ead40cd61,82630dc7-7ace-448a-85da-64b95bb4f350
97135a74-eebf-45f9-a2de-ad9568e274e5,82630dc7-7ace-448a-85da-64b95bb4f350
16c541f1-09f2-4e99-8699-c7eb9f935126,82630dc7-7ace-448a-85da-64b95bb4f350
16c541f1-09f2-4e99-8699-c7eb9f935126,5dade57c-d1f9-4088-a7b0-980ca3725e47
48ad4321-e5ec-4262-83b5-1d22828daaa8,82630dc7-7ace-448a-85da-64b95bb4f350
453c0167-5561-4c06-9b0c-38be79ae26fa,15b7e63d-f387-4a7b-9a8f-125450990684
dbd97e0b-373d-40e8-8552-f42864af0c8a,58707778-4b63-4b4d-8eef-70b06af971cf
bd6f555f-70fe-4f2f-bf55-d65a8d00ff16,592bdd18-13d2-4e03-91cb-2d069f67ea50
413a8155-e84f-4315-8558-9a4847c38f48,592bdd18-13d2-4e03-91cb-2d069f67ea50
48977195-4160-47d6-8f18-24295fc4e091,592bdd18-13d2-4e03-91cb-2d069f67ea50
056330ce-47c6-45a9-86d6-609771405313,15b7e63d-f387-4a7b-9a8f-125450990684
6124f819-76c3-4262-ada9-35791ef93bc2,15b7e63d-f387-4a7b-9a8f-125450990684
b539a819-9e28-42ca-89e4-7e0c256bc6ca,15b7e63d-f387-4a7b-9a8f-125450990684
cc032f7b-c57c-4fd3-bf97-39c6a22de1f4,705b226a-400b-4601-ab06-85d1e79772df
9c354b6c-5140-4374-b5b2-d11b577c6c92,705b226a-400b-4601-ab06-85d1e79772df
5e76c122-f0fd-415f-859c-a3c5098e85ca,705b226a-400b-4601-ab06-85d1e79772df
5e76c122-f0fd-415f-859c-a3c5098e85ca,82630dc7-7ace-448a-85da-64b95bb4f350
92adb6ff-3f9f-4966-8e62-92e940dd04a8,705b226a-400b-4601-ab06-85d1e79772df
92adb6ff-3f9f-4966-8e62-92e940dd04a8,82630dc7-7ace-448a-85da-64b95bb4f350
6490e71e-d0ac-4b15-8f82-17bdf669bad1,705b226a-400b-4601-ab06-85d1e79772df
6490e71e-d0ac-4b15-8f82-17bdf669bad1,82630dc7-7ace-448a-85da-64b95bb4f350
6f46d9a6-0f7e-4444-8099-000f08f2caeb,705b226a-400b-4601-ab06-85d1e79772df
6f46d9a6-0f7e-4444-8099-000f08f2caeb,82630dc7-7ace-448a-85da-64b95bb4f350
5ec9b73d-5b2c-4439-9fdb-76ecd9d5ce42,705b226a-400b-4601-ab06-85d1e79772df
1cefe880-050e-4c29-843e-006419e69426,705b226a-400b-4601-ab06-85d1e79772df
1cefe880-050e-4c29-843e-006419e69426,82630dc7-7ace-448a-85da-64b95bb4f350
17763247-a116-4159-b749-652f040925a4,705b226a-400b-4601-ab06-85d1e79772df
17763247-a116-4159-b749-652f040925a4,82630dc7-7ace-448a-85da-64b95bb4f350
a28ed7ea-66dd-4993-a0b7-41d63f45e2d1,705b226a-400b-4601-ab06-85d1e79772df
a28ed7ea-66dd-4993-a0b7-41d63f45e2d1,82630dc7-7ace-448a-85da-64b95bb4f350
2691eb2c-5a68-4720-b7aa-0eea542b2d6d,705b226a-400b-4601-ab06-85d1e79772df
2691eb2c-5a68-4720-b7aa-0eea542b2d6d,82630dc7-7ace-448a-85da-64b95bb4f350
8cae8d23-d1d1-481b-a4b1-29cb68d6c52c,206ecc58-973c-4000-9fa2-cc5c7d0f18a1
8515266c-362a-465c-92c9-a8a2d3041662,705b226a-400b-4601-ab06-85d1e79772df
e22a66ae-fbc2-44fb-ba73-fa12e939cb51,705b226a-400b-4601-ab06-85d1e79772df
e22a66ae-fbc2-44fb-ba73-fa12e939cb51,82630dc7-7ace-448a-85da-64b95bb4f350
173dd1e5-1c8d-46c2-8abe-1d595edb0be2,705b226a-400b-4601-ab06-85d1e79772df
fc0c3293-3907-4a21-b915-875d748d4f39,206ecc58-973c-4000-9fa2-cc5c7d0f18a1
97b1ac67-210b-466b-9370-ac7f40c3180f,206ecc58-973c-4000-9fa2-cc5c7d0f18a1
0c94bf0c-2580-46e8-b0df-61722f9a1901,206ecc58-973c-4000-9fa2-cc5c7d0f18a1
81e5b728-5b1c-43c2-81b9-51b8cd7bf2c3,705b226a-400b-4601-ab06-85d1e79772df
81e5b728-5b1c-43c2-81b9-51b8cd7bf2c3,82630dc7-7ace-448a-85da-64b95bb4f350
bb40b13a-f20c-40a9-9b00-5890575b90ea,58707778-4b63-4b4d-8eef-70b06af971cf
9566a985-9234-4cb1-9822-260901d7c16f,58707778-4b63-4b4d-8eef-70b06af971cf
d96bad66-f11e-4f03-82f4-3ad156e022b5,58707778-4b63-4b4d-8eef-70b06af971cf
69f012b4-ec77-42df-be7c-8be841142aef,5dade57c-d1f9-4088-a7b0-980ca3725e47
69f012b4-ec77-42df-be7c-8be841142aef,592bdd18-13d2-4e03-91cb-2d069f67ea50
f1e97664-fa4f-47e2-9c65-a09d1c409e10,5dade57c-d1f9-4088-a7b0-980ca3725e47
f1e97664-fa4f-47e2-9c65-a09d1c409e10,82630dc7-7ace-448a-85da-64b95bb4f350
95a8e587-2466-4a9e-a04e-87e1561eb2d9,5dade57c-d1f9-4088-a7b0-980ca3725e47
cab10e54-e792-4fa6-8fb5-9fbdffbda989,5dade57c-d1f9-4088-a7b0-980ca3725e47
cab10e54-e792-4fa6-8fb5-9fbdffbda989,ef67fa3d-8c99-4b75-b919-cc27655c9b62
07c7eb91-419d-4289-b42a-e50e059e889b,5dade57c-d1f9-4088-a7b0-980ca3725e47
07c7eb91-419d-4289-b42a-e50e059e889b,ef67fa3d-8c99-4b75-b919-cc27655c9b62
5f75d7cc-5e46-417c-92d6-d95a3df39252,5dade57c-d1f9-4088-a7b0-980ca3725e47
c5475ff6-b8bd-456e-879c-ef96fce690df,5dade57c-d1f9-4088-a7b0-980ca3725e47
4ad7f753-52f4-4e61-acc2-56600c4ab434,5dade57c-d1f9-4088-a7b0-980ca3725e47
d72c6f00-b3c9-42d0-b034-0f7daa653773,5dade57c-d1f9-4088-a7b0-980ca3725e47
d72c6f00-b3c9-42d0-b034-0f7daa653773,82630dc7-7ace-448a-85da-64b95bb4f350
b4da1119-ab7a-4fcd-9565-eff5d7d3cfb3,ef67fa3d-8c99-4b75-b919-cc27655c9b62
b0e5a391-5edc-4983-a63f-8aa080189660,ef67fa3d-8c99-4b75-b919-cc27655c9b62
378f1c28-816a-45df-8e99-1518be79d3a5,ef67fa3d-8c99-4b75-b919-cc27655c9b62
a2dff58d-29e7-4ed3-9c23-ebf889bdb021,6bf5da8c-66de-4c2c-a8ea-f4361073bf6c
a2dff58d-29e7-4ed3-9c23-ebf889bdb021,15b7e63d-f387-4a7b-9a8f-125450990684
6cd260c1-10f9-47b2-a8b7-61bd624d3532,ef67fa3d-8c99-4b75-b919-cc27655c9b62
c8f3f501-bd14-45b6-b460-3a97f7f6784b,ef67fa3d-8c99-4b75-b919-cc27655c9b62
8aa35546-cc5f-41bb-a112-3c07aacb8aa0,ef67fa3d-8c99-4b75-b919-cc27655c9b62
a0b2b8aa-e859-4f95-88ed-7800c565f12c,ef67fa3d-8c99-4b75-b919-cc27655c9b62
49718ee1-9b46-468e-a6b2-d17c91967b7e,ef67fa3d-8c99-4b75-b919-cc27655c9b62
23ff356c-0d1c-4a30-9864-45e089ac00b2,ef67fa3d-8c99-4b75-b919-cc27655c9b62
5964a398-bc7a-4bed-a6c3-d139e58715b2,ef67fa3d-8c99-4b75-b919-cc27655c9b62
008a60c3-34b4-4cb4-8360-d7e7da4ba012,ef67fa3d-8c99-4b75-b919-cc27655c9b62
672e1e49-5ee0-4afe-8a54-0b60e4706483,ef67fa3d-8c99-4b75-b919-cc27655c9b62
b3f39b66-edbc-4ccd-89c0-cdaf3b25b6a6,ef67fa3d-8c99-4b75-b919-cc27655c9b62
c4152f35-5790-4413-b6e5-dfdde0911fa7,ef67fa3d-8c99-4b75-b919-cc27655c9b62
c4152f35-5790-4413-b6e5-dfdde0911fa7,6bf5da8c-66de-4c2c-a8ea-f4361073bf6c
51c0c425-b9cb-4f66-b6c9-5ad596811adf,ef67fa3d-8c99-4b75-b919-cc27655c9b62
51c0c425-b9cb-4f66-b6c9-5ad596811adf,6bf5da8c-66de-4c2c-a8ea-f4361073bf6c
695eafb3-6d3d-4663-b8b2-ecf960d6ab54,ef67fa3d-8c99-4b75-b919-cc27655c9b62
6786655e-2237-48a7-b79b-6703858beaca,ef67fa3d-8c99-4b75-b919-cc27655c9b62
353f6d47-9d10-48a8-8dd3-fc13bfa6e237,ef67fa3d-8c99-4b75-b919-cc27655c9b62
3f28c2bc-a9a7-4420-8106-672145d509f6,6bf5da8c-66de-4c2c-a8ea-f4361073bf6c
3f28c2bc-a9a7-4420-8106-672145d509f6,82630dc7-7ace-448a-85da-64b95bb4f350
21ec51c3-d357-4b25-bdae-fdbf971df3d9,206ecc58-973c-4000-9fa2-cc5c7d0f18a1
21ec51c3-d357-4b25-bdae-fdbf971df3d9,15b7e63d-f387-4a7b-9a8f-125450990684
5f662eab-83d8-493b-809a-187d3698d954,6bf5da8c-66de-4c2c-a8ea-f4361073bf6c
65aab03b-ad28-4581-8fb9-18c9220daf03,6bf5da8c-66de-4c2c-a8ea-f4361073bf6c
45e78f51-f5c2-4f4e-bc68-ab01a623ff8e,6bf5da8c-66de-4c2c-a8ea-f4361073bf6c
40d26b9e-c41a-4000-9397-39420cd5b03b,ef67fa3d-8c99-4b75-b919-cc27655c9b62
40d26b9e-c41a-4000-9397-39420cd5b03b,82630dc7-7ace-448a-85da-64b95bb4f350
8a931644-322a-464a-9f16-8179b7244bc6,ef67fa3d-8c99-4b75-b919-cc27655c9b62
8a931644-322a-464a-9f16-8179b7244bc6,82630dc7-7ace-448a-85da-64b95bb4f350
534f5e5b-9190-4ecb-aa80-75419a1146e7,ef67fa3d-8c99-4b75-b919-cc27655c9b62
534f5e5b-9190-4ecb-aa80-75419a1146e7,82630dc7-7ace-448a-85da-64b95bb4f350
427f8b10-565e-4970-b130-4be54764b002,82630dc7-7ace-448a-85da-64b95bb4f350
427f8b10-565e-4970-b130-4be54764b002,705b226a-400b-4601-ab06-85d1e79772df
b6bd6915-c6e0-4bb5-bff9-5fbe3e458bf5,82630dc7-7ace-448a-85da-64b95bb4f350
b6bd6915-c6e0-4bb5-bff9-5fbe3e458bf5,705b226a-400b-4601-ab06-85d1e79772df
31b3e534-63d4-45aa-a7c6-bf31cbd6e4df,82630dc7-7ace-448a-85da-64b95bb4f350
31b3e534-63d4-45aa-a7c6-bf31cbd6e4df,705b226a-400b-4601-ab06-85d1e79772df
0fe7ab57-72c9-4a98-9503-e1edbe82e7d8,58707778-4b63-4b4d-8eef-70b06af971cf
215f2884-bdc1-41d8-b349-d991d75c17b7,592bdd18-13d2-4e03-91cb-2d069f67ea50
80274583-6129-4e23-ab7c-0654c6f643a2,592bdd18-13d2-4e03-91cb-2d069f67ea50
94af6552-582e-4d28-bc25-dfc168872839,592bdd18-13d2-4e03-91cb-2d069f67ea50
94af6552-582e-4d28-bc25-dfc168872839,82630dc7-7ace-448a-85da-64b95bb4f350
83cc523b-5c50-4e33-9612-bb6e912573d4,592bdd18-13d2-4e03-91cb-2d069f67ea50
83cc523b-5c50-4e33-9612-bb6e912573d4,82630dc7-7ace-448a-85da-64b95bb4f350
fd020985-9c03-4399-9181-45a8c9fe58e0,592bdd18-13d2-4e03-91cb-2d069f67ea50
5774276d-d08c-4298-bb60-39019ec8d7c7,592bdd18-13d2-4e03-91cb-2d069f67ea50
4642844e-3fe9-4941-b468-ad8709afb33d,15b7e63d-f387-4a7b-9a8f-125450990684
4642844e-3fe9-4941-b468-ad8709afb33d,82630dc7-7ace-448a-85da-64b95bb4f350
6854a21a-a762-4e2f-a838-d22593a25d57,15b7e63d-f387-4a7b-9a8f-125450990684
6854a21a-a762-4e2f-a838-d22593a25d57,82630dc7-7ace-448a-85da-64b95bb4f350
4f199e5b-a7cd-4632-80cf-6c76bddf9770,705b226a-400b-4601-ab06-85d1e79772df
bc705314-a7f4-4ea0-8897-05eb11fc1083,705b226a-400b-4601-ab06-85d1e79772df
db1ac7cc-9951-4682-ad8a-090a77343b9a,705b226a-400b-4601-ab06-85d1e79772df
db1ac7cc-9951-4682-ad8a-090a77343b9a,82630dc7-7ace-448a-85da-64b95bb4f350
9fb2ee4a-36f4-44b2-a453-c65d478bc2ac,705b226a-400b-4601-ab06-85d1e79772df
9fb2ee4a-36f4-44b2-a453-c65d478bc2ac,82630dc7-7ace-448a-85da-64b95bb4f350
ac857dc0-2a71-414c-8ecd-b90973b64bf4,705b226a-400b-4601-ab06-85d1e79772df
ac857dc0-2a71-414c-8ecd-b90973b64bf4,82630dc7-7ace-448a-85da-64b95bb4f350
11b987da-b6e1-4d91-a7a2-a3c4edcefce3,705b226a-400b-4601-ab06-85d1e79772df
11b987da-b6e1-4d91-a7a2-a3c4edcefce3,82630dc7-7ace-448a-85da-64b95bb4f350
58c57cc1-e5df-4dab-b3c8-90d6f483827e,705b226a-400b-4601-ab06-85d1e79772df
58c57cc1-e5df-4dab-b3c8-90d6f483827e,82630dc7-7ace-448a-85da-64b95bb4f350
b6e4e056-218a-4979-ad98-dafaef0f4f4c,705b226a-400b-4601-ab06-85d1e79772df
b6e4e056-218a-4979-ad98-dafaef0f4f4c,82630dc7-7ace-448a-85da-64b95bb4f350
b6de424a-a600-4e1d-9acd-37a10443ce3c,705b226a-400b-4601-ab06-85d1e79772df
eb3de039-0125-4f7e-8d7b-84050c6faf32,206ecc58-973c-4000-9fa2-cc5c7d0f18a1
740b5dc7-b03a-4a40-a2bb-ac56e4614f7b,206ecc58-973c-4000-9fa2-cc5c7d0f18a1
a0587e4f-b845-4fd3-b1f1-ae3ea5919ce8,206ecc58-973c-4000-9fa2-cc5c7d0f18a1
d0f3b00c-0615-4e7f-a375-caff7b09f7b8,5dade57c-d1f9-4088-a7b0-980ca3725e47
d0f3b00c-0615-4e7f-a375-caff7b09f7b8,ef67fa3d-8c99-4b75-b919-cc27655c9b62
e992a431-8ac0-484a-bd74-40cee8921fba,5dade57c-d1f9-4088-a7b0-980ca3725e47
e992a431-8ac0-484a-bd74-40cee8921fba,ef67fa3d-8c99-4b75-b919-cc27655c9b62
63600df1-39da-495c-96e1-6918890da32b,5dade57c-d1f9-4088-a7b0-980ca3725e47
63600df1-39da-495c-96e1-6918890da32b,ef67fa3d-8c99-4b75-b919-cc27655c9b62
77b26b99-e260-46ac-ae52-71010e6e0f35,5dade57c-d1f9-4088-a7b0-980ca3725e47
77b26b99-e260-46ac-ae52-71010e6e0f35,82630dc7-7ace-448a-85da-64b95bb4f350
5c6451e0-c8a8-4908-800c-8031b138f1ea,58707778-4b63-4b4d-8eef-70b06af971cf
5c6451e0-c8a8-4908-800c-8031b138f1ea,9989706e-9363-40a8-ac41-d09dce1d8f1d
6e75bef9-b93b-4a5d-add7-8af75843c012,ef67fa3d-8c99-4b75-b919-cc27655c9b62
4f303eec-826f-4611-9095-48986c3a406e,58707778-4b63-4b4d-8eef-70b06af971cf
4f303eec-826f-4611-9095-48986c3a406e,9989706e-9363-40a8-ac41-d09dce1d8f1d
75f370e3-c1b4-43a8-999e-4b59a24bbb74,705b226a-400b-4601-ab06-85d1e79772df
75f370e3-c1b4-43a8-999e-4b59a24bbb74,82630dc7-7ace-448a-85da-64b95bb4f350
42c49d7c-96dc-4edc-8ea0-c5be2fdbea63,6bf5da8c-66de-4c2c-a8ea-f4361073bf6c
42c49d7c-96dc-4edc-8ea0-c5be2fdbea63,82630dc7-7ace-448a-85da-64b95bb4f350
9f62d477-61a9-4d9d-8504-635ae1fb320e,6bf5da8c-66de-4c2c-a8ea-f4361073bf6c
9f62d477-61a9-4d9d-8504-635ae1fb320e,82630dc7-7ace-448a-85da-64b95bb4f350
67eadc25-9c0c-4896-8c48-3b9fe54507d0,ef67fa3d-8c99-4b75-b919-cc27655c9b62
67eadc25-9c0c-4896-8c48-3b9fe54507d0,82630dc7-7ace-448a-85da-64b95bb4f350
5ad8fdff-5026-46ef-9a16-5c494152fd9c,ef67fa3d-8c99-4b75-b919-cc27655c9b62
70f9a40b-97c7-4a63-b0d6-901c063dc10b,ef67fa3d-8c99-4b75-b919-cc27655c9b62
70f9a40b-97c7-4a63-b0d6-901c063dc10b,82630dc7-7ace-448a-85da-64b95bb4f350
d121a7a9-2f18-4111-a4e8-77ab936337c7,ef67fa3d-8c99-4b75-b919-cc27655c9b62
d121a7a9-2f18-4111-a4e8-77ab936337c7,82630dc7-7ace-448a-85da-64b95bb4f350
896f9203-7fd9-4db2-895f-8c27cde44fd9,ef67fa3d-8c99-4b75-b919-cc27655c9b62
92f47261-625e-4277-82ff-acbe28688b16,ef67fa3d-8c99-4b75-b919-cc27655c9b62
92f47261-625e-4277-82ff-acbe28688b16,206ecc58-973c-4000-9fa2-cc5c7d0f18a1
4e5d0a62-726e-45b7-a73b-624d525f0132,ef67fa3d-8c99-4b75-b919-cc27655c9b62
4e5d0a62-726e-45b7-a73b-624d525f0132,82630dc7-7ace-448a-85da-64b95bb4f350
855bc132-960b-4244-9d89-6aca29c6342c,ef67fa3d-8c99-4b75-b919-cc27655c9b62
855bc132-960b-4244-9d89-6aca29c6342c,206ecc58-973c-4000-9fa2-cc5c7d0f18a1
5426c7df-c311-4a88-ab37-6fb5b1964701,ef67fa3d-8c99-4b75-b919-cc27655c9b62
5426c7df-c311-4a88-ab37-6fb5b1964701,82630dc7-7ace-448a-85da-64b95bb4f350
ab27df75-ea1a-4227-9cd2-54f218a82a65,ef67fa3d-8c99-4b75-b919-cc27655c9b62
ab27df75-ea1a-4227-9cd2-54f218a82a65,82630dc7-7ace-448a-85da-64b95bb4f350
8a7f03b8-ada3-4163-9963-7beb7d03528f,705b226a-400b-4601-ab06-85d1e79772df
8a7f03b8-ada3-4163-9963-7beb7d03528f,82630dc7-7ace-448a-85da-64b95bb4f350
5510d41d-5411-46e3-b76e-37e08c81c564,6bf5da8c-66de-4c2c-a8ea-f4361073bf6c
5510d41d-5411-46e3-b76e-37e08c81c564,82630dc7-7ace-448a-85da-64b95bb4f350
20f2eb95-daf3-4539-aff8-709b86c9c684,58707778-4b63-4b4d-8eef-70b06af971cf
20f2eb95-daf3-4539-aff8-709b86c9c684,9989706e-9363-40a8-ac41-d09dce1d8f1d
87d80669-b4bb-4c57-8691-8228015a231d,6bf5da8c-66de-4c2c-a8ea-f4361073bf6c
87d80669-b4bb-4c57-8691-8228015a231d,82630dc7-7ace-448a-85da-64b95bb4f350
d8fd536a-6dcc-4a93-9115-e5c78ebf14e9,ef67fa3d-8c99-4b75-b919-cc27655c9b62
d8fd536a-6dcc-4a93-9115-e5c78ebf14e9,82630dc7-7ace-448a-85da-64b95bb4f350
ece14dd7-0572-41f7-bb14-50bfeb4e432c,15b7e63d-f387-4a7b-9a8f-125450990684
759770ed-317c-4e47-bc4e-b33deade7685,15b7e63d-f387-4a7b-9a8f-125450990684
0c6f4f3b-35f6-4412-8300-9b33ea1934f4,15b7e63d-f387-4a7b-9a8f-125450990684
f3fd672a-3f78-4dfe-937c-e1379857d6e6,15b7e63d-f387-4a7b-9a8f-125450990684
50209fb9-cdc1-4eeb-a1e7-5af30ba4e9d9,ef67fa3d-8c99-4b75-b919-cc27655c9b62
9ae54d38-d49e-4549-b327-77d41b33e54e,ef67fa3d-8c99-4b75-b919-cc27655c9b62
68717ae5-5419-426a-b5c8-e7d2aad24bc3,ef67fa3d-8c99-4b75-b919-cc27655c9b62
68717ae5-5419-426a-b5c8-e7d2aad24bc3,6bf5da8c-66de-4c2c-a8ea-f4361073bf6c
0db51735-9cc5-46ca-a218-c4724e0571ab,6bf5da8c-66de-4c2c-a8ea-f4361073bf6c
cbc45b93-6821-4a3b-bc93-71b55ce6fdff,ef67fa3d-8c99-4b75-b919-cc27655c9b62
41d4bb5b-75f7-4013-b6e6-787950f76cdd,ef67fa3d-8c99-4b75-b919-cc27655c9b62
41d4bb5b-75f7-4013-b6e6-787950f76cdd,82630dc7-7ace-448a-85da-64b95bb4f350
63b0c0ba-6295-4e31-946c-abd468988f04,58707778-4b63-4b4d-8eef-70b06af971cf
63b0c0ba-6295-4e31-946c-abd468988f04,9989706e-9363-40a8-ac41-d09dce1d8f1d
7606de22-f4cb-4384-b5a5-5a7b32ef6d48,ef67fa3d-8c99-4b75-b919-cc27655c9b62
7606de22-f4cb-4384-b5a5-5a7b32ef6d48,82630dc7-7ace-448a-85da-64b95bb4f350
8fae2160-633c-4d3b-8229-98f5be7c15c8,ef67fa3d-8c99-4b75-b919-cc27655c9b62
8fae2160-633c-4d3b-8229-98f5be7c15c8,82630dc7-7ace-448a-85da-64b95bb4f350
f10cd88e-e4c3-4139-bb1d-4ffca3b58d6b,58707778-4b63-4b4d-8eef-70b06af971cf
f10cd88e-e4c3-4139-bb1d-4ffca3b58d6b,ef67fa3d-8c99-4b75-b919-cc27655c9b62
554580f7-c715-4306-a583-bdce28b4266d,206ecc58-973c-4000-9fa2-cc5c7d0f18a1
554580f7-c715-4306-a583-bdce28b4266d,15b7e63d-f387-4a7b-9a8f-125450990684
b4557fc2-37e2-408d-ace2-4928c000c2e1,ef67fa3d-8c99-4b75-b919-cc27655c9b62
b4557fc2-37e2-408d-ace2-4928c000c2e1,82630dc7-7ace-448a-85da-64b95bb4f350
879f66a4-630f-4a6a-b007-cf54b613340d,ef67fa3d-8c99-4b75-b919-cc27655c9b62
879f66a4-630f-4a6a-b007-cf54b613340d,82630dc7-7ace-448a-85da-64b95bb4f350
992364a5-b10c-4abf-ad01-9217f105cdb5,6bf5da8c-66de-4c2c-a8ea-f4361073bf6c
992364a5-b10c-4abf-ad01-9217f105cdb5,82630dc7-7ace-448a-85da-64b95bb4f350
97dd9425-ceb6-4f21-876d-48cabc340c93,ef67fa3d-8c99-4b75-b919-cc27655c9b62
97dd9425-ceb6-4f21-876d-48cabc340c93,82630dc7-7ace-448a-85da-64b95bb4f350
62ecf12d-e5b2-4d05-b737-b355ae39a62b,82630dc7-7ace-448a-85da-64b95bb4f350
62ecf12d-e5b2-4d05-b737-b355ae39a62b,705b226a-400b-4601-ab06-85d1e79772df
11c433c3-de37-437f-b2bb-ea9cd660d516,82630dc7-7ace-448a-85da-64b95bb4f350
11c433c3-de37-437f-b2bb-ea9cd660d516,705b226a-400b-4601-ab06-85d1e79772df
38ecabc8-580d-417b-9485-abec2ba2e414,82630dc7-7ace-448a-85da-64b95bb4f350
38ecabc8-580d-417b-9485-abec2ba2e414,705b226a-400b-4601-ab06-85d1e79772df
bd935940-f959-4087-9cae-dcc04eb67f23,58707778-4b63-4b4d-8eef-70b06af971cf
bd935940-f959-4087-9cae-dcc04eb67f23,82630dc7-7ace-448a-85da-64b95bb4f350
cd04a5e2-9035-4093-8beb-408b3ea91960,592bdd18-13d2-4e03-91cb-2d069f67ea50
9ca64482-9002-452f-a1fd-b028b27a1fcd,592bdd18-13d2-4e03-91cb-2d069f67ea50
a9a3d40d-0e80-4a0d-b1f6-78eb9b0d519a,592bdd18-13d2-4e03-91cb-2d069f67ea50
a9a3d40d-0e80-4a0d-b1f6-78eb9b0d519a,82630dc7-7ace-448a-85da-64b95bb4f350
d7831ba6-c7b3-4c33-b065-ade7fdb8ce33,592bdd18-13d2-4e03-91cb-2d069f67ea50
d7831ba6-c7b3-4c33-b065-ade7fdb8ce33,82630dc7-7ace-448a-85da-64b95bb4f350
fe7bb2c8-9892-44cf-9874-aff26d4e40b0,592bdd18-13d2-4e03-91cb-2d069f67ea50
e2e6a77e-4cd6-4b4d-9772-73f1dcbfd883,592bdd18-13d2-4e03-91cb-2d069f67ea50
a679dbea-12a5-498a-8f10-5284aa92caba,15b7e63d-f387-4a7b-9a8f-125450990684
31b5891c-2ac8-4d7a-8644-51141aeb5b91,15b7e63d-f387-4a7b-9a8f-125450990684
31b5891c-2ac8-4d7a-8644-51141aeb5b91,82630dc7-7ace-448a-85da-64b95bb4f350
561ffa85-0bb7-42b2-9bbb-9ae0f1df4a1c,15b7e63d-f387-4a7b-9a8f-125450990684
561ffa85-0bb7-42b2-9bbb-9ae0f1df4a1c,82630dc7-7ace-448a-85da-64b95bb4f350
cd3687d5-5a32-4303-a931-50eb5d88b7d0,15b7e63d-f387-4a7b-9a8f-125450990684
cd3687d5-5a32-4303-a931-50eb5d88b7d0,82630dc7-7ace-448a-85da-64b95bb4f350
57c902df-4466-44b0-82b5-e54f20aaf2fb,15b7e63d-f387-4a7b-9a8f-125450990684
f571720d-7b8e-42b5-bb32-f54e573bf169,15b7e63d-f387-4a7b-9a8f-125450990684
0baf91cd-2a01-4003-95a8-323ef49d8c12,15b7e63d-f387-4a7b-9a8f-125450990684
0baf91cd-2a01-4003-95a8-323ef49d8c12,82630dc7-7ace-448a-85da-64b95bb4f350
13860dc7-0846-4a3e-8a00-3c5c4594f633,705b226a-400b-4601-ab06-85d1e79772df
ef54ebb1-3171-4bb5-89f6-f4879dd1c43f,705b226a-400b-4601-ab06-85d1e79772df
262af39f-6319-4edb-bef4-c05af1b4472e,705b226a-400b-4601-ab06-85d1e79772df
262af39f-6319-4edb-bef4-c05af1b4472e,82630dc7-7ace-448a-85da-64b95bb4f350
1d2714e4-9e57-465c-9ce0-5e9562d7ef18,705b226a-400b-4601-ab06-85d1e79772df
1d2714e4-9e57-465c-9ce0-5e9562d7ef18,82630dc7-7ace-448a-85da-64b95bb4f350
4c5301ae-b559-41b5-b04a-b419c6b4156b,705b226a-400b-4601-ab06-85d1e79772df
4c5301ae-b559-41b5-b04a-b419c6b4156b,82630dc7-7ace-448a-85da-64b95bb4f350
e0a61750-ac8b-4b7c-b98a-2df88222d890,705b226a-400b-4601-ab06-85d1e79772df
e0a61750-ac8b-4b7c-b98a-2df88222d890,82630dc7-7ace-448a-85da-64b95bb4f350
8b6822d7-816d-4471-a12e-3c67e124aea1,705b226a-400b-4601-ab06-85d1e79772df
8b6822d7-816d-4471-a12e-3c67e124aea1,82630dc7-7ace-448a-85da-64b95bb4f350
c4e78d00-9871-4751-ac34-286c46725664,705b226a-400b-4601-ab06-85d1e79772df
c4e78d00-9871-4751-ac34-286c46725664,82630dc7-7ace-448a-85da-64b95bb4f350
da0d51b1-34f7-4e6d-a712-fe47155be3a6,705b226a-400b-4601-ab06-85d1e79772df
da0d51b1-34f7-4e6d-a712-fe47155be3a6,82630dc7-7ace-448a-85da-64b95bb4f350
9eb9dcc3-bf1c-49b7-955d-ccdf1eeb28d6,705b226a-400b-4601-ab06-85d1e79772df
9eb9dcc3-bf1c-49b7-955d-ccdf1eeb28d6,82630dc7-7ace-448a-85da-64b95bb4f350
847fde30-b24d-42a5-8bdf-d24e08f0441d,705b226a-400b-4601-ab06-85d1e79772df
353626fb-8772-49ef-ae0b-54faaf624183,206ecc58-973c-4000-9fa2-cc5c7d0f18a1
60fcf933-8503-445b-bf59-119016a6783b,206ecc58-973c-4000-9fa2-cc5c7d0f18a1
14ac34ac-4086-40ec-b058-03d8a94e1be6,206ecc58-973c-4000-9fa2-cc5c7d0f18a1
4e1c1421-dd18-4d91-99ea-e0ee8e9cbb0a,58707778-4b63-4b4d-8eef-70b06af971cf
4e1c1421-dd18-4d91-99ea-e0ee8e9cbb0a,9989706e-9363-40a8-ac41-d09dce1d8f1d
2a52676f-062e-4995-9fa5-8b95556fa041,ef67fa3d-8c99-4b75-b919-cc27655c9b62
86b7353a-e223-4209-a917-5f37a7bb5d05,58707778-4b63-4b4d-8eef-70b06af971cf
86b7353a-e223-4209-a917-5f37a7bb5d05,9989706e-9363-40a8-ac41-d09dce1d8f1d
51727233-d8e6-4242-bc10-bc3e68cd6277,705b226a-400b-4601-ab06-85d1e79772df
51727233-d8e6-4242-bc10-bc3e68cd6277,82630dc7-7ace-448a-85da-64b95bb4f350
9db798fa-e28b-4044-a2fe-b79cfac43ea7,6bf5da8c-66de-4c2c-a8ea-f4361073bf6c
9db798fa-e28b-4044-a2fe-b79cfac43ea7,82630dc7-7ace-448a-85da-64b95bb4f350
02c01108-5be6-446d-bbfa-4801d2b9a669,ef67fa3d-8c99-4b75-b919-cc27655c9b62
02c01108-5be6-446d-bbfa-4801d2b9a669,82630dc7-7ace-448a-85da-64b95bb4f350
3d95c69d-8c35-46a8-b396-b3e1eb2a5c0e,ef67fa3d-8c99-4b75-b919-cc27655c9b62
51734a03-06dd-4e46-8542-e98a0ff53b12,ef67fa3d-8c99-4b75-b919-cc27655c9b62
51734a03-06dd-4e46-8542-e98a0ff53b12,82630dc7-7ace-448a-85da-64b95bb4f350
8aa7f54f-dadc-4934-b8a6-87b5fac7567b,ef67fa3d-8c99-4b75-b919-cc27655c9b62
8aa7f54f-dadc-4934-b8a6-87b5fac7567b,82630dc7-7ace-448a-85da-64b95bb4f350
af9281eb-43aa-45c6-97bf-f5c8e15b7a9f,ef67fa3d-8c99-4b75-b919-cc27655c9b62
0c86ff98-da14-494a-be71-c0a3728f76b9,ef67fa3d-8c99-4b75-b919-cc27655c9b62
0c86ff98-da14-494a-be71-c0a3728f76b9,206ecc58-973c-4000-9fa2-cc5c7d0f18a1
276c8283-f441-4ccb-943b-9e1b86c3015c,ef67fa3d-8c99-4b75-b919-cc27655c9b62
276c8283-f441-4ccb-943b-9e1b86c3015c,82630dc7-7ace-448a-85da-64b95bb4f350
af162a8e-8cf1-46cc-b16b-ec6af80fc70d,ef67fa3d-8c99-4b75-b919-cc27655c9b62
af162a8e-8cf1-46cc-b16b-ec6af80fc70d,206ecc58-973c-4000-9fa2-cc5c7d0f18a1
bf08cf4d-955b-4064-a1b2-878ecb3bd06f,ef67fa3d-8c99-4b75-b919-cc27655c9b62
bf08cf4d-955b-4064-a1b2-878ecb3bd06f,82630dc7-7ace-448a-85da-64b95bb4f350
121f03b1-15f7-4c20-8ac5-9e21f22deab3,ef67fa3d-8c99-4b75-b919-cc27655c9b62
121f03b1-15f7-4c20-8ac5-9e21f22deab3,82630dc7-7ace-448a-85da-64b95bb4f350
87720095-330a-4e7e-9290-487f887c7039,705b226a-400b-4601-ab06-85d1e79772df
56d9a01c-547c-490a-b83f-626447ff14fa,6bf5da8c-66de-4c2c-a8ea-f4361073bf6c
56d9a01c-547c-490a-b83f-626447ff14fa,82630dc7-7ace-448a-85da-64b95bb4f350
54f2b43f-67bf-4e9b-bb2e-980eaef1e0a1,58707778-4b63-4b4d-8eef-70b06af971cf
54f2b43f-67bf-4e9b-bb2e-980eaef1e0a1,9989706e-9363-40a8-ac41-d09dce1d8f1d
f5d8286f-6623-47d3-8373-f837dab44463,6bf5da8c-66de-4c2c-a8ea-f4361073bf6c
f5d8286f-6623-47d3-8373-f837dab44463,82630dc7-7ace-448a-85da-64b95bb4f350
a39046b4-e2fc-41ab-8a2f-58fc8c6a60be,ef67fa3d-8c99-4b75-b919-cc27655c9b62
a39046b4-e2fc-41ab-8a2f-58fc8c6a60be,58707778-4b63-4b4d-8eef-70b06af971cf
762ef0c2-4cae-41d5-800b-3b3286e8a957,ef67fa3d-8c99-4b75-b919-cc27655c9b62
762ef0c2-4cae-41d5-800b-3b3286e8a957,82630dc7-7ace-448a-85da-64b95bb4f350
c97e2644-f8d2-4a57-a532-5abfbd4e335e,15b7e63d-f387-4a7b-9a8f-125450990684
3a9148f3-4cfe-4e2f-aaba-c46306d3341b,15b7e63d-f387-4a7b-9a8f-125450990684
cb66cf1d-1f92-473d-a629-925d5933dc79,15b7e63d-f387-4a7b-9a8f-125450990684
a0b8582c-dbfc-44a1-9c54-f5d83a6e0644,15b7e63d-f387-4a7b-9a8f-125450990684
fa1c6ef3-1a99-413d-8ce7-131642dcf879,ef67fa3d-8c99-4b75-b919-cc27655c9b62
ab781532-83dd-42fc-8649-6a619b8e41b7,ef67fa3d-8c99-4b75-b919-cc27655c9b62
ab781532-83dd-42fc-8649-6a619b8e41b7,58707778-4b63-4b4d-8eef-70b06af971cf
0534d563-5cd7-4712-8334-2782612ec9eb,6bf5da8c-66de-4c2c-a8ea-f4361073bf6c
5a56fff4-26ac-42be-866c-f360b1a5975a,ef67fa3d-8c99-4b75-b919-cc27655c9b62
36bcbf87-30b1-46e2-b1cb-66c9f5173266,ef67fa3d-8c99-4b75-b919-cc27655c9b62
36bcbf87-30b1-46e2-b1cb-66c9f5173266,82630dc7-7ace-448a-85da-64b95bb4f350
f1cc142c-4545-493d-8382-f6374e0b8081,58707778-4b63-4b4d-8eef-70b06af971cf
f1cc142c-4545-493d-8382-f6374e0b8081,9989706e-9363-40a8-ac41-d09dce1d8f1d
9b8a71f1-a84c-4742-a917-33d43de9d749,ef67fa3d-8c99-4b75-b919-cc27655c9b62
9b8a71f1-a84c-4742-a917-33d43de9d749,82630dc7-7ace-448a-85da-64b95bb4f350
977bb5ae-5ada-44ef-b6cc-d145ca83b2ae,ef67fa3d-8c99-4b75-b919-cc27655c9b62
977bb5ae-5ada-44ef-b6cc-d145ca83b2ae,82630dc7-7ace-448a-85da-64b95bb4f350
d9c3a309-8809-4cc5-a190-69a744413411,58707778-4b63-4b4d-8eef-70b06af971cf
d9c3a309-8809-4cc5-a190-69a744413411,ef67fa3d-8c99-4b75-b919-cc27655c9b62
9c5a8da3-caa2-4c06-b442-17cc9f841c79,206ecc58-973c-4000-9fa2-cc5c7d0f18a1
9c5a8da3-caa2-4c06-b442-17cc9f841c79,15b7e63d-f387-4a7b-9a8f-125450990684
361e7c24-55f7-441d-ac75-a98e737ad517,ef67fa3d-8c99-4b75-b919-cc27655c9b62
361e7c24-55f7-441d-ac75-a98e737ad517,82630dc7-7ace-448a-85da-64b95bb4f350
86abb657-47b0-4c2b-bc74-9d3ac8206b27,15b7e63d-f387-4a7b-9a8f-125450990684
efaff462-4942-47cf-b7c4-9d9317775188,ef67fa3d-8c99-4b75-b919-cc27655c9b62
efaff462-4942-47cf-b7c4-9d9317775188,82630dc7-7ace-448a-85da-64b95bb4f350
19a111e0-2e18-4eee-84be-45aacbe73fff,6bf5da8c-66de-4c2c-a8ea-f4361073bf6c
b2f3e3ca-75eb-406d-8e02-2e27d70f6533,ef67fa3d-8c99-4b75-b919-cc27655c9b62
b2f3e3ca-75eb-406d-8e02-2e27d70f6533,82630dc7-7ace-448a-85da-64b95bb4f350
4b689195-5e74-40ad-9d09-694c110f2d45,82630dc7-7ace-448a-85da-64b95bb4f350
4b689195-5e74-40ad-9d09-694c110f2d45,705b226a-400b-4601-ab06-85d1e79772df
def334e8-d4ba-4ca1-b247-ab358b650082,82630dc7-7ace-448a-85da-64b95bb4f350
def334e8-d4ba-4ca1-b247-ab358b650082,705b226a-400b-4601-ab06-85d1e79772df
c800654f-7c23-4465-ba33-dec6059d3100,82630dc7-7ace-448a-85da-64b95bb4f350
c800654f-7c23-4465-ba33-dec6059d3100,705b226a-400b-4601-ab06-85d1e79772df
bed88b75-1d07-4282-8581-aa5df9a53ab1,58707778-4b63-4b4d-8eef-70b06af971cf
bed88b75-1d07-4282-8581-aa5df9a53ab1,82630dc7-7ace-448a-85da-64b95bb4f350
f6cdddc0-7e9f-4503-b9d6-8f18d172ee7b,592bdd18-13d2-4e03-91cb-2d069f67ea50
18c38ee7-f458-4fa7-b5cd-ff088c95e036,592bdd18-13d2-4e03-91cb-2d069f67ea50
11e7241d-a882-4cc9-86a9-4445a508e30e,592bdd18-13d2-4e03-91cb-2d069f67ea50
11e7241d-a882-4cc9-86a9-4445a508e30e,82630dc7-7ace-448a-85da-64b95bb4f350
4e89ecf6-7443-4411-abdb-bcac8f658b0a,592bdd18-13d2-4e03-91cb-2d069f67ea50
4e89ecf6-7443-4411-abdb-bcac8f658b0a,82630dc7-7ace-448a-85da-64b95bb4f350
f891f226-69c6-4d04-b8d6-23e401bf8736,592bdd18-13d2-4e03-91cb-2d069f67ea50
183ed7da-f76b-443b-a010-b48681793c24,592bdd18-13d2-4e03-91cb-2d069f67ea50
80adb5cc-5425-4a4e-b31c-b0d9d58b9321,15b7e63d-f387-4a7b-9a8f-125450990684
80adb5cc-5425-4a4e-b31c-b0d9d58b9321,82630dc7-7ace-448a-85da-64b95bb4f350
b53feaa5-d90a-4c77-b052-6c7ff68af2f9,15b7e63d-f387-4a7b-9a8f-125450990684
cbbf5e97-0e03-41ad-a9e5-fafba9ceec2c,705b226a-400b-4601-ab06-85d1e79772df
4107c2b0-35f7-4653-9f42-00dd5d791b2d,705b226a-400b-4601-ab06-85d1e79772df
4107c2b0-35f7-4653-9f42-00dd5d791b2d,82630dc7-7ace-448a-85da-64b95bb4f350
a8516a7b-3f71-4ab4-8158-3a1ef499f161,705b226a-400b-4601-ab06-85d1e79772df
a8516a7b-3f71-4ab4-8158-3a1ef499f161,82630dc7-7ace-448a-85da-64b95bb4f350
f94c8a81-4bc3-4771-a05c-eecad84c3778,705b226a-400b-4601-ab06-85d1e79772df
f94c8a81-4bc3-4771-a05c-eecad84c3778,82630dc7-7ace-448a-85da-64b95bb4f350
d4c82774-ead1-4f9d-8aec-21642a63a9ce,705b226a-400b-4601-ab06-85d1e79772df
d4c82774-ead1-4f9d-8aec-21642a63a9ce,82630dc7-7ace-448a-85da-64b95bb4f350
dc4854c3-0af8-412a-a417-d410ab0cf8da,705b226a-400b-4601-ab06-85d1e79772df
dc4854c3-0af8-412a-a417-d410ab0cf8da,82630dc7-7ace-448a-85da-64b95bb4f350
a4119b2b-fc84-4de6-9c4d-57f0579a3a92,705b226a-400b-4601-ab06-85d1e79772df
a4119b2b-fc84-4de6-9c4d-57f0579a3a92,82630dc7-7ace-448a-85da-64b95bb4f350
88596ab9-bf65-4d94-811d-7361888913d7,705b226a-400b-4601-ab06-85d1e79772df
88596ab9-bf65-4d94-811d-7361888913d7,82630dc7-7ace-448a-85da-64b95bb4f350
629f915f-b29b-425a-ae3f-9208e97251f3,705b226a-400b-4601-ab06-85d1e79772df
629f915f-b29b-425a-ae3f-9208e97251f3,82630dc7-7ace-448a-85da-64b95bb4f350
01493188-4642-4439-bc37-7e8935747999,206ecc58-973c-4000-9fa2-cc5c7d0f18a1
78335df5-3584-45d9-bd98-b3c25289a0a2,206ecc58-973c-4000-9fa2-cc5c7d0f18a1
947108a4-69f7-4020-a237-3c8b116fee4f,206ecc58-973c-4000-9fa2-cc5c7d0f18a1
751be835-4e61-48b0-acb0-dbe1dc86fce4,58707778-4b63-4b4d-8eef-70b06af971cf
751be835-4e61-48b0-acb0-dbe1dc86fce4,9989706e-9363-40a8-ac41-d09dce1d8f1d
1c9b6792-946a-490b-9b07-136fefe7c374,ef67fa3d-8c99-4b75-b919-cc27655c9b62
4a8ab520-d65a-4785-9a2c-505e6e928421,58707778-4b63-4b4d-8eef-70b06af971cf
4a8ab520-d65a-4785-9a2c-505e6e928421,9989706e-9363-40a8-ac41-d09dce1d8f1d
04073ce8-f0eb-4c7e-9ffe-cb7358de2c43,705b226a-400b-4601-ab06-85d1e79772df
04073ce8-f0eb-4c7e-9ffe-cb7358de2c43,82630dc7-7ace-448a-85da-64b95bb4f350
db59d34a-6d25-462e-a5aa-6f9e39fd9c7d,6bf5da8c-66de-4c2c-a8ea-f4361073bf6c
db59d34a-6d25-462e-a5aa-6f9e39fd9c7d,82630dc7-7ace-448a-85da-64b95bb4f350
771183bb-e519-4a88-871b-885f1d26e659,ef67fa3d-8c99-4b75-b919-cc27655c9b62
771183bb-e519-4a88-871b-885f1d26e659,82630dc7-7ace-448a-85da-64b95bb4f350
c42399d9-e0ad-47d6-aad4-d61a801ad778,ef67fa3d-8c99-4b75-b919-cc27655c9b62
6f4db97a-ee4f-4642-9a90-7b9f2a29ebe8,ef67fa3d-8c99-4b75-b919-cc27655c9b62
6f4db97a-ee4f-4642-9a90-7b9f2a29ebe8,82630dc7-7ace-448a-85da-64b95bb4f350
90076886-167e-4fd6-b046-72ca30d47783,ef67fa3d-8c99-4b75-b919-cc27655c9b62
90076886-167e-4fd6-b046-72ca30d47783,82630dc7-7ace-448a-85da-64b95bb4f350
103c01b1-ec44-4683-9a1c-a43610d130b5,ef67fa3d-8c99-4b75-b919-cc27655c9b62
2d50ced7-d558-410c-804b-6be5dbea39c9,ef67fa3d-8c99-4b75-b919-cc27655c9b62
2d50ced7-d558-410c-804b-6be5dbea39c9,206ecc58-973c-4000-9fa2-cc5c7d0f18a1
c81a94ed-5de7-4485-acb2-1cce3c3aee19,ef67fa3d-8c99-4b75-b919-cc27655c9b62
c81a94ed-5de7-4485-acb2-1cce3c3aee19,82630dc7-7ace-448a-85da-64b95bb4f350
47cfc85b-c0ab-4226-a0fe-49cc78d3f77c,ef67fa3d-8c99-4b75-b919-cc27655c9b62
47cfc85b-c0ab-4226-a0fe-49cc78d3f77c,206ecc58-973c-4000-9fa2-cc5c7d0f18a1
fff4ebf9-c220-43e7-a3dc-e3c267079481,ef67fa3d-8c99-4b75-b919-cc27655c9b62
fff4ebf9-c220-43e7-a3dc-e3c267079481,82630dc7-7ace-448a-85da-64b95bb4f350
be770f70-87fe-4765-91a1-14b923a99a98,ef67fa3d-8c99-4b75-b919-cc27655c9b62
be770f70-87fe-4765-91a1-14b923a99a98,82630dc7-7ace-448a-85da-64b95bb4f350
9a843ee5-0f21-4245-92eb-6a53faca315d,705b226a-400b-4601-ab06-85d1e79772df
10271c60-c7e8-41e0-806f-4bd1b2d0cbb1,6bf5da8c-66de-4c2c-a8ea-f4361073bf6c
10271c60-c7e8-41e0-806f-4bd1b2d0cbb1,82630dc7-7ace-448a-85da-64b95bb4f350
0527e252-915d-483d-8952-bdc2f5b976ea,58707778-4b63-4b4d-8eef-70b06af971cf
0527e252-915d-483d-8952-bdc2f5b976ea,9989706e-9363-40a8-ac41-d09dce1d8f1d
7b5d79e5-a855-4f0c-a6ee-859ae749311f,6bf5da8c-66de-4c2c-a8ea-f4361073bf6c
7b5d79e5-a855-4f0c-a6ee-859ae749311f,82630dc7-7ace-448a-85da-64b95bb4f350
bfd05165-c9e5-42b0-9071-ca0e8c7c139c,ef67fa3d-8c99-4b75-b919-cc27655c9b62
bfd05165-c9e5-42b0-9071-ca0e8c7c139c,58707778-4b63-4b4d-8eef-70b06af971cf
95509cd3-1f21-47b6-a18c-f79b6e8c2d5f,ef67fa3d-8c99-4b75-b919-cc27655c9b62
95509cd3-1f21-47b6-a18c-f79b6e8c2d5f,82630dc7-7ace-448a-85da-64b95bb4f350
fd81dc86-e9e1-40da-8a0a-98c0f02afe2a,15b7e63d-f387-4a7b-9a8f-125450990684
4a93961f-6b37-43fc-9c24-d174747fe0a4,15b7e63d-f387-4a7b-9a8f-125450990684
5751ba00-fca8-4e6a-9ab3-2312267348a8,15b7e63d-f387-4a7b-9a8f-125450990684
6f932c5a-b07c-4c40-b809-a55cd984b08b,15b7e63d-f387-4a7b-9a8f-125450990684
97d076f7-a091-4c6c-9c23-79f82bc72e87,ef67fa3d-8c99-4b75-b919-cc27655c9b62
c5c9de45-65af-4647-97b1-591478cd2077,ef67fa3d-8c99-4b75-b919-cc27655c9b62
c5c9de45-65af-4647-97b1-591478cd2077,58707778-4b63-4b4d-8eef-70b06af971cf
fed8746f-69f6-4809-b168-b4aa673fdf79,6bf5da8c-66de-4c2c-a8ea-f4361073bf6c
1005e6ea-5242-4a03-8d80-68643cc1a607,ef67fa3d-8c99-4b75-b919-cc27655c9b62
94a4befc-fb10-4322-bcfa-112adbc9c440,ef67fa3d-8c99-4b75-b919-cc27655c9b62
94a4befc-fb10-4322-bcfa-112adbc9c440,82630dc7-7ace-448a-85da-64b95bb4f350
450f6063-ad69-4b4d-8e07-9757a567ca26,58707778-4b63-4b4d-8eef-70b06af971cf
450f6063-ad69-4b4d-8e07-9757a567ca26,9989706e-9363-40a8-ac41-d09dce1d8f1d
d95b502a-b74c-4f7a-abf5-d0820ef30e01,ef67fa3d-8c99-4b75-b919-cc27655c9b62
d95b502a-b74c-4f7a-abf5-d0820ef30e01,82630dc7-7ace-448a-85da-64b95bb4f350
52d6c241-d428-4f63-9f33-af8d40dacfba,ef67fa3d-8c99-4b75-b919-cc27655c9b62
52d6c241-d428-4f63-9f33-af8d40dacfba,82630dc7-7ace-448a-85da-64b95bb4f350
a6ee7d5e-9f3e-413a-9c86-0221b3fd5b1c,58707778-4b63-4b4d-8eef-70b06af971cf
a6ee7d5e-9f3e-413a-9c86-0221b3fd5b1c,ef67fa3d-8c99-4b75-b919-cc27655c9b62
6af06a20-4d45-41de-9750-eaeb8d2e5d81,206ecc58-973c-4000-9fa2-cc5c7d0f18a1
6af06a20-4d45-41de-9750-eaeb8d2e5d81,15b7e63d-f387-4a7b-9a8f-125450990684
77bb4663-3166-4a0b-aab9-4949fb06ecdf,206ecc58-973c-4000-9fa2-cc5c7d0f18a1
77bb4663-3166-4a0b-aab9-4949fb06ecdf,15b7e63d-f387-4a7b-9a8f-125450990684
83605cd3-7d6a-42cc-b4d9-0698c04280e0,6bf5da8c-66de-4c2c-a8ea-f4361073bf6c
83605cd3-7d6a-42cc-b4d9-0698c04280e0,15b7e63d-f387-4a7b-9a8f-125450990684
969549e3-534b-451d-acbd-dbe277777e18,6bf5da8c-66de-4c2c-a8ea-f4361073bf6c
969549e3-534b-451d-acbd-dbe277777e18,15b7e63d-f387-4a7b-9a8f-125450990684
a6418e89-6783-4005-901f-366f740afccc,6bf5da8c-66de-4c2c-a8ea-f4361073bf6c
a6418e89-6783-4005-901f-366f740afccc,ef67fa3d-8c99-4b75-b919-cc27655c9b62
75c22d75-991e-4cbf-b7ef-de964e57c308,ef67fa3d-8c99-4b75-b919-cc27655c9b62
75c22d75-991e-4cbf-b7ef-de964e57c308,82630dc7-7ace-448a-85da-64b95bb4f350
e66eeb19-5a63-435a-84e1-81022e4c7274,ef67fa3d-8c99-4b75-b919-cc27655c9b62
e66eeb19-5a63-435a-84e1-81022e4c7274,82630dc7-7ace-448a-85da-64b95bb4f350
ebcd313c-feac-46e6-8279-bca2f417c16f,6bf5da8c-66de-4c2c-a8ea-f4361073bf6c
0efc1113-5a4a-45e4-acef-be8c13bae326,ef67fa3d-8c99-4b75-b919-cc27655c9b62
0efc1113-5a4a-45e4-acef-be8c13bae326,82630dc7-7ace-448a-85da-64b95bb4f350
47db8ddd-c531-4c12-9c86-81e195683077,82630dc7-7ace-448a-85da-64b95bb4f350
47db8ddd-c531-4c12-9c86-81e195683077,705b226a-400b-4601-ab06-85d1e79772df
35a5c280-893c-4f6f-a4b5-243ef93f3311,82630dc7-7ace-448a-85da-64b95bb4f350
35a5c280-893c-4f6f-a4b5-243ef93f3311,705b226a-400b-4601-ab06-85d1e79772df
e1be1c11-c376-4561-b1b5-1055007b4503,82630dc7-7ace-448a-85da-64b95bb4f350
e1be1c11-c376-4561-b1b5-1055007b4503,705b226a-400b-4601-ab06-85d1e79772df
3e643fb3-9e3e-4f40-bd86-8316ead1ee7a,58707778-4b63-4b4d-8eef-70b06af971cf
3e643fb3-9e3e-4f40-bd86-8316ead1ee7a,82630dc7-7ace-448a-85da-64b95bb4f350
7a0ab51d-14be-4c41-ad66-fa8d06dddccf,82630dc7-7ace-448a-85da-64b95bb4f350
7a0ab51d-14be-4c41-ad66-fa8d06dddccf,15b7e63d-f387-4a7b-9a8f-125450990684
9867bc41-4b0b-4977-bf3c-16d572f87e35,592bdd18-13d2-4e03-91cb-2d069f67ea50
7c068d22-5ab3-40b1-adf1-57cff40c78f5,592bdd18-13d2-4e03-91cb-2d069f67ea50
7c068d22-5ab3-40b1-adf1-57cff40c78f5,82630dc7-7ace-448a-85da-64b95bb4f350
99a51953-c600-497b-857b-491b2458d548,592bdd18-13d2-4e03-91cb-2d069f67ea50
99a51953-c600-497b-857b-491b2458d548,82630dc7-7ace-448a-85da-64b95bb4f350
345ce7e1-6775-446e-b504-8fd5f2924d02,592bdd18-13d2-4e03-91cb-2d069f67ea50
9527a545-97db-447c-b9e7-b899c744e4d6,592bdd18-13d2-4e03-91cb-2d069f67ea50
c4d0bafa-1bbf-473a-bfda-a4918347c956,15b7e63d-f387-4a7b-9a8f-125450990684
4d8b7777-08f7-45cf-83c2-dd3bc912853b,15b7e63d-f387-4a7b-9a8f-125450990684
4d8b7777-08f7-45cf-83c2-dd3bc912853b,82630dc7-7ace-448a-85da-64b95bb4f350
e2ba0d24-20a5-4592-b6fc-9912e5b8d77a,15b7e63d-f387-4a7b-9a8f-125450990684
e2ba0d24-20a5-4592-b6fc-9912e5b8d77a,82630dc7-7ace-448a-85da-64b95bb4f350
6b7c613a-9b07-47fd-981e-4b4ac87e2f07,15b7e63d-f387-4a7b-9a8f-125450990684
6b7c613a-9b07-47fd-981e-4b4ac87e2f07,82630dc7-7ace-448a-85da-64b95bb4f350
8a0c3db8-40dd-4b96-b1d8-2fe3b8ca5b9f,15b7e63d-f387-4a7b-9a8f-125450990684
8a0c3db8-40dd-4b96-b1d8-2fe3b8ca5b9f,82630dc7-7ace-448a-85da-64b95bb4f350
68501426-0adc-4e44-89ab-2f44514d4078,15b7e63d-f387-4a7b-9a8f-125450990684
329b404a-933a-4b1f-b442-204bafe2a71f,15b7e63d-f387-4a7b-9a8f-125450990684
9e121434-2212-4925-904a-403224875c00,15b7e63d-f387-4a7b-9a8f-125450990684
9e121434-2212-4925-904a-403224875c00,82630dc7-7ace-448a-85da-64b95bb4f350
9e0ca665-5613-458b-9576-708daf994919,15b7e63d-f387-4a7b-9a8f-125450990684
9e0ca665-5613-458b-9576-708daf994919,82630dc7-7ace-448a-85da-64b95bb4f350
ebb7826c-dce6-49ac-a562-29e42a7b5866,705b226a-400b-4601-ab06-85d1e79772df
e8f73614-68f1-4a81-afa2-96b6246de74c,705b226a-400b-4601-ab06-85d1e79772df
e8f73614-68f1-4a81-afa2-96b6246de74c,82630dc7-7ace-448a-85da-64b95bb4f350
fc8e247c-797d-47eb-8356-73e439b2a5cb,705b226a-400b-4601-ab06-85d1e79772df
fc8e247c-797d-47eb-8356-73e439b2a5cb,82630dc7-7ace-448a-85da-64b95bb4f350
695f1f86-1af1-4ba1-ab60-b4107dde3eb4,705b226a-400b-4601-ab06-85d1e79772df
695f1f86-1af1-4ba1-ab60-b4107dde3eb4,82630dc7-7ace-448a-85da-64b95bb4f350
b14e17ad-d7d3-49e5-90dc-50b28f5375a7,705b226a-400b-4601-ab06-85d1e79772df
b14e17ad-d7d3-49e5-90dc-50b28f5375a7,82630dc7-7ace-448a-85da-64b95bb4f350
fc267c65-bc58-4805-81e4-d765545b0caa,705b226a-400b-4601-ab06-85d1e79772df
fc267c65-bc58-4805-81e4-d765545b0caa,82630dc7-7ace-448a-85da-64b95bb4f350
9c12606c-05a5-4d7d-b9f9-0c9d4130893d,705b226a-400b-4601-ab06-85d1e79772df
9c12606c-05a5-4d7d-b9f9-0c9d4130893d,82630dc7-7ace-448a-85da-64b95bb4f350
5877c8b2-c7c8-43ee-b2c6-043c9fce4474,705b226a-400b-4601-ab06-85d1e79772df
5877c8b2-c7c8-43ee-b2c6-043c9fce4474,82630dc7-7ace-448a-85da-64b95bb4f350
8cc4aac7-d15c-46fb-bcb3-5afcc782c722,705b226a-400b-4601-ab06-85d1e79772df
8cc4aac7-d15c-46fb-bcb3-5afcc782c722,82630dc7-7ace-448a-85da-64b95bb4f350
946f6289-2d39-40b3-805b-f1f63ce95617,206ecc58-973c-4000-9fa2-cc5c7d0f18a1
1e84656d-103f-4905-bd6d-a9b10c4138ec,206ecc58-973c-4000-9fa2-cc5c7d0f18a1
e413dd3b-31e0-41cb-9de0-4b7f18ba38d8,206ecc58-973c-4000-9fa2-cc5c7d0f18a1
6190a770-0bfa-4dc0-90a8-5011a535a386,206ecc58-973c-4000-9fa2-cc5c7d0f18a1
6d7413b3-2a2d-4c93-bee6-d1728b256cb8,58707778-4b63-4b4d-8eef-70b06af971cf
6d7413b3-2a2d-4c93-bee6-d1728b256cb8,9989706e-9363-40a8-ac41-d09dce1d8f1d
4e7cab33-aee7-4e63-bfbd-ba132ded7e46,ef67fa3d-8c99-4b75-b919-cc27655c9b62
ef4c9070-d17c-4d45-b485-168f6b830342,58707778-4b63-4b4d-8eef-70b06af971cf
ef4c9070-d17c-4d45-b485-168f6b830342,9989706e-9363-40a8-ac41-d09dce1d8f1d
227aa244-8bf0-423c-ad77-244bb2161b82,705b226a-400b-4601-ab06-85d1e79772df
227aa244-8bf0-423c-ad77-244bb2161b82,82630dc7-7ace-448a-85da-64b95bb4f350
c7c7cfcc-38be-4330-b060-4c4a4329d638,6bf5da8c-66de-4c2c-a8ea-f4361073bf6c
c7c7cfcc-38be-4330-b060-4c4a4329d638,82630dc7-7ace-448a-85da-64b95bb4f350
5c7c19dd-74f4-4606-b71b-b71dd8cf5ded,6bf5da8c-66de-4c2c-a8ea-f4361073bf6c
0e0644e0-5c4d-4b13-8fe6-0cb854f0afed,ef67fa3d-8c99-4b75-b919-cc27655c9b62
0e0644e0-5c4d-4b13-8fe6-0cb854f0afed,82630dc7-7ace-448a-85da-64b95bb4f350
349a12b7-0c66-48e9-8961-87fc0b7ed65a,ef67fa3d-8c99-4b75-b919-cc27655c9b62
2c6806c5-3ddd-49bf-9f38-9bf7cf861c81,ef67fa3d-8c99-4b75-b919-cc27655c9b62
e7087d7c-38a2-49db-b6bb-6d5305f742d9,ef67fa3d-8c99-4b75-b919-cc27655c9b62
7df1a07b-e20e-443e-82c8-cb5e1aff1612,ef67fa3d-8c99-4b75-b919-cc27655c9b62
7df1a07b-e20e-443e-82c8-cb5e1aff1612,82630dc7-7ace-448a-85da-64b95bb4f350
d1dfab96-b91a-4911-bad1-799fca98a678,ef67fa3d-8c99-4b75-b919-cc27655c9b62
d1dfab96-b91a-4911-bad1-799fca98a678,82630dc7-7ace-448a-85da-64b95bb4f350
8296a9d6-77ea-4209-990f-61762530b284,ef67fa3d-8c99-4b75-b919-cc27655c9b62
afe8bed8-91ae-41a5-8a9f-aee6cfd4c21f,ef67fa3d-8c99-4b75-b919-cc27655c9b62
84ee2780-0653-47fb-a156-f46c85d8e87f,ef67fa3d-8c99-4b75-b919-cc27655c9b62
84ee2780-0653-47fb-a156-f46c85d8e87f,206ecc58-973c-4000-9fa2-cc5c7d0f18a1
06a13d49-5398-4d5a-8170-64af168a327c,ef67fa3d-8c99-4b75-b919-cc27655c9b62
06a13d49-5398-4d5a-8170-64af168a327c,82630dc7-7ace-448a-85da-64b95bb4f350
d3344437-a39f-4a6e-af77-94ce65c6cf98,ef67fa3d-8c99-4b75-b919-cc27655c9b62
d3344437-a39f-4a6e-af77-94ce65c6cf98,82630dc7-7ace-448a-85da-64b95bb4f350
4d16b0fd-b1f8-4af8-8d1f-aec8f132a28f,ef67fa3d-8c99-4b75-b919-cc27655c9b62
4d16b0fd-b1f8-4af8-8d1f-aec8f132a28f,82630dc7-7ace-448a-85da-64b95bb4f350
37244fdb-edb0-4295-87ac-44ec2f7ca282,ef67fa3d-8c99-4b75-b919-cc27655c9b62
37244fdb-edb0-4295-87ac-44ec2f7ca282,82630dc7-7ace-448a-85da-64b95bb4f350
fd467fd0-fc5f-413a-8b39-041b8eff3b16,ef67fa3d-8c99-4b75-b919-cc27655c9b62
7fa7151f-c3b3-4029-aa49-0d9d8bcb6534,15b7e63d-f387-4a7b-9a8f-125450990684
3253bbe1-ec52-4c89-a154-e126a604aa25,ef67fa3d-8c99-4b75-b919-cc27655c9b62
3253bbe1-ec52-4c89-a154-e126a604aa25,206ecc58-973c-4000-9fa2-cc5c7d0f18a1
25faa0e1-1472-4b64-b991-0c5527dd3d9e,ef67fa3d-8c99-4b75-b919-cc27655c9b62
25faa0e1-1472-4b64-b991-0c5527dd3d9e,82630dc7-7ace-448a-85da-64b95bb4f350
4426bfbb-cf41-4ebc-814d-a9022fb3f609,ef67fa3d-8c99-4b75-b919-cc27655c9b62
4426bfbb-cf41-4ebc-814d-a9022fb3f609,82630dc7-7ace-448a-85da-64b95bb4f350
b919d994-3643-4a87-8431-fe54264322df,705b226a-400b-4601-ab06-85d1e79772df
95cb766e-322f-41ba-aabd-7c76a6369245,6bf5da8c-66de-4c2c-a8ea-f4361073bf6c
95cb766e-322f-41ba-aabd-7c76a6369245,82630dc7-7ace-448a-85da-64b95bb4f350
4fbc5a3d-091b-49b4-94f0-4f23416b864b,ef67fa3d-8c99-4b75-b919-cc27655c9b62
0889b25f-02bb-4430-a97b-43dc524a54cd,ef67fa3d-8c99-4b75-b919-cc27655c9b62
aafe23db-c129-4a2f-988f-ab14d04dcb2d,58707778-4b63-4b4d-8eef-70b06af971cf
aafe23db-c129-4a2f-988f-ab14d04dcb2d,9989706e-9363-40a8-ac41-d09dce1d8f1d
0d8be0be-4151-4922-8356-feef9ca2e26e,6bf5da8c-66de-4c2c-a8ea-f4361073bf6c
0d8be0be-4151-4922-8356-feef9ca2e26e,82630dc7-7ace-448a-85da-64b95bb4f350
82e83231-e842-4ef5-849a-196e569f90ab,ef67fa3d-8c99-4b75-b919-cc27655c9b62
c95b73de-7914-4a18-8cab-78d181ebb676,ef67fa3d-8c99-4b75-b919-cc27655c9b62
7d6e55ac-bbf6-48b4-9544-2b3cc5ffb5b2,ef67fa3d-8c99-4b75-b919-cc27655c9b62
1783ec65-fe53-4ac4-b300-43f43cbe81b5,ef67fa3d-8c99-4b75-b919-cc27655c9b62
41692cbb-ff1f-47db-ad74-1cd36441db05,ef67fa3d-8c99-4b75-b919-cc27655c9b62
1535b695-4ea1-422b-84c2-c77cdec1db79,ef67fa3d-8c99-4b75-b919-cc27655c9b62
1535b695-4ea1-422b-84c2-c77cdec1db79,58707778-4b63-4b4d-8eef-70b06af971cf
5a1e9ebb-ea1c-4abf-90a1-be9012557032,ef67fa3d-8c99-4b75-b919-cc27655c9b62
5a1e9ebb-ea1c-4abf-90a1-be9012557032,82630dc7-7ace-448a-85da-64b95bb4f350
be3d44c5-9df6-4c68-8a88-2278e2816dfd,15b7e63d-f387-4a7b-9a8f-125450990684
24a6a1cf-8c4a-4266-a995-a8248c864265,15b7e63d-f387-4a7b-9a8f-125450990684
c3b08267-21db-4e30-b100-804a425ce3e0,15b7e63d-f387-4a7b-9a8f-125450990684
e2ffc07e-a357-4056-916e-fa2c2f281eeb,15b7e63d-f387-4a7b-9a8f-125450990684
65464485-765f-4faf-9e3b-d6d8884f206d,ef67fa3d-8c99-4b75-b919-cc27655c9b62
ad1992ed-8361-45e7-9749-34eac2042990,ef67fa3d-8c99-4b75-b919-cc27655c9b62
ad1992ed-8361-45e7-9749-34eac2042990,58707778-4b63-4b4d-8eef-70b06af971cf
c6d46409-4c01-483f-8640-d7601df7c873,6bf5da8c-66de-4c2c-a8ea-f4361073bf6c
e158c803-db79-45b3-ba04-7215d23a1154,ef67fa3d-8c99-4b75-b919-cc27655c9b62
05312ac5-9fbb-4737-91dd-63d4ceb5117e,ef67fa3d-8c99-4b75-b919-cc27655c9b62
05312ac5-9fbb-4737-91dd-63d4ceb5117e,82630dc7-7ace-448a-85da-64b95bb4f350
9cb20d01-f9f9-46ed-8728-dbe044c1fdde,58707778-4b63-4b4d-8eef-70b06af971cf
9cb20d01-f9f9-46ed-8728-dbe044c1fdde,9989706e-9363-40a8-ac41-d09dce1d8f1d
ec8d2f18-ee2c-488f-abde-720f30f8d5d1,ef67fa3d-8c99-4b75-b919-cc27655c9b62
ec8d2f18-ee2c-488f-abde-720f30f8d5d1,82630dc7-7ace-448a-85da-64b95bb4f350
c3e26275-0340-4800-82c7-06dd76f51cb6,ef67fa3d-8c99-4b75-b919-cc27655c9b62
c3e26275-0340-4800-82c7-06dd76f51cb6,82630dc7-7ace-448a-85da-64b95bb4f350
cebf23c0-e9c4-4805-8670-a9f0b95b9b1f,ef67fa3d-8c99-4b75-b919-cc27655c9b62
cebf23c0-e9c4-4805-8670-a9f0b95b9b1f,82630dc7-7ace-448a-85da-64b95bb4f350
410d1cda-1aca-45c2-b922-6819590d51c9,58707778-4b63-4b4d-8eef-70b06af971cf
410d1cda-1aca-45c2-b922-6819590d51c9,ef67fa3d-8c99-4b75-b919-cc27655c9b62
25f8d392-c0f4-4782-b6a5-00183c0d00d9,6bf5da8c-66de-4c2c-a8ea-f4361073bf6c
25f8d392-c0f4-4782-b6a5-00183c0d00d9,15b7e63d-f387-4a7b-9a8f-125450990684
d4d10882-4bab-4542-a30d-65fb4022d90b,15b7e63d-f387-4a7b-9a8f-125450990684
e7fb99fd-06bc-49fa-9fa9-6b922aa91801,ef67fa3d-8c99-4b75-b919-cc27655c9b62
e7fb99fd-06bc-49fa-9fa9-6b922aa91801,82630dc7-7ace-448a-85da-64b95bb4f350
61f18991-348c-4745-b610-580f1d2e5791,15b7e63d-f387-4a7b-9a8f-125450990684
873faa93-5e2a-45da-82b6-82a0d002d8e7,ef67fa3d-8c99-4b75-b919-cc27655c9b62
873faa93-5e2a-45da-82b6-82a0d002d8e7,82630dc7-7ace-448a-85da-64b95bb4f350
2b0dfdbf-41f8-4986-b304-4a2f6dc7e55c,6bf5da8c-66de-4c2c-a8ea-f4361073bf6c
1b640b94-cb4f-4703-9521-5aa39d482360,ef67fa3d-8c99-4b75-b919-cc27655c9b62
1b640b94-cb4f-4703-9521-5aa39d482360,82630dc7-7ace-448a-85da-64b95bb4f350
d98f6c51-a388-4902-b7b7-73028952a5fc,ef67fa3d-8c99-4b75-b919-cc27655c9b62
d98f6c51-a388-4902-b7b7-73028952a5fc,82630dc7-7ace-448a-85da-64b95bb4f350
76d6f244-248e-4452-88b7-facc801844bd,ef67fa3d-8c99-4b75-b919-cc27655c9b62
76d6f244-248e-4452-88b7-facc801844bd,82630dc7-7ace-448a-85da-64b95bb4f350
