id_grupo_valor_categoria,id_valor_categoria
9b79ff11-fd7e-405c-8da1-465b3795569a,cc6dbce1-5b61-4903-b5c8-63fac1e09904
9b79ff11-fd7e-405c-8da1-465b3795569a,e3235976-4d34-45e5-b232-f05fa9d9a150
74edf69b-1c08-4ed5-841e-6e4654300dde,cc6dbce1-5b61-4903-b5c8-63fac1e09904
74edf69b-1c08-4ed5-841e-6e4654300dde,e3235976-4d34-45e5-b232-f05fa9d9a150
a348eb8a-3059-4130-b948-c953d32aef24,8fe49b6b-297b-487b-a8a3-c268beb943fa
a348eb8a-3059-4130-b948-c953d32aef24,88bad7b9-2948-457c-a1fa-f421560d5eb5
a348eb8a-3059-4130-b948-c953d32aef24,6945f20d-b348-4d04-8eba-80e0329b8d61
65101dbf-b1da-4dbd-a3d7-d00d0e94c2f0,2847b29b-9c12-4ece-a01d-d05f2685f79d
65101dbf-b1da-4dbd-a3d7-d00d0e94c2f0,ae275f7b-2e47-415d-924f-11394dce617b
65101dbf-b1da-4dbd-a3d7-d00d0e94c2f0,a5eba7ef-a80a-42fd-ae25-03fb2d0880a0
7ddb4b39-537b-4cc9-af63-6d672cee8349,2847b29b-9c12-4ece-a01d-d05f2685f79d
7ddb4b39-537b-4cc9-af63-6d672cee8349,ae275f7b-2e47-415d-924f-11394dce617b
7ddb4b39-537b-4cc9-af63-6d672cee8349,a5eba7ef-a80a-42fd-ae25-03fb2d0880a0
9b4ac0ab-1362-45f9-a73a-8f97a85ece9a,adf16128-6d84-4026-8327-f153e8b42439
9b4ac0ab-1362-45f9-a73a-8f97a85ece9a,748a5d30-7e6e-4d7d-b719-a7ec2f12d2e8
9b4ac0ab-1362-45f9-a73a-8f97a85ece9a,e2135896-99cb-47f4-9ca1-8b5c24a63547
9b4ac0ab-1362-45f9-a73a-8f97a85ece9a,ef7cc444-85a7-4302-968c-d30a9ea1b065
9b4ac0ab-1362-45f9-a73a-8f97a85ece9a,29cd2770-a525-4ec2-b68b-4fbc49a058b6
9b4ac0ab-1362-45f9-a73a-8f97a85ece9a,0e28cd50-21da-4c34-aaf8-1d8f12537ffb
9b4ac0ab-1362-45f9-a73a-8f97a85ece9a,7c41bc4a-5a66-456b-9619-69eb642b1ce1
9b4ac0ab-1362-45f9-a73a-8f97a85ece9a,27a49778-13af-44aa-b195-380494d25b8d
0b0eeeeb-7eec-4fee-bb20-355211411d61,6115cdc1-93fe-4d91-8489-3a20592dc8e8
0b0eeeeb-7eec-4fee-bb20-355211411d61,9e13ef14-9d54-4891-9a44-4c98f95ee6ff
0b0eeeeb-7eec-4fee-bb20-355211411d61,c491e091-54f7-4e98-96ba-0d544137ebdd
0b0eeeeb-7eec-4fee-bb20-355211411d61,3a6a2a1e-897f-4b1d-b2e7-5af1e8749f8f
dc6362b4-87bd-4eb9-aedd-62dc2b0ff6fe,f5050c9c-4dcb-46f5-9c4f-43b648abedf9
dc6362b4-87bd-4eb9-aedd-62dc2b0ff6fe,dba7e026-eb73-4671-8eca-7bb220ca97ef
dc6362b4-87bd-4eb9-aedd-62dc2b0ff6fe,2f52e044-bf14-454b-85df-53bac37a2169
dc6362b4-87bd-4eb9-aedd-62dc2b0ff6fe,7bbd506b-df13-4267-af7a-ab775e4483f8
dc6362b4-87bd-4eb9-aedd-62dc2b0ff6fe,78923d61-a778-4df8-939e-79d51258783a
dc6362b4-87bd-4eb9-aedd-62dc2b0ff6fe,29f0cd8f-3775-4545-99b4-114078ce5589
dc6362b4-87bd-4eb9-aedd-62dc2b0ff6fe,c9e97286-2cc6-4f08-8f06-12fb4110d7eb
dc6362b4-87bd-4eb9-aedd-62dc2b0ff6fe,04fcfa9c-f5f5-479e-8ed9-8519ac9d4653
4860cc79-876b-42dc-a9f5-16e541348a5a,f5050c9c-4dcb-46f5-9c4f-43b648abedf9
4860cc79-876b-42dc-a9f5-16e541348a5a,dba7e026-eb73-4671-8eca-7bb220ca97ef
4860cc79-876b-42dc-a9f5-16e541348a5a,2f52e044-bf14-454b-85df-53bac37a2169
4860cc79-876b-42dc-a9f5-16e541348a5a,7bbd506b-df13-4267-af7a-ab775e4483f8
4860cc79-876b-42dc-a9f5-16e541348a5a,78923d61-a778-4df8-939e-79d51258783a
4860cc79-876b-42dc-a9f5-16e541348a5a,29f0cd8f-3775-4545-99b4-114078ce5589
4860cc79-876b-42dc-a9f5-16e541348a5a,c9e97286-2cc6-4f08-8f06-12fb4110d7eb
4860cc79-876b-42dc-a9f5-16e541348a5a,04fcfa9c-f5f5-479e-8ed9-8519ac9d4653
9ec02a01-1263-4097-9518-a97920e2cda2,cc6dbce1-5b61-4903-b5c8-63fac1e09904
9ec02a01-1263-4097-9518-a97920e2cda2,e3235976-4d34-45e5-b232-f05fa9d9a150
f78fca8c-4276-4299-9b20-6361cabe0610,e85f7640-cd73-40b7-b7bf-99d0bd16b215
f78fca8c-4276-4299-9b20-6361cabe0610,9235a52f-0f6c-4804-8b2e-b1f8179b255f
f78fca8c-4276-4299-9b20-6361cabe0610,557b87b6-d929-464c-84b1-9bfb14373737
f78fca8c-4276-4299-9b20-6361cabe0610,e933da02-1959-4cd8-8b82-47f2ec019d32
fff29899-88e4-4051-a1d0-3e65c4322818,d9b8a55d-b582-4edd-8205-7af762c5772c
fff29899-88e4-4051-a1d0-3e65c4322818,ba223b9c-941d-4962-a3bd-c66f409b59b5
fff29899-88e4-4051-a1d0-3e65c4322818,ed9a9a7e-3d73-4779-aeaf-4dbc3bcad31e
fff29899-88e4-4051-a1d0-3e65c4322818,b1ee891d-fdaa-4928-a65a-c05b5cc6c9ef
4b5dbf88-783d-4b91-b31d-bb7e6e4a3e02,701b8806-46f0-4640-84fe-dd619a1b35a3
4b5dbf88-783d-4b91-b31d-bb7e6e4a3e02,4cba6a2e-a007-4943-a8b8-f4c19d47dbc1
4b5dbf88-783d-4b91-b31d-bb7e6e4a3e02,877cbc28-049f-4e91-8cda-39d2dea627e4
4b5dbf88-783d-4b91-b31d-bb7e6e4a3e02,e5d3e807-1131-433e-a28f-be3c1043d094
452c7275-42b1-4e3a-9acb-ed2b25385f65,701b8806-46f0-4640-84fe-dd619a1b35a3
452c7275-42b1-4e3a-9acb-ed2b25385f65,4cba6a2e-a007-4943-a8b8-f4c19d47dbc1
452c7275-42b1-4e3a-9acb-ed2b25385f65,48f2c72e-d601-4f2b-8cb0-e98ec414bea7
3f80a397-48f1-409c-90b3-c7bfbdf66dd1,a282237d-18b6-40fb-b4ba-7cf42668853d
3f80a397-48f1-409c-90b3-c7bfbdf66dd1,39e28a64-348d-45ae-b18b-93a20acfe7dd
3f80a397-48f1-409c-90b3-c7bfbdf66dd1,7f7551a7-dbd7-4500-924d-ae9fa2bb580b
472c5263-0984-418d-a1a0-6aa39376cad0,44c66b83-342d-4bb8-b142-4cc5f63121a4
472c5263-0984-418d-a1a0-6aa39376cad0,9d1def37-b8f4-4d0a-ab8e-440ef18d0702
472c5263-0984-418d-a1a0-6aa39376cad0,4a6ae5c3-c902-488a-bc1e-940fc9015650
0e344994-107a-4348-992a-9c60b9a51789,7d106203-bc77-4f6c-8222-d79fc3980c88
0e344994-107a-4348-992a-9c60b9a51789,8ec11c12-a419-4486-a7b2-06a278725edc
24f3e66a-9ee6-4085-946f-1268cf4ac4f4,d8bf88e4-e0ff-4967-a6ee-7833ec9c6457
24f3e66a-9ee6-4085-946f-1268cf4ac4f4,26af3e7f-a9c6-42fc-8763-80248cb7df59
24f3e66a-9ee6-4085-946f-1268cf4ac4f4,29279c7f-ede9-4632-85eb-07ff3a6da7d8
f0f0bb90-cd67-45ff-9040-ecbaa2a48e3f,e483c032-eb69-43b4-9fb6-3346fdffab3f
f0f0bb90-cd67-45ff-9040-ecbaa2a48e3f,be0fdd8d-33dd-470f-ad54-fcae5dd5f58f
f0f0bb90-cd67-45ff-9040-ecbaa2a48e3f,6f2ca8c5-cb80-4801-9af0-21d702c4cba3
f0f0bb90-cd67-45ff-9040-ecbaa2a48e3f,68ebef7d-520c-469a-9565-e1e9f070cea1
0fdfa618-79cb-449f-8050-bd2635854c74,cc6dbce1-5b61-4903-b5c8-63fac1e09904
0fdfa618-79cb-449f-8050-bd2635854c74,5841652d-c1f2-41c3-a7f9-9edc49d98a07
0fdfa618-79cb-449f-8050-bd2635854c74,92b480fa-96fb-4714-b0cc-aef3a6bb0663
0fdfa618-79cb-449f-8050-bd2635854c74,a233b23d-0c9a-48cb-b080-9a75a7f307b3
2efbe32e-dcb4-4f87-9bdf-d93f3fb9efd1,cc6dbce1-5b61-4903-b5c8-63fac1e09904
2efbe32e-dcb4-4f87-9bdf-d93f3fb9efd1,5841652d-c1f2-41c3-a7f9-9edc49d98a07
2efbe32e-dcb4-4f87-9bdf-d93f3fb9efd1,92b480fa-96fb-4714-b0cc-aef3a6bb0663
2efbe32e-dcb4-4f87-9bdf-d93f3fb9efd1,a233b23d-0c9a-48cb-b080-9a75a7f307b3
c72b0984-59fd-47bd-984d-f6104a2b7ec8,232b4283-6367-4fc4-adf1-11d90f43dc84
c72b0984-59fd-47bd-984d-f6104a2b7ec8,5d5d4e80-67ab-4fd2-a36b-e12281cd7958
c72b0984-59fd-47bd-984d-f6104a2b7ec8,73d2d01c-a152-4295-b780-9951f99117d1
c72b0984-59fd-47bd-984d-f6104a2b7ec8,3123beaf-ec69-45fe-be83-91ac6e5b1f43
d35131cc-68bf-4813-ada0-5505e60872ad,cc6dbce1-5b61-4903-b5c8-63fac1e09904
d35131cc-68bf-4813-ada0-5505e60872ad,e3235976-4d34-45e5-b232-f05fa9d9a150
a6b6e0a8-bdd6-43d8-90c2-22dd26ccab98,cc6dbce1-5b61-4903-b5c8-63fac1e09904
a6b6e0a8-bdd6-43d8-90c2-22dd26ccab98,e3235976-4d34-45e5-b232-f05fa9d9a150
46044e2f-d8ce-4685-8b05-849ba26006f9,cc6dbce1-5b61-4903-b5c8-63fac1e09904
46044e2f-d8ce-4685-8b05-849ba26006f9,e3235976-4d34-45e5-b232-f05fa9d9a150
29beacbe-2640-4e08-beb1-5d2468691deb,cc6dbce1-5b61-4903-b5c8-63fac1e09904
29beacbe-2640-4e08-beb1-5d2468691deb,e3235976-4d34-45e5-b232-f05fa9d9a150
9806ceeb-1ede-40d2-86a3-1de8afd74d78,cc6dbce1-5b61-4903-b5c8-63fac1e09904
9806ceeb-1ede-40d2-86a3-1de8afd74d78,e3235976-4d34-45e5-b232-f05fa9d9a150
51929574-7dbb-4342-89ed-fb817f30ed06,cc6dbce1-5b61-4903-b5c8-63fac1e09904
51929574-7dbb-4342-89ed-fb817f30ed06,e3235976-4d34-45e5-b232-f05fa9d9a150
cde351ef-11d2-4b5d-9afa-eb1609fd44e9,cc6dbce1-5b61-4903-b5c8-63fac1e09904
cde351ef-11d2-4b5d-9afa-eb1609fd44e9,e3235976-4d34-45e5-b232-f05fa9d9a150
32222b6b-ad0f-42d7-88ec-fe870f0cc7e6,cc6dbce1-5b61-4903-b5c8-63fac1e09904
32222b6b-ad0f-42d7-88ec-fe870f0cc7e6,e3235976-4d34-45e5-b232-f05fa9d9a150
7085e4bf-cd4b-4dbe-bcb8-5f51a62aa282,cc6dbce1-5b61-4903-b5c8-63fac1e09904
7085e4bf-cd4b-4dbe-bcb8-5f51a62aa282,e3235976-4d34-45e5-b232-f05fa9d9a150
cc18e865-80d7-4a4d-8712-9e713f11ec13,cc6dbce1-5b61-4903-b5c8-63fac1e09904
cc18e865-80d7-4a4d-8712-9e713f11ec13,e3235976-4d34-45e5-b232-f05fa9d9a150
aa575063-09f0-4d64-8e84-520b89f9b82c,cc6dbce1-5b61-4903-b5c8-63fac1e09904
aa575063-09f0-4d64-8e84-520b89f9b82c,e3235976-4d34-45e5-b232-f05fa9d9a150
0175ffaa-ce98-458b-8b6b-cbcf7e9182e7,cc6dbce1-5b61-4903-b5c8-63fac1e09904
0175ffaa-ce98-458b-8b6b-cbcf7e9182e7,e3235976-4d34-45e5-b232-f05fa9d9a150
2f9bbac5-67c9-448b-ab71-291aeb7c9391,cc6dbce1-5b61-4903-b5c8-63fac1e09904
2f9bbac5-67c9-448b-ab71-291aeb7c9391,e3235976-4d34-45e5-b232-f05fa9d9a150
f6bc8309-86f1-4540-bddd-a80b64ba2ca8,cc6dbce1-5b61-4903-b5c8-63fac1e09904
f6bc8309-86f1-4540-bddd-a80b64ba2ca8,e3235976-4d34-45e5-b232-f05fa9d9a150
ba12306b-18a7-48e5-ac4e-c3201fd3eb6e,cc6dbce1-5b61-4903-b5c8-63fac1e09904
ba12306b-18a7-48e5-ac4e-c3201fd3eb6e,e3235976-4d34-45e5-b232-f05fa9d9a150
72f360d9-f61e-4c49-a7b5-082b9f282ec7,cc6dbce1-5b61-4903-b5c8-63fac1e09904
72f360d9-f61e-4c49-a7b5-082b9f282ec7,e3235976-4d34-45e5-b232-f05fa9d9a150
ca10fd04-6783-4e10-abfd-0788f24f4d1d,96c67a1b-70ba-4e18-bef6-a223dcd55ed4
ca10fd04-6783-4e10-abfd-0788f24f4d1d,aa79b5d1-b279-4074-a6ff-1931c256fd7e
ca10fd04-6783-4e10-abfd-0788f24f4d1d,c6196264-f0bd-46a8-a17a-d32a883df2cf
ca10fd04-6783-4e10-abfd-0788f24f4d1d,a6bb659c-3944-436a-bd11-2f8dbb35c00a
ca10fd04-6783-4e10-abfd-0788f24f4d1d,2a4e1d18-0949-4532-9a2c-635ce3182a86
ca10fd04-6783-4e10-abfd-0788f24f4d1d,f3d57212-e737-496a-b83c-d3e5a76f5cdf
ca10fd04-6783-4e10-abfd-0788f24f4d1d,9dbad057-5ae5-403b-ae19-77ce84a42446
707e70b6-f3cb-4594-b7ca-beeef9f851f4,14d7c81f-c695-42b8-be75-36c0719f7410
707e70b6-f3cb-4594-b7ca-beeef9f851f4,908bf1e4-4701-4590-b350-9b1fc2810dd7
707e70b6-f3cb-4594-b7ca-beeef9f851f4,f6dbbb80-acaf-4668-a86b-55f90ce6ddcb
3009d7ea-16d9-4348-854b-a6af70fb395d,cc6dbce1-5b61-4903-b5c8-63fac1e09904
3009d7ea-16d9-4348-854b-a6af70fb395d,e3235976-4d34-45e5-b232-f05fa9d9a150
ae3e0878-a3b9-438f-b346-934cb7522f4e,cc6dbce1-5b61-4903-b5c8-63fac1e09904
ae3e0878-a3b9-438f-b346-934cb7522f4e,e3235976-4d34-45e5-b232-f05fa9d9a150
aedfe62e-2086-4c58-9ea9-1643cbb1fdfd,cc6dbce1-5b61-4903-b5c8-63fac1e09904
aedfe62e-2086-4c58-9ea9-1643cbb1fdfd,e3235976-4d34-45e5-b232-f05fa9d9a150
b6e13ec5-bdf1-4b88-95b6-512cf4d9e4e3,cc6dbce1-5b61-4903-b5c8-63fac1e09904
b6e13ec5-bdf1-4b88-95b6-512cf4d9e4e3,e3235976-4d34-45e5-b232-f05fa9d9a150
c1763b90-ddee-4b4b-94c5-b69a7235c045,cc6dbce1-5b61-4903-b5c8-63fac1e09904
c1763b90-ddee-4b4b-94c5-b69a7235c045,e3235976-4d34-45e5-b232-f05fa9d9a150
4f747f16-44f3-45a0-a569-10ba9ba8c355,cc6dbce1-5b61-4903-b5c8-63fac1e09904
4f747f16-44f3-45a0-a569-10ba9ba8c355,e3235976-4d34-45e5-b232-f05fa9d9a150
d9981803-2f88-4f5e-ac65-dc2ad46148c7,cc6dbce1-5b61-4903-b5c8-63fac1e09904
d9981803-2f88-4f5e-ac65-dc2ad46148c7,e3235976-4d34-45e5-b232-f05fa9d9a150
3a3e4ed8-e96e-4190-a12d-bd3046f14507,cc6dbce1-5b61-4903-b5c8-63fac1e09904
3a3e4ed8-e96e-4190-a12d-bd3046f14507,e3235976-4d34-45e5-b232-f05fa9d9a150
ea36c5d3-f47a-472f-a1c4-8aa52008779b,cc6dbce1-5b61-4903-b5c8-63fac1e09904
ea36c5d3-f47a-472f-a1c4-8aa52008779b,e3235976-4d34-45e5-b232-f05fa9d9a150
d217dc6f-3ed7-4147-a822-48885905c7b8,cc6dbce1-5b61-4903-b5c8-63fac1e09904
d217dc6f-3ed7-4147-a822-48885905c7b8,e3235976-4d34-45e5-b232-f05fa9d9a150
78c04192-c9f7-4ea9-885e-c0e8fc3401a8,57836a8f-914b-441a-9fbf-b6809e4371e7
78c04192-c9f7-4ea9-885e-c0e8fc3401a8,f114575b-b714-4255-b226-621d884298db
78c04192-c9f7-4ea9-885e-c0e8fc3401a8,82a08ed5-bca8-41b0-a87f-a6ac8c2b2689
78c04192-c9f7-4ea9-885e-c0e8fc3401a8,980b31bf-c2ce-427c-a3e3-d316632c13df
d67b466d-7336-4edb-bdad-9b3a52e79419,57836a8f-914b-441a-9fbf-b6809e4371e7
d67b466d-7336-4edb-bdad-9b3a52e79419,f114575b-b714-4255-b226-621d884298db
d67b466d-7336-4edb-bdad-9b3a52e79419,82a08ed5-bca8-41b0-a87f-a6ac8c2b2689
d67b466d-7336-4edb-bdad-9b3a52e79419,980b31bf-c2ce-427c-a3e3-d316632c13df
18e80566-0b20-4a5d-b341-ca349772dd86,57836a8f-914b-441a-9fbf-b6809e4371e7
18e80566-0b20-4a5d-b341-ca349772dd86,65de9d04-7a13-427e-a025-ffa023d4ea54
18e80566-0b20-4a5d-b341-ca349772dd86,79c769bb-eee7-4816-ba26-1458594ac147
0437dd3b-3760-498f-8037-c069eece2451,57836a8f-914b-441a-9fbf-b6809e4371e7
0437dd3b-3760-498f-8037-c069eece2451,f114575b-b714-4255-b226-621d884298db
0437dd3b-3760-498f-8037-c069eece2451,82a08ed5-bca8-41b0-a87f-a6ac8c2b2689
0437dd3b-3760-498f-8037-c069eece2451,980b31bf-c2ce-427c-a3e3-d316632c13df
7a1ae81e-7025-4dba-9730-503ef21604e3,57836a8f-914b-441a-9fbf-b6809e4371e7
7a1ae81e-7025-4dba-9730-503ef21604e3,f114575b-b714-4255-b226-621d884298db
7a1ae81e-7025-4dba-9730-503ef21604e3,82a08ed5-bca8-41b0-a87f-a6ac8c2b2689
7a1ae81e-7025-4dba-9730-503ef21604e3,980b31bf-c2ce-427c-a3e3-d316632c13df
33f8fcc3-016b-4440-9673-690b6cd7bc60,d06aba81-d112-4d06-a0f7-f77d765d7376
33f8fcc3-016b-4440-9673-690b6cd7bc60,06289f1a-4cfa-40a6-ad35-5f0f29ba63cd
33f8fcc3-016b-4440-9673-690b6cd7bc60,c4483f47-6eeb-4a84-bdaa-6315eecf5333
33f8fcc3-016b-4440-9673-690b6cd7bc60,5476f5f4-d774-40a0-a1bb-b0529ffacee8
3de7f8b2-24a5-47f4-bd31-b69e5d94b6f5,cc6dbce1-5b61-4903-b5c8-63fac1e09904
3de7f8b2-24a5-47f4-bd31-b69e5d94b6f5,e3235976-4d34-45e5-b232-f05fa9d9a150
ef0ab5de-76a3-42a7-8857-d38ee2a200ee,cc6dbce1-5b61-4903-b5c8-63fac1e09904
ef0ab5de-76a3-42a7-8857-d38ee2a200ee,e3235976-4d34-45e5-b232-f05fa9d9a150
ef0ab5de-76a3-42a7-8857-d38ee2a200ee,76598767-9edf-4f4c-925b-6da5927b6662
8533ea48-c1a5-4e26-aa17-f92c47079916,1316da01-4bb3-4cea-908e-886842b5b295
8533ea48-c1a5-4e26-aa17-f92c47079916,a28077ca-d8d5-49aa-ac5b-7271adca4bde
8533ea48-c1a5-4e26-aa17-f92c47079916,d3a345fe-73f8-42b6-9e10-e35aafd9638a
aa9ef14b-14ef-462e-9fbc-9d2befcf1e1f,1316da01-4bb3-4cea-908e-886842b5b295
aa9ef14b-14ef-462e-9fbc-9d2befcf1e1f,a28077ca-d8d5-49aa-ac5b-7271adca4bde
aa9ef14b-14ef-462e-9fbc-9d2befcf1e1f,d3a345fe-73f8-42b6-9e10-e35aafd9638a
3ca7fd12-cd7c-4685-8594-2d0915f57329,cc6dbce1-5b61-4903-b5c8-63fac1e09904
3ca7fd12-cd7c-4685-8594-2d0915f57329,e3235976-4d34-45e5-b232-f05fa9d9a150
f7ea9410-1712-4d88-9308-4bfbf78bb6fd,cc6dbce1-5b61-4903-b5c8-63fac1e09904
f7ea9410-1712-4d88-9308-4bfbf78bb6fd,e3235976-4d34-45e5-b232-f05fa9d9a150
0de89692-02bd-49e6-adbf-e94ebe23e735,cc6dbce1-5b61-4903-b5c8-63fac1e09904
0de89692-02bd-49e6-adbf-e94ebe23e735,e3235976-4d34-45e5-b232-f05fa9d9a150
fccbf674-b421-4311-8e37-2c2baf7239a5,cc6dbce1-5b61-4903-b5c8-63fac1e09904
fccbf674-b421-4311-8e37-2c2baf7239a5,e3235976-4d34-45e5-b232-f05fa9d9a150
66e1f65b-0c24-4a7b-b0a9-25ff7db53d61,cc6dbce1-5b61-4903-b5c8-63fac1e09904
66e1f65b-0c24-4a7b-b0a9-25ff7db53d61,e3235976-4d34-45e5-b232-f05fa9d9a150
0c3e6c2d-2106-405b-a539-a72c2c77ab9a,cc6dbce1-5b61-4903-b5c8-63fac1e09904
0c3e6c2d-2106-405b-a539-a72c2c77ab9a,e3235976-4d34-45e5-b232-f05fa9d9a150
c09d00c7-cf10-49bc-835c-af0a1fdcf4f7,0b358e19-9f3d-459a-af83-fce47b71cbb3
c09d00c7-cf10-49bc-835c-af0a1fdcf4f7,93bb4792-8cf5-41c8-810b-dc564e0b9b32
c09d00c7-cf10-49bc-835c-af0a1fdcf4f7,d08c4f90-cf79-45e1-9ade-339c3664a420
f17f63d1-7121-41d4-8da4-8e1f25f03479,cc6dbce1-5b61-4903-b5c8-63fac1e09904
f17f63d1-7121-41d4-8da4-8e1f25f03479,e3235976-4d34-45e5-b232-f05fa9d9a150
136d64ad-23dc-4a9f-8902-24657ec25a7a,b5167aa7-8a2d-4292-91ee-fdfb05605f74
136d64ad-23dc-4a9f-8902-24657ec25a7a,3dc3d45f-50d3-467a-a06a-0e1349d1cc77
136d64ad-23dc-4a9f-8902-24657ec25a7a,47c18b16-417b-49d8-a993-9320c0e3ac7b
136d64ad-23dc-4a9f-8902-24657ec25a7a,24fcc2ba-5d4d-4c3d-87b1-5b9b681d38f4
136d64ad-23dc-4a9f-8902-24657ec25a7a,8847d6b6-7bbd-4c0c-8931-5e4c1b05e244
136d64ad-23dc-4a9f-8902-24657ec25a7a,0ccc572b-4e50-4ccf-ba9a-48f3358e7cfa
136d64ad-23dc-4a9f-8902-24657ec25a7a,90696204-fad3-49d5-aa9f-41c1e38f1675
136d64ad-23dc-4a9f-8902-24657ec25a7a,f6104c21-396b-4149-b5ec-6169ceeb84d3
136d64ad-23dc-4a9f-8902-24657ec25a7a,1230d581-70c2-4996-85fd-1355e95242f8
ef0b6d2a-dc12-4df9-93cf-cf8bacdae78d,b5167aa7-8a2d-4292-91ee-fdfb05605f74
ef0b6d2a-dc12-4df9-93cf-cf8bacdae78d,3dc3d45f-50d3-467a-a06a-0e1349d1cc77
ef0b6d2a-dc12-4df9-93cf-cf8bacdae78d,47c18b16-417b-49d8-a993-9320c0e3ac7b
ef0b6d2a-dc12-4df9-93cf-cf8bacdae78d,24fcc2ba-5d4d-4c3d-87b1-5b9b681d38f4
ef0b6d2a-dc12-4df9-93cf-cf8bacdae78d,8847d6b6-7bbd-4c0c-8931-5e4c1b05e244
ef0b6d2a-dc12-4df9-93cf-cf8bacdae78d,0ccc572b-4e50-4ccf-ba9a-48f3358e7cfa
ef0b6d2a-dc12-4df9-93cf-cf8bacdae78d,90696204-fad3-49d5-aa9f-41c1e38f1675
ef0b6d2a-dc12-4df9-93cf-cf8bacdae78d,f6104c21-396b-4149-b5ec-6169ceeb84d3
ef0b6d2a-dc12-4df9-93cf-cf8bacdae78d,1230d581-70c2-4996-85fd-1355e95242f8
1a9ba5f2-e33d-4378-96a8-d3a9324a94d6,b5167aa7-8a2d-4292-91ee-fdfb05605f74
1a9ba5f2-e33d-4378-96a8-d3a9324a94d6,3dc3d45f-50d3-467a-a06a-0e1349d1cc77
1a9ba5f2-e33d-4378-96a8-d3a9324a94d6,47c18b16-417b-49d8-a993-9320c0e3ac7b
1a9ba5f2-e33d-4378-96a8-d3a9324a94d6,24fcc2ba-5d4d-4c3d-87b1-5b9b681d38f4
1a9ba5f2-e33d-4378-96a8-d3a9324a94d6,8847d6b6-7bbd-4c0c-8931-5e4c1b05e244
1a9ba5f2-e33d-4378-96a8-d3a9324a94d6,0ccc572b-4e50-4ccf-ba9a-48f3358e7cfa
1a9ba5f2-e33d-4378-96a8-d3a9324a94d6,90696204-fad3-49d5-aa9f-41c1e38f1675
1a9ba5f2-e33d-4378-96a8-d3a9324a94d6,f6104c21-396b-4149-b5ec-6169ceeb84d3
1a9ba5f2-e33d-4378-96a8-d3a9324a94d6,1230d581-70c2-4996-85fd-1355e95242f8
8e40d5f0-831a-4603-8d2e-6f37e6a69b8a,17b7deec-067d-4a4b-a6bb-58e860901b86
8e40d5f0-831a-4603-8d2e-6f37e6a69b8a,0cdc7a27-0c81-4ed3-bf8a-76673c7fd1fc
8e40d5f0-831a-4603-8d2e-6f37e6a69b8a,62f65df4-8181-441d-91cd-0bb775d0b347
8e40d5f0-831a-4603-8d2e-6f37e6a69b8a,cf7da503-1c6f-483f-8a98-bdcb8ccfe754
4d1e6f26-4a63-40d7-8fd0-8aa2117112ba,17b7deec-067d-4a4b-a6bb-58e860901b86
4d1e6f26-4a63-40d7-8fd0-8aa2117112ba,0cdc7a27-0c81-4ed3-bf8a-76673c7fd1fc
4d1e6f26-4a63-40d7-8fd0-8aa2117112ba,62f65df4-8181-441d-91cd-0bb775d0b347
4d1e6f26-4a63-40d7-8fd0-8aa2117112ba,cf7da503-1c6f-483f-8a98-bdcb8ccfe754
8d6292c4-fee3-4dbb-89b5-64196a1f7e4c,cc6dbce1-5b61-4903-b5c8-63fac1e09904
8d6292c4-fee3-4dbb-89b5-64196a1f7e4c,e3235976-4d34-45e5-b232-f05fa9d9a150
21faac32-a96f-4c5a-9a14-12ec1a45ae4d,539cfc0d-2968-48a4-b5b8-eca308d2cd1e
21faac32-a96f-4c5a-9a14-12ec1a45ae4d,40c22e44-dc45-4cc8-be8b-a2a30191faf4
21faac32-a96f-4c5a-9a14-12ec1a45ae4d,316e641e-7a42-4856-925d-1d8a0a22b333
21faac32-a96f-4c5a-9a14-12ec1a45ae4d,759b932b-d4f2-4d37-b228-0019dcb3dbb3
21faac32-a96f-4c5a-9a14-12ec1a45ae4d,47804f3a-42a5-4c5d-a5b9-ad2042d89eae
606f35d4-cf13-4c81-9eaa-de12a4b66805,cc6dbce1-5b61-4903-b5c8-63fac1e09904
606f35d4-cf13-4c81-9eaa-de12a4b66805,461f8339-6e46-499e-b5d7-2527df24e77c
e197a6b1-e217-404a-bf45-9eb885ee44be,b090c9a3-9874-43ae-a157-82ee90e68894
e197a6b1-e217-404a-bf45-9eb885ee44be,368ed234-7859-461e-a764-f097bb442195
e197a6b1-e217-404a-bf45-9eb885ee44be,54407850-c0a0-4071-bd4c-5896333a80bf
2fd4c949-4559-4d6b-bd7e-537129ce2660,cc6dbce1-5b61-4903-b5c8-63fac1e09904
2fd4c949-4559-4d6b-bd7e-537129ce2660,e3235976-4d34-45e5-b232-f05fa9d9a150
08cdbcf0-f8a6-4143-9a8d-83a0f583b67c,cc6dbce1-5b61-4903-b5c8-63fac1e09904
08cdbcf0-f8a6-4143-9a8d-83a0f583b67c,e3235976-4d34-45e5-b232-f05fa9d9a150
c7b70101-f3f4-4b0a-a1e3-29c354562654,cc6dbce1-5b61-4903-b5c8-63fac1e09904
c7b70101-f3f4-4b0a-a1e3-29c354562654,e3235976-4d34-45e5-b232-f05fa9d9a150
74c457f3-09b4-44c4-8ae2-f57b8eaa3aeb,7edab14f-05a8-4054-afaf-70289885d2f5
74c457f3-09b4-44c4-8ae2-f57b8eaa3aeb,9e2446a1-8482-4447-ad75-1fb20932c937
74c457f3-09b4-44c4-8ae2-f57b8eaa3aeb,4c45ff59-937c-418b-b8e0-d1c07152952e
74c457f3-09b4-44c4-8ae2-f57b8eaa3aeb,a1979b61-f295-46e7-b30e-830180c254c7
74c457f3-09b4-44c4-8ae2-f57b8eaa3aeb,f6cedc65-b131-4add-9f37-ad29f5e09ab4
74c457f3-09b4-44c4-8ae2-f57b8eaa3aeb,fca2fdc5-04a0-4e17-b245-df0bab656b22
a909d0ab-b5ac-4166-bde4-5b4f160d11f1,cc6dbce1-5b61-4903-b5c8-63fac1e09904
a909d0ab-b5ac-4166-bde4-5b4f160d11f1,e3235976-4d34-45e5-b232-f05fa9d9a150
8293c95c-35a4-4182-aac5-7b6750536217,cc6dbce1-5b61-4903-b5c8-63fac1e09904
8293c95c-35a4-4182-aac5-7b6750536217,e3235976-4d34-45e5-b232-f05fa9d9a150
a599e1d2-a3cb-4d6e-a895-8c858e318014,cc6dbce1-5b61-4903-b5c8-63fac1e09904
a599e1d2-a3cb-4d6e-a895-8c858e318014,e3235976-4d34-45e5-b232-f05fa9d9a150
880476aa-7633-4ab1-abf9-b14b865b4b45,cc6dbce1-5b61-4903-b5c8-63fac1e09904
880476aa-7633-4ab1-abf9-b14b865b4b45,e3235976-4d34-45e5-b232-f05fa9d9a150
8c64950f-1dcb-41a7-b7c2-b2a1ae4f9d3b,cc6dbce1-5b61-4903-b5c8-63fac1e09904
8c64950f-1dcb-41a7-b7c2-b2a1ae4f9d3b,e3235976-4d34-45e5-b232-f05fa9d9a150
1451c0d8-55ff-4642-8f32-dd385b21b558,cc6dbce1-5b61-4903-b5c8-63fac1e09904
1451c0d8-55ff-4642-8f32-dd385b21b558,e3235976-4d34-45e5-b232-f05fa9d9a150
70a39c79-49fb-47c0-b2a5-a6906f807690,cc6dbce1-5b61-4903-b5c8-63fac1e09904
70a39c79-49fb-47c0-b2a5-a6906f807690,e3235976-4d34-45e5-b232-f05fa9d9a150
e3b25dcf-c2f6-477b-8913-ffb6e32294d4,6b90ccda-7435-40d2-bae8-b105754b9ba4
e3b25dcf-c2f6-477b-8913-ffb6e32294d4,211cffdb-dd8c-47da-b005-dd5061bb3b27
e3b25dcf-c2f6-477b-8913-ffb6e32294d4,28504fa3-1ca5-4eac-9bed-3fd6fc644d21
d816b7f0-259b-4788-94bf-5d475e7db11a,59719a31-c37c-42af-928f-4763aac0a74e
d816b7f0-259b-4788-94bf-5d475e7db11a,14fa60cd-136c-4dc4-92ee-fc657af5eaf3
d816b7f0-259b-4788-94bf-5d475e7db11a,64bef481-cdbf-4034-96be-a2edc23e8ec6
d0cf69b3-720b-4f62-84f1-f7998fa2b8fd,cc6dbce1-5b61-4903-b5c8-63fac1e09904
d0cf69b3-720b-4f62-84f1-f7998fa2b8fd,e3235976-4d34-45e5-b232-f05fa9d9a150
72c96c3c-1b76-4480-a9e6-1bcd462b6cd1,ec294f17-715a-4a96-8fd1-f4dc9451db50
72c96c3c-1b76-4480-a9e6-1bcd462b6cd1,940a1c7b-8d83-493c-a4ec-0e0c66c22015
72c96c3c-1b76-4480-a9e6-1bcd462b6cd1,13c84943-3443-4779-9d0c-cb62d1d2ed99
72c96c3c-1b76-4480-a9e6-1bcd462b6cd1,905ca324-14fc-42cd-a3fa-c31e670124aa
72c96c3c-1b76-4480-a9e6-1bcd462b6cd1,6bf2d93b-cbe4-4fd2-811a-1429808c86ba
700760f9-5d86-45e8-8779-e92d66a2b4c7,cc6dbce1-5b61-4903-b5c8-63fac1e09904
700760f9-5d86-45e8-8779-e92d66a2b4c7,e3235976-4d34-45e5-b232-f05fa9d9a150
9f6e0df4-74c7-4c54-8c24-d040e42ec558,cc6dbce1-5b61-4903-b5c8-63fac1e09904
9f6e0df4-74c7-4c54-8c24-d040e42ec558,e3235976-4d34-45e5-b232-f05fa9d9a150
6bbd3c36-91b8-45eb-88d2-cc9ace48d630,cc6dbce1-5b61-4903-b5c8-63fac1e09904
6bbd3c36-91b8-45eb-88d2-cc9ace48d630,e3235976-4d34-45e5-b232-f05fa9d9a150
8bfea318-d9e8-4454-84da-d2efff0c9787,cc6dbce1-5b61-4903-b5c8-63fac1e09904
8bfea318-d9e8-4454-84da-d2efff0c9787,e3235976-4d34-45e5-b232-f05fa9d9a150
882b5df6-bbad-4b90-a0f9-344f9e6fd49b,cc6dbce1-5b61-4903-b5c8-63fac1e09904
882b5df6-bbad-4b90-a0f9-344f9e6fd49b,e3235976-4d34-45e5-b232-f05fa9d9a150
e1be29a2-58e1-4f2c-ac83-ceb85a1ebfb7,cc6dbce1-5b61-4903-b5c8-63fac1e09904
e1be29a2-58e1-4f2c-ac83-ceb85a1ebfb7,e3235976-4d34-45e5-b232-f05fa9d9a150
e89a4e45-c86e-4118-bd46-87f41f532509,cc6dbce1-5b61-4903-b5c8-63fac1e09904
e89a4e45-c86e-4118-bd46-87f41f532509,e3235976-4d34-45e5-b232-f05fa9d9a150
06dc7b65-e82c-4388-b022-1033761d6f7e,cc6dbce1-5b61-4903-b5c8-63fac1e09904
06dc7b65-e82c-4388-b022-1033761d6f7e,e3235976-4d34-45e5-b232-f05fa9d9a150
dae41501-7d2d-4184-8e7f-c0bb0bf535b3,cc6dbce1-5b61-4903-b5c8-63fac1e09904
dae41501-7d2d-4184-8e7f-c0bb0bf535b3,e3235976-4d34-45e5-b232-f05fa9d9a150
343f12af-ac4c-4a27-a746-1da8e754a52c,3cad0d2b-d910-4664-8005-a30b0ea36f49
343f12af-ac4c-4a27-a746-1da8e754a52c,46772a6a-ffb8-438a-9bec-e5db9ebf0bc0
343f12af-ac4c-4a27-a746-1da8e754a52c,f013d3f5-eed5-4779-9940-a4d2f9bf35c1
343f12af-ac4c-4a27-a746-1da8e754a52c,d274014d-9233-49bb-b490-ec5564d94f39
343f12af-ac4c-4a27-a746-1da8e754a52c,d00901e4-5f0c-4de1-bc81-08c5d132eb8f
7c8895c2-e8c8-4443-a726-70c0292901dd,cc6dbce1-5b61-4903-b5c8-63fac1e09904
7c8895c2-e8c8-4443-a726-70c0292901dd,e3235976-4d34-45e5-b232-f05fa9d9a150
df6267e8-03b5-4961-b8ac-3d195701334c,cc6dbce1-5b61-4903-b5c8-63fac1e09904
df6267e8-03b5-4961-b8ac-3d195701334c,e3235976-4d34-45e5-b232-f05fa9d9a150
c7b5b133-adb7-47f4-8150-231b44e23932,cc6dbce1-5b61-4903-b5c8-63fac1e09904
c7b5b133-adb7-47f4-8150-231b44e23932,e3235976-4d34-45e5-b232-f05fa9d9a150
d1bf4fbf-eb83-4d3e-87b7-c0b9aee58a11,e3235976-4d34-45e5-b232-f05fa9d9a150
d1bf4fbf-eb83-4d3e-87b7-c0b9aee58a11,f336e048-bc52-45f7-9e63-87ea5b5d67ad
f6a6a42f-125a-496f-a0aa-cafeceab8583,096793dc-9b0e-46a9-9b29-9b0425fbe3c6
f6a6a42f-125a-496f-a0aa-cafeceab8583,54e0f454-90be-4237-89b8-621c777ab063
f6a6a42f-125a-496f-a0aa-cafeceab8583,0fd49dec-76e8-4e36-bb58-dd2ba6344dbe
f6a6a42f-125a-496f-a0aa-cafeceab8583,a2543ebf-f7c1-4869-afd5-0da6b76d6498
f6a6a42f-125a-496f-a0aa-cafeceab8583,6bf2d93b-cbe4-4fd2-811a-1429808c86ba
2376091f-da5e-4e20-ba01-7b128bc1fc30,c80a2d08-0389-4812-8a71-8db6dbaf48ad
2376091f-da5e-4e20-ba01-7b128bc1fc30,1c5db3e8-f539-4852-a918-086024d9e731
e30d3eee-603d-48ff-9c5c-37240d037365,cc6dbce1-5b61-4903-b5c8-63fac1e09904
e30d3eee-603d-48ff-9c5c-37240d037365,e3235976-4d34-45e5-b232-f05fa9d9a150
e30d3eee-603d-48ff-9c5c-37240d037365,f336e048-bc52-45f7-9e63-87ea5b5d67ad
5fabd11d-7141-44b5-8d48-5b911abdbe47,0f235fd0-b797-448b-b01f-c953360bbd2b
5fabd11d-7141-44b5-8d48-5b911abdbe47,59cb7bb4-dc27-425c-a971-e56859de8126
5fabd11d-7141-44b5-8d48-5b911abdbe47,30f1e692-e504-43d4-8955-620e35d1d703
4e2a0d46-44ce-451f-bfb4-7a92604a3f58,cc6dbce1-5b61-4903-b5c8-63fac1e09904
4e2a0d46-44ce-451f-bfb4-7a92604a3f58,e3235976-4d34-45e5-b232-f05fa9d9a150
2a55c5bf-bfbd-4cfb-a5b9-fcd4acaa51d9,cc6dbce1-5b61-4903-b5c8-63fac1e09904
2a55c5bf-bfbd-4cfb-a5b9-fcd4acaa51d9,e3235976-4d34-45e5-b232-f05fa9d9a150
2a55c5bf-bfbd-4cfb-a5b9-fcd4acaa51d9,f336e048-bc52-45f7-9e63-87ea5b5d67ad
7e0ddc5d-9c24-4989-b134-6336fde5ec97,cc6dbce1-5b61-4903-b5c8-63fac1e09904
7e0ddc5d-9c24-4989-b134-6336fde5ec97,e3235976-4d34-45e5-b232-f05fa9d9a150
7e0ddc5d-9c24-4989-b134-6336fde5ec97,f336e048-bc52-45f7-9e63-87ea5b5d67ad
9c6ff8ba-e607-438a-8df3-664042938c14,9b18b229-9a1d-4d7a-a8cf-3128245b5c75
9c6ff8ba-e607-438a-8df3-664042938c14,2c4202aa-63ab-4d59-bba6-59c64e23fd16
9c6ff8ba-e607-438a-8df3-664042938c14,853f9118-3b20-4a99-83b6-80eab3e8d433
9c6ff8ba-e607-438a-8df3-664042938c14,94cfa4b2-d377-4bb4-b588-7e61a12451f7
c48565d8-33fb-4d6a-8df7-cb1c735434f6,cc6dbce1-5b61-4903-b5c8-63fac1e09904
c48565d8-33fb-4d6a-8df7-cb1c735434f6,e3235976-4d34-45e5-b232-f05fa9d9a150
8a6820d7-41b4-49f1-9ff8-1260de1ad610,cc6dbce1-5b61-4903-b5c8-63fac1e09904
8a6820d7-41b4-49f1-9ff8-1260de1ad610,e3235976-4d34-45e5-b232-f05fa9d9a150
639538d0-01ae-4f88-a3c9-f6cbf12375c6,cc6dbce1-5b61-4903-b5c8-63fac1e09904
639538d0-01ae-4f88-a3c9-f6cbf12375c6,e3235976-4d34-45e5-b232-f05fa9d9a150
4245b617-5738-4f53-a981-4c09d4969343,cc6dbce1-5b61-4903-b5c8-63fac1e09904
4245b617-5738-4f53-a981-4c09d4969343,e3235976-4d34-45e5-b232-f05fa9d9a150
86bb70db-c693-44b4-929b-0ae2df149ed4,8f9a6b92-df18-4cf8-b452-1c16275abd89
86bb70db-c693-44b4-929b-0ae2df149ed4,8a393141-8b57-47c8-92b5-f510a3559759
86bb70db-c693-44b4-929b-0ae2df149ed4,29fa2599-5f08-48e3-83cd-ceac91e1b3a3
86bb70db-c693-44b4-929b-0ae2df149ed4,faef17d9-b323-4368-9097-e4255b0f5fdc
86bb70db-c693-44b4-929b-0ae2df149ed4,e3d5ecfd-6beb-46a8-ba65-c8fe72857773
155aca1d-226c-4af2-9679-1994b6db503e,cc6dbce1-5b61-4903-b5c8-63fac1e09904
155aca1d-226c-4af2-9679-1994b6db503e,e3235976-4d34-45e5-b232-f05fa9d9a150
6e18a2fa-202e-4b5c-9795-9cb6682c6f8f,cc6dbce1-5b61-4903-b5c8-63fac1e09904
6e18a2fa-202e-4b5c-9795-9cb6682c6f8f,e3235976-4d34-45e5-b232-f05fa9d9a150
35c1f677-f598-41d5-abb0-5040a06d4b97,cc6dbce1-5b61-4903-b5c8-63fac1e09904
35c1f677-f598-41d5-abb0-5040a06d4b97,e3235976-4d34-45e5-b232-f05fa9d9a150
e275017d-6ee9-42a4-9093-53136825e40f,cc6dbce1-5b61-4903-b5c8-63fac1e09904
e275017d-6ee9-42a4-9093-53136825e40f,e3235976-4d34-45e5-b232-f05fa9d9a150
7e421835-faca-43ea-b1ee-7da405a51985,1316da01-4bb3-4cea-908e-886842b5b295
7e421835-faca-43ea-b1ee-7da405a51985,a28077ca-d8d5-49aa-ac5b-7271adca4bde
7e421835-faca-43ea-b1ee-7da405a51985,d3a345fe-73f8-42b6-9e10-e35aafd9638a
1ec765ab-ace6-4d91-a0c9-da3c6146d925,25e78399-1bba-42f5-89fc-c43ace0f74e0
1ec765ab-ace6-4d91-a0c9-da3c6146d925,f96590eb-9b1c-49c3-aa04-d2631859005a
1ec765ab-ace6-4d91-a0c9-da3c6146d925,9b89d81e-627d-4b58-ad3c-12a3789c8b75
e69fbb6f-093e-43b7-9a2d-ac16242e1e7e,71b748a0-563c-46c3-9d59-8b686438d2d4
e69fbb6f-093e-43b7-9a2d-ac16242e1e7e,dc1b4ad6-90a3-4522-89f2-c78a6e8cb2a1
e69fbb6f-093e-43b7-9a2d-ac16242e1e7e,486241db-559d-4678-be11-744a77b6076c
e69fbb6f-093e-43b7-9a2d-ac16242e1e7e,a814de56-e429-4a85-bc9c-46432bcd6313
1e5415f2-8d99-4d58-8ed8-adba94886c82,e3235976-4d34-45e5-b232-f05fa9d9a150
0b12e7fa-16a5-42f3-8687-ec6844478bf7,cc6dbce1-5b61-4903-b5c8-63fac1e09904
0b12e7fa-16a5-42f3-8687-ec6844478bf7,e3235976-4d34-45e5-b232-f05fa9d9a150
21c550ee-e001-4245-af40-f90083bbeb8c,90c47b3d-1984-4f6a-bebb-8aa776351bbe
21c550ee-e001-4245-af40-f90083bbeb8c,7d8b1ed3-6967-4dba-afa0-55f164d26e0b
21c550ee-e001-4245-af40-f90083bbeb8c,b9c65761-0b8e-4cfd-a761-a98943ab4685
21c550ee-e001-4245-af40-f90083bbeb8c,bf765286-8a7b-4570-8cd0-e582aa7907c0
21c550ee-e001-4245-af40-f90083bbeb8c,4833dbde-0c62-4eb7-ab49-bf288d947bed
2b572eee-3198-4f36-a1b9-8e027f418e7e,23f65011-262b-4732-b8e2-29ce161564e3
2b572eee-3198-4f36-a1b9-8e027f418e7e,436e0194-09e1-4bb1-9a14-c3c201412c70
27c8a23a-8fa1-435d-b0f0-7c78a771677d,23f65011-262b-4732-b8e2-29ce161564e3
27c8a23a-8fa1-435d-b0f0-7c78a771677d,ddbaf318-7e5d-4132-9c92-a42975b655a0
27c8a23a-8fa1-435d-b0f0-7c78a771677d,be051a41-abf3-47cd-ab29-d1ac0c07d43e
38a771e3-1b7d-4316-ad91-788ec77af124,cf819391-82f9-47a2-8b20-3575060f8f55
38a771e3-1b7d-4316-ad91-788ec77af124,43cf230c-fd88-49b2-911c-eecf2dc25211
38a771e3-1b7d-4316-ad91-788ec77af124,d28227f5-eda8-4511-a45a-1c1a5821d3f0
38a771e3-1b7d-4316-ad91-788ec77af124,5d645518-32ec-4d00-b470-748877622a46
e96d3116-deac-4fb5-b170-37f7fb361211,cc6dbce1-5b61-4903-b5c8-63fac1e09904
e96d3116-deac-4fb5-b170-37f7fb361211,e3235976-4d34-45e5-b232-f05fa9d9a150
9af65bb5-59c0-48c3-a9ae-7155051fc3be,cc6dbce1-5b61-4903-b5c8-63fac1e09904
9af65bb5-59c0-48c3-a9ae-7155051fc3be,e3235976-4d34-45e5-b232-f05fa9d9a150
262cbabc-05fb-480e-826b-0f110cf99d9a,33928bd1-0ac4-46ad-ad9f-e5f867bc1f88
262cbabc-05fb-480e-826b-0f110cf99d9a,461f8339-6e46-499e-b5d7-2527df24e77c
efd3b332-336f-4140-8a21-b85fb0825fd3,cc6dbce1-5b61-4903-b5c8-63fac1e09904
efd3b332-336f-4140-8a21-b85fb0825fd3,e3235976-4d34-45e5-b232-f05fa9d9a150
bc9a776e-3669-455a-847b-31acd9030c98,adf16128-6d84-4026-8327-f153e8b42439
bc9a776e-3669-455a-847b-31acd9030c98,748a5d30-7e6e-4d7d-b719-a7ec2f12d2e8
bc9a776e-3669-455a-847b-31acd9030c98,e2135896-99cb-47f4-9ca1-8b5c24a63547
bc9a776e-3669-455a-847b-31acd9030c98,ef7cc444-85a7-4302-968c-d30a9ea1b065
bc9a776e-3669-455a-847b-31acd9030c98,29cd2770-a525-4ec2-b68b-4fbc49a058b6
bc9a776e-3669-455a-847b-31acd9030c98,0e28cd50-21da-4c34-aaf8-1d8f12537ffb
bc9a776e-3669-455a-847b-31acd9030c98,7c41bc4a-5a66-456b-9619-69eb642b1ce1
bc9a776e-3669-455a-847b-31acd9030c98,27a49778-13af-44aa-b195-380494d25b8d
fb4832da-0b6e-443f-8197-7629e6b3c508,e3235976-4d34-45e5-b232-f05fa9d9a150
fb4832da-0b6e-443f-8197-7629e6b3c508,3c3796d9-09c4-49e1-bc4a-31fe17f3ad78
fb4832da-0b6e-443f-8197-7629e6b3c508,76598767-9edf-4f4c-925b-6da5927b6662
12a831c0-cf32-46ff-a5d0-eda433dd555e,e3235976-4d34-45e5-b232-f05fa9d9a150
12a831c0-cf32-46ff-a5d0-eda433dd555e,3c3796d9-09c4-49e1-bc4a-31fe17f3ad78
12a831c0-cf32-46ff-a5d0-eda433dd555e,76598767-9edf-4f4c-925b-6da5927b6662
ab2193b6-9b57-4d8d-b738-9f4ef20bf09a,e3235976-4d34-45e5-b232-f05fa9d9a150
ab2193b6-9b57-4d8d-b738-9f4ef20bf09a,3c3796d9-09c4-49e1-bc4a-31fe17f3ad78
ab2193b6-9b57-4d8d-b738-9f4ef20bf09a,76598767-9edf-4f4c-925b-6da5927b6662
b5ecaaae-bed0-4587-96a4-ac30056a266a,e3235976-4d34-45e5-b232-f05fa9d9a150
b5ecaaae-bed0-4587-96a4-ac30056a266a,3c3796d9-09c4-49e1-bc4a-31fe17f3ad78
b5ecaaae-bed0-4587-96a4-ac30056a266a,76598767-9edf-4f4c-925b-6da5927b6662
97a5e6e0-b079-4995-88b5-86370fba75d9,cc6dbce1-5b61-4903-b5c8-63fac1e09904
97a5e6e0-b079-4995-88b5-86370fba75d9,e3235976-4d34-45e5-b232-f05fa9d9a150
6c3b8f6d-46bc-422e-be27-8c5bec23c1e3,005bd959-fa1d-44a4-b77d-975ee938546f
6c3b8f6d-46bc-422e-be27-8c5bec23c1e3,52d5253d-113f-43aa-85c3-338bf784d39b
6c3b8f6d-46bc-422e-be27-8c5bec23c1e3,7696203a-3baf-4386-9799-0419e08e983b
6c3b8f6d-46bc-422e-be27-8c5bec23c1e3,9f82168c-7363-48ec-9c49-43c11033e4dc
a48b7c7a-7300-40ab-b602-a6f6a0fb5a60,9d3e22ff-4827-4234-a787-a967c3af1b84
a48b7c7a-7300-40ab-b602-a6f6a0fb5a60,c8596a1f-9242-4a02-a122-086976d2c7ce
a48b7c7a-7300-40ab-b602-a6f6a0fb5a60,0a04279d-0063-44fc-a4da-0b43a3ff1d46
a48b7c7a-7300-40ab-b602-a6f6a0fb5a60,9514b1bf-e043-4aba-b304-3507ca3a7ad8
714f1caa-8f49-479e-b347-6b7d99d70099,cc6dbce1-5b61-4903-b5c8-63fac1e09904
714f1caa-8f49-479e-b347-6b7d99d70099,e3235976-4d34-45e5-b232-f05fa9d9a150
714f1caa-8f49-479e-b347-6b7d99d70099,76598767-9edf-4f4c-925b-6da5927b6662
68d5e09f-d95b-48d0-aa9d-d99bfe241322,cc6dbce1-5b61-4903-b5c8-63fac1e09904
68d5e09f-d95b-48d0-aa9d-d99bfe241322,e3235976-4d34-45e5-b232-f05fa9d9a150
68d5e09f-d95b-48d0-aa9d-d99bfe241322,76598767-9edf-4f4c-925b-6da5927b6662
569dac09-c9af-4b9a-b902-5ffe4708c7dd,3cad0d2b-d910-4664-8005-a30b0ea36f49
569dac09-c9af-4b9a-b902-5ffe4708c7dd,de4e5f33-4beb-40a3-8226-58b2ae8d8d1b
569dac09-c9af-4b9a-b902-5ffe4708c7dd,76598767-9edf-4f4c-925b-6da5927b6662
945d803e-1336-41ac-bce7-ef42b99c02d9,cc6dbce1-5b61-4903-b5c8-63fac1e09904
945d803e-1336-41ac-bce7-ef42b99c02d9,e3235976-4d34-45e5-b232-f05fa9d9a150
98954fd2-9c27-4517-a2ea-3259f7f87bde,005bd959-fa1d-44a4-b77d-975ee938546f
98954fd2-9c27-4517-a2ea-3259f7f87bde,226fe3fd-2374-4a7b-a4a7-dfb654090e5f
98954fd2-9c27-4517-a2ea-3259f7f87bde,fdde78cb-eb6e-4a59-ac80-66b2034c0a96
1fee7ba5-dda2-4de4-b780-746ca0b1da21,e3235976-4d34-45e5-b232-f05fa9d9a150
1fee7ba5-dda2-4de4-b780-746ca0b1da21,3c3796d9-09c4-49e1-bc4a-31fe17f3ad78
1fee7ba5-dda2-4de4-b780-746ca0b1da21,76598767-9edf-4f4c-925b-6da5927b6662
1b5d5010-042b-413b-8528-86932f55d22a,e3235976-4d34-45e5-b232-f05fa9d9a150
1b5d5010-042b-413b-8528-86932f55d22a,3c3796d9-09c4-49e1-bc4a-31fe17f3ad78
1b5d5010-042b-413b-8528-86932f55d22a,76598767-9edf-4f4c-925b-6da5927b6662
220c8a96-da1d-4606-8ce8-fb2400b65da3,e3235976-4d34-45e5-b232-f05fa9d9a150
220c8a96-da1d-4606-8ce8-fb2400b65da3,3c3796d9-09c4-49e1-bc4a-31fe17f3ad78
220c8a96-da1d-4606-8ce8-fb2400b65da3,76598767-9edf-4f4c-925b-6da5927b6662
fc264a9f-0836-402a-add2-29d19882b7b0,e3235976-4d34-45e5-b232-f05fa9d9a150
fc264a9f-0836-402a-add2-29d19882b7b0,3c3796d9-09c4-49e1-bc4a-31fe17f3ad78
fc264a9f-0836-402a-add2-29d19882b7b0,76598767-9edf-4f4c-925b-6da5927b6662
05f00d89-d29f-429c-b5b9-26b6b004c6e1,e3235976-4d34-45e5-b232-f05fa9d9a150
05f00d89-d29f-429c-b5b9-26b6b004c6e1,3c3796d9-09c4-49e1-bc4a-31fe17f3ad78
05f00d89-d29f-429c-b5b9-26b6b004c6e1,76598767-9edf-4f4c-925b-6da5927b6662
027023b5-e3b4-4557-9294-07c8332cacc0,e3235976-4d34-45e5-b232-f05fa9d9a150
027023b5-e3b4-4557-9294-07c8332cacc0,3c3796d9-09c4-49e1-bc4a-31fe17f3ad78
027023b5-e3b4-4557-9294-07c8332cacc0,76598767-9edf-4f4c-925b-6da5927b6662
e52ea547-b113-41c5-a43e-e82534e949f3,cc6dbce1-5b61-4903-b5c8-63fac1e09904
e52ea547-b113-41c5-a43e-e82534e949f3,e3235976-4d34-45e5-b232-f05fa9d9a150
6c38f537-c9d0-4363-b064-b1eb60041a69,e3235976-4d34-45e5-b232-f05fa9d9a150
6c38f537-c9d0-4363-b064-b1eb60041a69,3c3796d9-09c4-49e1-bc4a-31fe17f3ad78
6c38f537-c9d0-4363-b064-b1eb60041a69,76598767-9edf-4f4c-925b-6da5927b6662
f7468e94-058d-4d15-a500-9b5400b3193c,e3235976-4d34-45e5-b232-f05fa9d9a150
f7468e94-058d-4d15-a500-9b5400b3193c,3c3796d9-09c4-49e1-bc4a-31fe17f3ad78
f7468e94-058d-4d15-a500-9b5400b3193c,76598767-9edf-4f4c-925b-6da5927b6662
f933ff1a-88f8-4909-9ff0-8a6c5486cfc9,e3235976-4d34-45e5-b232-f05fa9d9a150
f933ff1a-88f8-4909-9ff0-8a6c5486cfc9,3c3796d9-09c4-49e1-bc4a-31fe17f3ad78
f933ff1a-88f8-4909-9ff0-8a6c5486cfc9,76598767-9edf-4f4c-925b-6da5927b6662
8dbc9696-2085-4d67-b7c4-b8ea1b01a837,c5eac0fb-0496-47ce-b571-0562020b169a
8dbc9696-2085-4d67-b7c4-b8ea1b01a837,5975a3cb-45a8-4b5a-8ddf-8ae87e88c59f
4281d142-6521-4616-9c82-a984cd1e35e2,e3235976-4d34-45e5-b232-f05fa9d9a150
4281d142-6521-4616-9c82-a984cd1e35e2,3c3796d9-09c4-49e1-bc4a-31fe17f3ad78
4281d142-6521-4616-9c82-a984cd1e35e2,76598767-9edf-4f4c-925b-6da5927b6662
406676e1-9e2a-41ad-9c03-82301d05c2c5,e3235976-4d34-45e5-b232-f05fa9d9a150
406676e1-9e2a-41ad-9c03-82301d05c2c5,3c3796d9-09c4-49e1-bc4a-31fe17f3ad78
406676e1-9e2a-41ad-9c03-82301d05c2c5,76598767-9edf-4f4c-925b-6da5927b6662
0d1eb130-e616-4c62-9a1a-d35fd2dd2ddc,3706bd70-9de7-4470-88f5-8c6903dfbb52
0d1eb130-e616-4c62-9a1a-d35fd2dd2ddc,4e9181f0-4ebc-43a7-a007-0c9f5ada7c85
0d1eb130-e616-4c62-9a1a-d35fd2dd2ddc,4e789277-6b2b-4275-9e21-96332eab71e2
0d1eb130-e616-4c62-9a1a-d35fd2dd2ddc,76598767-9edf-4f4c-925b-6da5927b6662
10292a58-7dae-4923-a959-61c8fcf0fc73,e3235976-4d34-45e5-b232-f05fa9d9a150
df8142f6-14fe-4876-83a7-743f07fb6bd1,e3235976-4d34-45e5-b232-f05fa9d9a150
df8142f6-14fe-4876-83a7-743f07fb6bd1,3c3796d9-09c4-49e1-bc4a-31fe17f3ad78
df8142f6-14fe-4876-83a7-743f07fb6bd1,76598767-9edf-4f4c-925b-6da5927b6662
a2e0db8a-47b3-4d7e-a9fd-c02f6f1e3140,e87d6184-34be-43d6-83b1-c000431c0405
a2e0db8a-47b3-4d7e-a9fd-c02f6f1e3140,2101f33c-2ecb-426b-86f5-f7398d51e627
a2e0db8a-47b3-4d7e-a9fd-c02f6f1e3140,ed8b1a4b-ade2-4beb-a9f7-82d813a51ea2
a2e0db8a-47b3-4d7e-a9fd-c02f6f1e3140,da741ab0-0f08-47d9-8450-954bd72479ac
a2e0db8a-47b3-4d7e-a9fd-c02f6f1e3140,76598767-9edf-4f4c-925b-6da5927b6662
8f2b5df0-26d2-49b6-8917-cad9fb328938,e3235976-4d34-45e5-b232-f05fa9d9a150
8f2b5df0-26d2-49b6-8917-cad9fb328938,3c3796d9-09c4-49e1-bc4a-31fe17f3ad78
8f2b5df0-26d2-49b6-8917-cad9fb328938,76598767-9edf-4f4c-925b-6da5927b6662
ecf4448d-d07f-4d8e-8b5d-b3196b69db49,e3235976-4d34-45e5-b232-f05fa9d9a150
ecf4448d-d07f-4d8e-8b5d-b3196b69db49,3c3796d9-09c4-49e1-bc4a-31fe17f3ad78
ecf4448d-d07f-4d8e-8b5d-b3196b69db49,76598767-9edf-4f4c-925b-6da5927b6662
c3e8f4f0-ef3d-4da7-96ca-83ab56be95a5,79016055-c2ef-41b9-88bc-57a56c1229ae
c3e8f4f0-ef3d-4da7-96ca-83ab56be95a5,9f0d9431-7d54-4694-8999-f1b942c9e17a
c3e8f4f0-ef3d-4da7-96ca-83ab56be95a5,b9c65761-0b8e-4cfd-a761-a98943ab4685
c3e8f4f0-ef3d-4da7-96ca-83ab56be95a5,d04bd4c8-8111-462c-8f8f-45f68ff2a806
d36e54b7-5656-42c3-8dc9-4a9eff974640,e3235976-4d34-45e5-b232-f05fa9d9a150
d36e54b7-5656-42c3-8dc9-4a9eff974640,3c3796d9-09c4-49e1-bc4a-31fe17f3ad78
d36e54b7-5656-42c3-8dc9-4a9eff974640,76598767-9edf-4f4c-925b-6da5927b6662
addb6281-8421-4b77-a16d-4536b66d7bf7,cc6dbce1-5b61-4903-b5c8-63fac1e09904
addb6281-8421-4b77-a16d-4536b66d7bf7,e3235976-4d34-45e5-b232-f05fa9d9a150
940ee962-4f24-47b4-a1a6-c71f246f7793,005bd959-fa1d-44a4-b77d-975ee938546f
940ee962-4f24-47b4-a1a6-c71f246f7793,226fe3fd-2374-4a7b-a4a7-dfb654090e5f
940ee962-4f24-47b4-a1a6-c71f246f7793,fdde78cb-eb6e-4a59-ac80-66b2034c0a96
5e773c31-a9bf-4388-a231-d3e05f5c48b7,e3235976-4d34-45e5-b232-f05fa9d9a150
5e773c31-a9bf-4388-a231-d3e05f5c48b7,3c3796d9-09c4-49e1-bc4a-31fe17f3ad78
5e773c31-a9bf-4388-a231-d3e05f5c48b7,76598767-9edf-4f4c-925b-6da5927b6662
f4f86805-dc7d-4bf5-990f-808dbac57c28,e3235976-4d34-45e5-b232-f05fa9d9a150
f4f86805-dc7d-4bf5-990f-808dbac57c28,3c3796d9-09c4-49e1-bc4a-31fe17f3ad78
f4f86805-dc7d-4bf5-990f-808dbac57c28,76598767-9edf-4f4c-925b-6da5927b6662
efa01599-ba4a-4740-a329-8f746e593752,e3235976-4d34-45e5-b232-f05fa9d9a150
efa01599-ba4a-4740-a329-8f746e593752,3c3796d9-09c4-49e1-bc4a-31fe17f3ad78
efa01599-ba4a-4740-a329-8f746e593752,76598767-9edf-4f4c-925b-6da5927b6662
40ba8805-fade-49a9-8fb3-ecb5f391e40c,e3235976-4d34-45e5-b232-f05fa9d9a150
40ba8805-fade-49a9-8fb3-ecb5f391e40c,3c3796d9-09c4-49e1-bc4a-31fe17f3ad78
40ba8805-fade-49a9-8fb3-ecb5f391e40c,76598767-9edf-4f4c-925b-6da5927b6662
ea5651eb-da0c-4c78-8feb-0809885ad696,e3235976-4d34-45e5-b232-f05fa9d9a150
ea5651eb-da0c-4c78-8feb-0809885ad696,3c3796d9-09c4-49e1-bc4a-31fe17f3ad78
ea5651eb-da0c-4c78-8feb-0809885ad696,76598767-9edf-4f4c-925b-6da5927b6662
37ee91b4-beea-4171-b408-ae1536c259ef,e3235976-4d34-45e5-b232-f05fa9d9a150
37ee91b4-beea-4171-b408-ae1536c259ef,3c3796d9-09c4-49e1-bc4a-31fe17f3ad78
37ee91b4-beea-4171-b408-ae1536c259ef,76598767-9edf-4f4c-925b-6da5927b6662
2884bc38-035d-48fa-b718-95f7d64a71e5,e3235976-4d34-45e5-b232-f05fa9d9a150
2884bc38-035d-48fa-b718-95f7d64a71e5,3c3796d9-09c4-49e1-bc4a-31fe17f3ad78
2884bc38-035d-48fa-b718-95f7d64a71e5,76598767-9edf-4f4c-925b-6da5927b6662
0dd23df3-1b67-41b3-9545-161b218aed80,e3235976-4d34-45e5-b232-f05fa9d9a150
0dd23df3-1b67-41b3-9545-161b218aed80,3c3796d9-09c4-49e1-bc4a-31fe17f3ad78
0dd23df3-1b67-41b3-9545-161b218aed80,76598767-9edf-4f4c-925b-6da5927b6662
7c459c9a-26d9-4733-8004-76e745716c4e,170d3457-729e-4aec-9958-0be57dc2c342
7c459c9a-26d9-4733-8004-76e745716c4e,258582f0-4ba4-47c6-b7a0-60548388bce0
e81723a7-53bb-486d-aa18-aca8b6105a15,cc6dbce1-5b61-4903-b5c8-63fac1e09904
e81723a7-53bb-486d-aa18-aca8b6105a15,e3235976-4d34-45e5-b232-f05fa9d9a150
27f6e055-5e6d-430d-93f3-c72faefbfa40,e3235976-4d34-45e5-b232-f05fa9d9a150
27f6e055-5e6d-430d-93f3-c72faefbfa40,3c3796d9-09c4-49e1-bc4a-31fe17f3ad78
27f6e055-5e6d-430d-93f3-c72faefbfa40,76598767-9edf-4f4c-925b-6da5927b6662
09309ac4-a6a9-4b80-9fb1-86c15384e9be,cc6dbce1-5b61-4903-b5c8-63fac1e09904
09309ac4-a6a9-4b80-9fb1-86c15384e9be,e3235976-4d34-45e5-b232-f05fa9d9a150
b7a47f44-a4c0-4581-8a34-4553fae17766,cc6dbce1-5b61-4903-b5c8-63fac1e09904
b7a47f44-a4c0-4581-8a34-4553fae17766,e3235976-4d34-45e5-b232-f05fa9d9a150
ea4f7f1b-fe7c-49ba-8812-4220163c3dc9,cc6dbce1-5b61-4903-b5c8-63fac1e09904
ea4f7f1b-fe7c-49ba-8812-4220163c3dc9,e3235976-4d34-45e5-b232-f05fa9d9a150
5184f296-aa97-42c6-ab9c-91f70ec94cee,e3235976-4d34-45e5-b232-f05fa9d9a150
5184f296-aa97-42c6-ab9c-91f70ec94cee,3c3796d9-09c4-49e1-bc4a-31fe17f3ad78
5184f296-aa97-42c6-ab9c-91f70ec94cee,76598767-9edf-4f4c-925b-6da5927b6662
3915df21-3bf4-4534-b2c5-94c664294ceb,e3235976-4d34-45e5-b232-f05fa9d9a150
3915df21-3bf4-4534-b2c5-94c664294ceb,3c3796d9-09c4-49e1-bc4a-31fe17f3ad78
3915df21-3bf4-4534-b2c5-94c664294ceb,76598767-9edf-4f4c-925b-6da5927b6662
5afd47d6-5b80-4860-bcc2-5e01e8a6b85d,e3235976-4d34-45e5-b232-f05fa9d9a150
5afd47d6-5b80-4860-bcc2-5e01e8a6b85d,3c3796d9-09c4-49e1-bc4a-31fe17f3ad78
5afd47d6-5b80-4860-bcc2-5e01e8a6b85d,76598767-9edf-4f4c-925b-6da5927b6662
d7c5f0f9-9daa-4667-b3a9-60093b424624,e3235976-4d34-45e5-b232-f05fa9d9a150
d7c5f0f9-9daa-4667-b3a9-60093b424624,3c3796d9-09c4-49e1-bc4a-31fe17f3ad78
d7c5f0f9-9daa-4667-b3a9-60093b424624,76598767-9edf-4f4c-925b-6da5927b6662
aacaa8e1-0b2e-442f-b903-9e4fa96173ab,badc750c-ceee-4a0a-91bf-8a91a3df509f
aacaa8e1-0b2e-442f-b903-9e4fa96173ab,aaa91458-de88-411d-9000-2da9cfbe5814
aacaa8e1-0b2e-442f-b903-9e4fa96173ab,76598767-9edf-4f4c-925b-6da5927b6662
1025e6f7-86d9-4479-bdd1-a68338a36c09,e3235976-4d34-45e5-b232-f05fa9d9a150
1025e6f7-86d9-4479-bdd1-a68338a36c09,3c3796d9-09c4-49e1-bc4a-31fe17f3ad78
1025e6f7-86d9-4479-bdd1-a68338a36c09,76598767-9edf-4f4c-925b-6da5927b6662
a11df693-d978-429b-b45c-782849ddc13a,e3235976-4d34-45e5-b232-f05fa9d9a150
a11df693-d978-429b-b45c-782849ddc13a,3c3796d9-09c4-49e1-bc4a-31fe17f3ad78
a11df693-d978-429b-b45c-782849ddc13a,76598767-9edf-4f4c-925b-6da5927b6662
2550fbd2-5759-41e4-a976-480f0cddd88a,336638d5-3508-430b-9825-11bc7e9ec29a
2550fbd2-5759-41e4-a976-480f0cddd88a,75c2109e-5a1b-4cdc-8f08-c5fb44338bf3
2550fbd2-5759-41e4-a976-480f0cddd88a,4136698f-9c26-4748-9a9b-f36d794cc842
2550fbd2-5759-41e4-a976-480f0cddd88a,77ec4738-bb33-4e39-a2bb-8f9b6a6f08fb
9afe9bb6-608f-4daa-8ea7-4c493b04a5a3,e3235976-4d34-45e5-b232-f05fa9d9a150
9afe9bb6-608f-4daa-8ea7-4c493b04a5a3,3c3796d9-09c4-49e1-bc4a-31fe17f3ad78
9afe9bb6-608f-4daa-8ea7-4c493b04a5a3,76598767-9edf-4f4c-925b-6da5927b6662
5626d8a8-ca53-450f-9750-470a531f4898,e3235976-4d34-45e5-b232-f05fa9d9a150
5626d8a8-ca53-450f-9750-470a531f4898,3c3796d9-09c4-49e1-bc4a-31fe17f3ad78
5626d8a8-ca53-450f-9750-470a531f4898,76598767-9edf-4f4c-925b-6da5927b6662
afbf3ed1-d790-48c9-91d4-1f5a901ce936,e3235976-4d34-45e5-b232-f05fa9d9a150
afbf3ed1-d790-48c9-91d4-1f5a901ce936,3c3796d9-09c4-49e1-bc4a-31fe17f3ad78
afbf3ed1-d790-48c9-91d4-1f5a901ce936,76598767-9edf-4f4c-925b-6da5927b6662
731b6f86-ba5a-4f84-b8b8-125ae19abd49,e3235976-4d34-45e5-b232-f05fa9d9a150
731b6f86-ba5a-4f84-b8b8-125ae19abd49,3c3796d9-09c4-49e1-bc4a-31fe17f3ad78
731b6f86-ba5a-4f84-b8b8-125ae19abd49,76598767-9edf-4f4c-925b-6da5927b6662
3e37ca09-1c08-4b05-ab4a-d9e8f3f71d52,e3235976-4d34-45e5-b232-f05fa9d9a150
3e37ca09-1c08-4b05-ab4a-d9e8f3f71d52,3c3796d9-09c4-49e1-bc4a-31fe17f3ad78
3e37ca09-1c08-4b05-ab4a-d9e8f3f71d52,76598767-9edf-4f4c-925b-6da5927b6662
4503445e-1099-4ed8-8a81-88062887d171,e3235976-4d34-45e5-b232-f05fa9d9a150
4503445e-1099-4ed8-8a81-88062887d171,3c3796d9-09c4-49e1-bc4a-31fe17f3ad78
4503445e-1099-4ed8-8a81-88062887d171,76598767-9edf-4f4c-925b-6da5927b6662
9348e5d1-7f5f-4a31-a42f-a439760ae20b,647185a4-0e05-4345-98e3-8735fcd59fef
9348e5d1-7f5f-4a31-a42f-a439760ae20b,d10b8330-50c4-45c8-92ff-3830d943ec11
c3145e15-7b4e-4b1c-9f21-e8b6715923aa,e3235976-4d34-45e5-b232-f05fa9d9a150
c3145e15-7b4e-4b1c-9f21-e8b6715923aa,3c3796d9-09c4-49e1-bc4a-31fe17f3ad78
c3145e15-7b4e-4b1c-9f21-e8b6715923aa,76598767-9edf-4f4c-925b-6da5927b6662
19823557-ac55-4612-8f9b-4395f9dc8aa1,1054654c-4c7f-49ef-9f20-b795473acb1f
19823557-ac55-4612-8f9b-4395f9dc8aa1,5f8a9991-2c25-4d3e-8f60-f515d76dee74
19823557-ac55-4612-8f9b-4395f9dc8aa1,f0a6aa83-81ff-49d4-8295-4c1ae62a0fa4
bea241a2-eff3-49a9-83d7-0ca0db05b9d6,4f32ee35-bb7c-4176-8bea-09d6a0469f43
bea241a2-eff3-49a9-83d7-0ca0db05b9d6,5f8a9991-2c25-4d3e-8f60-f515d76dee74
bea241a2-eff3-49a9-83d7-0ca0db05b9d6,f0a6aa83-81ff-49d4-8295-4c1ae62a0fa4
bea241a2-eff3-49a9-83d7-0ca0db05b9d6,c6c0b93e-0435-4cc8-8793-29c8b0eed014
bea241a2-eff3-49a9-83d7-0ca0db05b9d6,11de4d02-6487-431f-b108-d58125fad27f
bea241a2-eff3-49a9-83d7-0ca0db05b9d6,76598767-9edf-4f4c-925b-6da5927b6662
bea241a2-eff3-49a9-83d7-0ca0db05b9d6,74aa618d-5a8c-4b3d-86cc-18091c4da0b4
5162aaa7-e9d2-4566-bc7c-52bf281a591f,e3235976-4d34-45e5-b232-f05fa9d9a150
5162aaa7-e9d2-4566-bc7c-52bf281a591f,3c3796d9-09c4-49e1-bc4a-31fe17f3ad78
5162aaa7-e9d2-4566-bc7c-52bf281a591f,76598767-9edf-4f4c-925b-6da5927b6662
3438c766-9b94-42f5-aa01-e9f763e3d4a4,1054654c-4c7f-49ef-9f20-b795473acb1f
3438c766-9b94-42f5-aa01-e9f763e3d4a4,ed9fad22-a04e-48af-ae52-a97a4c1c3ece
3438c766-9b94-42f5-aa01-e9f763e3d4a4,03269947-03bd-4ca6-9932-55b7617e5aab
3438c766-9b94-42f5-aa01-e9f763e3d4a4,533fd004-a5ab-42c5-8574-5e12721ed9a4
3438c766-9b94-42f5-aa01-e9f763e3d4a4,8fd8efb2-9a95-43ae-a3ad-077a6e8877df
3438c766-9b94-42f5-aa01-e9f763e3d4a4,76598767-9edf-4f4c-925b-6da5927b6662
9de47fb5-b9a8-44cd-8f36-23a9f10b2438,e73d6285-acca-4baf-bca5-3e32901076d2
9de47fb5-b9a8-44cd-8f36-23a9f10b2438,bd1b463a-c8f7-4b9a-8d4a-d951bdb8dcb5
9de47fb5-b9a8-44cd-8f36-23a9f10b2438,cedd05ee-97f5-4240-823d-7140d7ac3860
9de47fb5-b9a8-44cd-8f36-23a9f10b2438,efffe03e-eeba-4618-b9b4-1517c01260c6
9de47fb5-b9a8-44cd-8f36-23a9f10b2438,5399c38a-44a9-4efb-ab30-c812e9f218eb
9de47fb5-b9a8-44cd-8f36-23a9f10b2438,95b3e352-9a36-47d5-a3e9-3c7740d291a3
9de47fb5-b9a8-44cd-8f36-23a9f10b2438,76598767-9edf-4f4c-925b-6da5927b6662
b5703f15-1cc0-4a3b-b618-7e77228e9548,e73d6285-acca-4baf-bca5-3e32901076d2
b5703f15-1cc0-4a3b-b618-7e77228e9548,bd1b463a-c8f7-4b9a-8d4a-d951bdb8dcb5
b5703f15-1cc0-4a3b-b618-7e77228e9548,cedd05ee-97f5-4240-823d-7140d7ac3860
b5703f15-1cc0-4a3b-b618-7e77228e9548,efffe03e-eeba-4618-b9b4-1517c01260c6
b5703f15-1cc0-4a3b-b618-7e77228e9548,5399c38a-44a9-4efb-ab30-c812e9f218eb
b5703f15-1cc0-4a3b-b618-7e77228e9548,95b3e352-9a36-47d5-a3e9-3c7740d291a3
b5703f15-1cc0-4a3b-b618-7e77228e9548,76598767-9edf-4f4c-925b-6da5927b6662
bd864216-ee88-4bb6-adc8-54ce4c8b95a4,cc6dbce1-5b61-4903-b5c8-63fac1e09904
bd864216-ee88-4bb6-adc8-54ce4c8b95a4,e3235976-4d34-45e5-b232-f05fa9d9a150
bd864216-ee88-4bb6-adc8-54ce4c8b95a4,76598767-9edf-4f4c-925b-6da5927b6662
6b85c026-03d3-416b-a1e1-1fc25338c0de,cc6dbce1-5b61-4903-b5c8-63fac1e09904
6b85c026-03d3-416b-a1e1-1fc25338c0de,e3235976-4d34-45e5-b232-f05fa9d9a150
6b85c026-03d3-416b-a1e1-1fc25338c0de,76598767-9edf-4f4c-925b-6da5927b6662
b06a1d0f-92ac-41e0-b4ce-ef848419ecc0,cc6dbce1-5b61-4903-b5c8-63fac1e09904
b06a1d0f-92ac-41e0-b4ce-ef848419ecc0,e3235976-4d34-45e5-b232-f05fa9d9a150
b06a1d0f-92ac-41e0-b4ce-ef848419ecc0,76598767-9edf-4f4c-925b-6da5927b6662
890f7eab-af83-4d52-a311-704ebf10537f,e3235976-4d34-45e5-b232-f05fa9d9a150
890f7eab-af83-4d52-a311-704ebf10537f,3c3796d9-09c4-49e1-bc4a-31fe17f3ad78
890f7eab-af83-4d52-a311-704ebf10537f,76598767-9edf-4f4c-925b-6da5927b6662
2bde0b61-035d-4f6b-b2d4-4c5823ad6c7d,e3235976-4d34-45e5-b232-f05fa9d9a150
2bde0b61-035d-4f6b-b2d4-4c5823ad6c7d,3c3796d9-09c4-49e1-bc4a-31fe17f3ad78
2bde0b61-035d-4f6b-b2d4-4c5823ad6c7d,76598767-9edf-4f4c-925b-6da5927b6662
269656a5-c521-491f-a9c5-1985abb764c0,e3235976-4d34-45e5-b232-f05fa9d9a150
269656a5-c521-491f-a9c5-1985abb764c0,3c3796d9-09c4-49e1-bc4a-31fe17f3ad78
269656a5-c521-491f-a9c5-1985abb764c0,76598767-9edf-4f4c-925b-6da5927b6662
57600ec5-1b0a-4d99-a94a-c797805d0cb0,e3235976-4d34-45e5-b232-f05fa9d9a150
57600ec5-1b0a-4d99-a94a-c797805d0cb0,3c3796d9-09c4-49e1-bc4a-31fe17f3ad78
57600ec5-1b0a-4d99-a94a-c797805d0cb0,76598767-9edf-4f4c-925b-6da5927b6662
4746f0d1-07cd-49ca-8f2f-2e69620a3401,7d8b1ed3-6967-4dba-afa0-55f164d26e0b
4746f0d1-07cd-49ca-8f2f-2e69620a3401,b34cfeb9-d8b6-4948-8de4-ca86d491dedd
4746f0d1-07cd-49ca-8f2f-2e69620a3401,bad157f9-cff4-4da8-87dd-17a846cc2aaf
2354c10f-c74a-4d37-86f6-eee919597bdc,cc6dbce1-5b61-4903-b5c8-63fac1e09904
2354c10f-c74a-4d37-86f6-eee919597bdc,e3235976-4d34-45e5-b232-f05fa9d9a150
2020e0fe-a110-45bf-b758-0e5005259dd8,005bd959-fa1d-44a4-b77d-975ee938546f
2020e0fe-a110-45bf-b758-0e5005259dd8,226fe3fd-2374-4a7b-a4a7-dfb654090e5f
2020e0fe-a110-45bf-b758-0e5005259dd8,fdde78cb-eb6e-4a59-ac80-66b2034c0a96
968e07a5-c516-4298-939e-8f86afaf3366,e3235976-4d34-45e5-b232-f05fa9d9a150
968e07a5-c516-4298-939e-8f86afaf3366,3c3796d9-09c4-49e1-bc4a-31fe17f3ad78
968e07a5-c516-4298-939e-8f86afaf3366,76598767-9edf-4f4c-925b-6da5927b6662
b2a7a33c-277e-47c3-b34e-35891bc09eaf,e3235976-4d34-45e5-b232-f05fa9d9a150
b2a7a33c-277e-47c3-b34e-35891bc09eaf,3c3796d9-09c4-49e1-bc4a-31fe17f3ad78
b2a7a33c-277e-47c3-b34e-35891bc09eaf,76598767-9edf-4f4c-925b-6da5927b6662
6ef68676-5fd5-44ce-ba3a-3d9550a56b97,e3235976-4d34-45e5-b232-f05fa9d9a150
6ef68676-5fd5-44ce-ba3a-3d9550a56b97,3c3796d9-09c4-49e1-bc4a-31fe17f3ad78
6ef68676-5fd5-44ce-ba3a-3d9550a56b97,76598767-9edf-4f4c-925b-6da5927b6662
747bbac0-46fc-44d1-8ea6-11f905416ae8,e3235976-4d34-45e5-b232-f05fa9d9a150
747bbac0-46fc-44d1-8ea6-11f905416ae8,3c3796d9-09c4-49e1-bc4a-31fe17f3ad78
747bbac0-46fc-44d1-8ea6-11f905416ae8,76598767-9edf-4f4c-925b-6da5927b6662
539f7421-ec9c-4b43-9084-7b4b8ea6a998,e3235976-4d34-45e5-b232-f05fa9d9a150
539f7421-ec9c-4b43-9084-7b4b8ea6a998,3c3796d9-09c4-49e1-bc4a-31fe17f3ad78
539f7421-ec9c-4b43-9084-7b4b8ea6a998,76598767-9edf-4f4c-925b-6da5927b6662
178486fb-d08f-46a2-9795-8aae1f3fc4ec,e3235976-4d34-45e5-b232-f05fa9d9a150
178486fb-d08f-46a2-9795-8aae1f3fc4ec,3c3796d9-09c4-49e1-bc4a-31fe17f3ad78
178486fb-d08f-46a2-9795-8aae1f3fc4ec,76598767-9edf-4f4c-925b-6da5927b6662
298bfb39-deb6-4310-9404-ae7d6ba5d9c6,cc6dbce1-5b61-4903-b5c8-63fac1e09904
298bfb39-deb6-4310-9404-ae7d6ba5d9c6,e3235976-4d34-45e5-b232-f05fa9d9a150
97899a07-10a8-4aba-95e7-e08f6adc088a,cc6dbce1-5b61-4903-b5c8-63fac1e09904
97899a07-10a8-4aba-95e7-e08f6adc088a,e3235976-4d34-45e5-b232-f05fa9d9a150
e1a37ec2-dea1-4885-a944-02e463e0283e,cc6dbce1-5b61-4903-b5c8-63fac1e09904
e1a37ec2-dea1-4885-a944-02e463e0283e,e3235976-4d34-45e5-b232-f05fa9d9a150
e99cfb3e-b020-4959-a6e1-31b8a6d9cf2e,cc6dbce1-5b61-4903-b5c8-63fac1e09904
e99cfb3e-b020-4959-a6e1-31b8a6d9cf2e,e3235976-4d34-45e5-b232-f05fa9d9a150
29db2519-e4e0-4832-9c18-6c16e36827a5,e3235976-4d34-45e5-b232-f05fa9d9a150
29db2519-e4e0-4832-9c18-6c16e36827a5,3c3796d9-09c4-49e1-bc4a-31fe17f3ad78
29db2519-e4e0-4832-9c18-6c16e36827a5,76598767-9edf-4f4c-925b-6da5927b6662
df7cad10-7af2-46bd-9d65-e3a0a776888d,e3235976-4d34-45e5-b232-f05fa9d9a150
df7cad10-7af2-46bd-9d65-e3a0a776888d,3c3796d9-09c4-49e1-bc4a-31fe17f3ad78
df7cad10-7af2-46bd-9d65-e3a0a776888d,76598767-9edf-4f4c-925b-6da5927b6662
072547c5-12ae-4dfc-be24-815fd9430248,c642fbdb-2fbb-4346-b0e3-14a095ed1654
072547c5-12ae-4dfc-be24-815fd9430248,7d8b1ed3-6967-4dba-afa0-55f164d26e0b
072547c5-12ae-4dfc-be24-815fd9430248,78869845-a322-4199-bef7-cd0a5d1c7b1c
072547c5-12ae-4dfc-be24-815fd9430248,5dc38c57-c79a-4d7a-b653-5d1006fbd3e0
072547c5-12ae-4dfc-be24-815fd9430248,7f97a1ae-2efd-4529-8408-943e0fd33532
072547c5-12ae-4dfc-be24-815fd9430248,76598767-9edf-4f4c-925b-6da5927b6662
e77be5aa-1b94-4d29-ad6a-61e5d3833607,fb1785b7-2f75-45a9-87f5-a4504be971ad
e77be5aa-1b94-4d29-ad6a-61e5d3833607,7884d310-f1a2-4282-a748-c8395e4ef1b6
e77be5aa-1b94-4d29-ad6a-61e5d3833607,05dc9f7c-83f1-49cd-9377-d1e6b502be03
309ffeec-ebe6-4877-9212-0c9f940131de,e3235976-4d34-45e5-b232-f05fa9d9a150
309ffeec-ebe6-4877-9212-0c9f940131de,3c3796d9-09c4-49e1-bc4a-31fe17f3ad78
309ffeec-ebe6-4877-9212-0c9f940131de,76598767-9edf-4f4c-925b-6da5927b6662
c5a9869a-6995-435a-8710-1e3b91deb272,336638d5-3508-430b-9825-11bc7e9ec29a
c5a9869a-6995-435a-8710-1e3b91deb272,75c2109e-5a1b-4cdc-8f08-c5fb44338bf3
c5a9869a-6995-435a-8710-1e3b91deb272,7a73cfbe-8ea7-4949-a082-4fa45ba29d05
2240075a-3d95-43d5-8308-6df7901802e8,e3235976-4d34-45e5-b232-f05fa9d9a150
2240075a-3d95-43d5-8308-6df7901802e8,3c3796d9-09c4-49e1-bc4a-31fe17f3ad78
2240075a-3d95-43d5-8308-6df7901802e8,76598767-9edf-4f4c-925b-6da5927b6662
b53098ea-cd52-43d3-a938-b77dc61d8ca4,e3235976-4d34-45e5-b232-f05fa9d9a150
b53098ea-cd52-43d3-a938-b77dc61d8ca4,3c3796d9-09c4-49e1-bc4a-31fe17f3ad78
b53098ea-cd52-43d3-a938-b77dc61d8ca4,76598767-9edf-4f4c-925b-6da5927b6662
9ec35277-017e-4083-9da5-9b80a91bea66,e3235976-4d34-45e5-b232-f05fa9d9a150
9ec35277-017e-4083-9da5-9b80a91bea66,3c3796d9-09c4-49e1-bc4a-31fe17f3ad78
9ec35277-017e-4083-9da5-9b80a91bea66,76598767-9edf-4f4c-925b-6da5927b6662
c95fbe4c-8066-4146-8fcb-cd5f9e2e575d,e3235976-4d34-45e5-b232-f05fa9d9a150
c95fbe4c-8066-4146-8fcb-cd5f9e2e575d,3c3796d9-09c4-49e1-bc4a-31fe17f3ad78
c95fbe4c-8066-4146-8fcb-cd5f9e2e575d,76598767-9edf-4f4c-925b-6da5927b6662
f132a285-c6c2-4c07-b352-3eaa40b93e63,c642fbdb-2fbb-4346-b0e3-14a095ed1654
f132a285-c6c2-4c07-b352-3eaa40b93e63,7d8b1ed3-6967-4dba-afa0-55f164d26e0b
f132a285-c6c2-4c07-b352-3eaa40b93e63,78869845-a322-4199-bef7-cd0a5d1c7b1c
f132a285-c6c2-4c07-b352-3eaa40b93e63,5dc38c57-c79a-4d7a-b653-5d1006fbd3e0
f132a285-c6c2-4c07-b352-3eaa40b93e63,7f97a1ae-2efd-4529-8408-943e0fd33532
f132a285-c6c2-4c07-b352-3eaa40b93e63,76598767-9edf-4f4c-925b-6da5927b6662
610fd2e1-8814-40de-84d3-99e00f0ce244,e3235976-4d34-45e5-b232-f05fa9d9a150
610fd2e1-8814-40de-84d3-99e00f0ce244,3c3796d9-09c4-49e1-bc4a-31fe17f3ad78
610fd2e1-8814-40de-84d3-99e00f0ce244,76598767-9edf-4f4c-925b-6da5927b6662
3b6a99e8-4729-4b61-bc54-a4088bfb3d09,c642fbdb-2fbb-4346-b0e3-14a095ed1654
3b6a99e8-4729-4b61-bc54-a4088bfb3d09,7d8b1ed3-6967-4dba-afa0-55f164d26e0b
3b6a99e8-4729-4b61-bc54-a4088bfb3d09,78869845-a322-4199-bef7-cd0a5d1c7b1c
3b6a99e8-4729-4b61-bc54-a4088bfb3d09,5dc38c57-c79a-4d7a-b653-5d1006fbd3e0
3b6a99e8-4729-4b61-bc54-a4088bfb3d09,7f97a1ae-2efd-4529-8408-943e0fd33532
3b6a99e8-4729-4b61-bc54-a4088bfb3d09,76598767-9edf-4f4c-925b-6da5927b6662
cbd0464c-910e-4a91-b780-58fae469f3fe,e3235976-4d34-45e5-b232-f05fa9d9a150
cbd0464c-910e-4a91-b780-58fae469f3fe,3c3796d9-09c4-49e1-bc4a-31fe17f3ad78
cbd0464c-910e-4a91-b780-58fae469f3fe,76598767-9edf-4f4c-925b-6da5927b6662
bcc9c7c0-7f1a-4485-952a-af8c79b85de3,e3235976-4d34-45e5-b232-f05fa9d9a150
bcc9c7c0-7f1a-4485-952a-af8c79b85de3,3c3796d9-09c4-49e1-bc4a-31fe17f3ad78
bcc9c7c0-7f1a-4485-952a-af8c79b85de3,76598767-9edf-4f4c-925b-6da5927b6662
e76c5336-422e-42c9-9bf9-9772dd7ac3d6,e3235976-4d34-45e5-b232-f05fa9d9a150
e76c5336-422e-42c9-9bf9-9772dd7ac3d6,3c3796d9-09c4-49e1-bc4a-31fe17f3ad78
e76c5336-422e-42c9-9bf9-9772dd7ac3d6,76598767-9edf-4f4c-925b-6da5927b6662
0d75adcc-6c3a-43ee-b859-53ac8c932c57,e3235976-4d34-45e5-b232-f05fa9d9a150
0d75adcc-6c3a-43ee-b859-53ac8c932c57,3c3796d9-09c4-49e1-bc4a-31fe17f3ad78
0d75adcc-6c3a-43ee-b859-53ac8c932c57,76598767-9edf-4f4c-925b-6da5927b6662
65e9e172-dd9d-4a3c-a8ea-b18655e7bfcf,3efe350d-70af-4c4d-86a0-cf4ac1b5633e
65e9e172-dd9d-4a3c-a8ea-b18655e7bfcf,3cad0d2b-d910-4664-8005-a30b0ea36f49
65e9e172-dd9d-4a3c-a8ea-b18655e7bfcf,8f743acd-413f-45c8-ac41-c29b7a9aa078
65e9e172-dd9d-4a3c-a8ea-b18655e7bfcf,9a57bf5b-84b9-4960-b069-2303ddb58b24
65e9e172-dd9d-4a3c-a8ea-b18655e7bfcf,7b575aac-2346-4ff7-9584-0c1733af2619
65e9e172-dd9d-4a3c-a8ea-b18655e7bfcf,fb515ebe-2862-4ad7-b892-358b6c13ca0b
65e9e172-dd9d-4a3c-a8ea-b18655e7bfcf,65e21379-8c0c-442a-9815-214a9b6ecb45
ccb40777-7cd3-4085-8196-4d25f90dda78,e3235976-4d34-45e5-b232-f05fa9d9a150
ccb40777-7cd3-4085-8196-4d25f90dda78,3c3796d9-09c4-49e1-bc4a-31fe17f3ad78
ccb40777-7cd3-4085-8196-4d25f90dda78,76598767-9edf-4f4c-925b-6da5927b6662
ed2a50ee-5354-45e2-95a8-d1421c5c57c4,e3235976-4d34-45e5-b232-f05fa9d9a150
ed2a50ee-5354-45e2-95a8-d1421c5c57c4,3c3796d9-09c4-49e1-bc4a-31fe17f3ad78
ed2a50ee-5354-45e2-95a8-d1421c5c57c4,76598767-9edf-4f4c-925b-6da5927b6662
afe84985-a0d1-4021-8cf6-87f2f0dcb562,e3235976-4d34-45e5-b232-f05fa9d9a150
afe84985-a0d1-4021-8cf6-87f2f0dcb562,3c3796d9-09c4-49e1-bc4a-31fe17f3ad78
afe84985-a0d1-4021-8cf6-87f2f0dcb562,76598767-9edf-4f4c-925b-6da5927b6662
5dba5ab9-4818-4c9c-801a-e9451d0645a5,e3235976-4d34-45e5-b232-f05fa9d9a150
5dba5ab9-4818-4c9c-801a-e9451d0645a5,3c3796d9-09c4-49e1-bc4a-31fe17f3ad78
5dba5ab9-4818-4c9c-801a-e9451d0645a5,76598767-9edf-4f4c-925b-6da5927b6662
bc094fcb-5012-4e04-8db5-cb65a515f690,e3235976-4d34-45e5-b232-f05fa9d9a150
bc094fcb-5012-4e04-8db5-cb65a515f690,3c3796d9-09c4-49e1-bc4a-31fe17f3ad78
bc094fcb-5012-4e04-8db5-cb65a515f690,76598767-9edf-4f4c-925b-6da5927b6662
3dbe9fe0-0b32-4903-af47-52e076f6a5a6,c642fbdb-2fbb-4346-b0e3-14a095ed1654
3dbe9fe0-0b32-4903-af47-52e076f6a5a6,7d8b1ed3-6967-4dba-afa0-55f164d26e0b
3dbe9fe0-0b32-4903-af47-52e076f6a5a6,2bc90c4b-0cac-4d42-8511-adf23d48ff0c
3dbe9fe0-0b32-4903-af47-52e076f6a5a6,f797959d-5a43-4c68-8b51-4b0d989def3c
3dbe9fe0-0b32-4903-af47-52e076f6a5a6,2604acab-8ae4-4afe-8508-e5026faaba18
3dbe9fe0-0b32-4903-af47-52e076f6a5a6,76598767-9edf-4f4c-925b-6da5927b6662
5d83c91c-8542-4bca-8eed-39f369efd926,cc6dbce1-5b61-4903-b5c8-63fac1e09904
5d83c91c-8542-4bca-8eed-39f369efd926,e3235976-4d34-45e5-b232-f05fa9d9a150
5d83c91c-8542-4bca-8eed-39f369efd926,76598767-9edf-4f4c-925b-6da5927b6662
353530a2-0afb-4f0b-9c68-406d98ba92b2,e3235976-4d34-45e5-b232-f05fa9d9a150
353530a2-0afb-4f0b-9c68-406d98ba92b2,3c3796d9-09c4-49e1-bc4a-31fe17f3ad78
353530a2-0afb-4f0b-9c68-406d98ba92b2,76598767-9edf-4f4c-925b-6da5927b6662
c8fa6689-9123-40e8-96a8-db324655bb26,e3235976-4d34-45e5-b232-f05fa9d9a150
c8fa6689-9123-40e8-96a8-db324655bb26,3c3796d9-09c4-49e1-bc4a-31fe17f3ad78
c8fa6689-9123-40e8-96a8-db324655bb26,76598767-9edf-4f4c-925b-6da5927b6662
2490bed7-583f-4193-8e4e-29b48a244e56,e3235976-4d34-45e5-b232-f05fa9d9a150
2490bed7-583f-4193-8e4e-29b48a244e56,3c3796d9-09c4-49e1-bc4a-31fe17f3ad78
2490bed7-583f-4193-8e4e-29b48a244e56,76598767-9edf-4f4c-925b-6da5927b6662
e162c4a6-5c0a-4da9-93bd-10a68244b2f9,7d8b1ed3-6967-4dba-afa0-55f164d26e0b
e162c4a6-5c0a-4da9-93bd-10a68244b2f9,73208106-d00e-4526-b541-0941a4fdff46
e162c4a6-5c0a-4da9-93bd-10a68244b2f9,92e18350-56e4-48d6-ae51-67b2c083e6c2
e162c4a6-5c0a-4da9-93bd-10a68244b2f9,8a3ab459-d3b8-43de-b9ef-622638591a22
e162c4a6-5c0a-4da9-93bd-10a68244b2f9,7c51d40a-e34b-48e2-9c27-1158688b5473
e162c4a6-5c0a-4da9-93bd-10a68244b2f9,76598767-9edf-4f4c-925b-6da5927b6662
d0cf01db-8566-46f1-be4f-72d243535c15,e3235976-4d34-45e5-b232-f05fa9d9a150
d0cf01db-8566-46f1-be4f-72d243535c15,3c3796d9-09c4-49e1-bc4a-31fe17f3ad78
d0cf01db-8566-46f1-be4f-72d243535c15,76598767-9edf-4f4c-925b-6da5927b6662
c8300e25-3ac9-4844-967a-bc98331b46b2,7d8b1ed3-6967-4dba-afa0-55f164d26e0b
c8300e25-3ac9-4844-967a-bc98331b46b2,b34cfeb9-d8b6-4948-8de4-ca86d491dedd
c8300e25-3ac9-4844-967a-bc98331b46b2,bad157f9-cff4-4da8-87dd-17a846cc2aaf
11629d4d-1dff-4c02-9fbe-6be15a46cd04,cc6dbce1-5b61-4903-b5c8-63fac1e09904
e998425c-182a-4a54-a9c5-bddf09453c05,cc6dbce1-5b61-4903-b5c8-63fac1e09904
e998425c-182a-4a54-a9c5-bddf09453c05,e3235976-4d34-45e5-b232-f05fa9d9a150
ced59f1a-552b-4ee4-b307-3471a2cc498e,005bd959-fa1d-44a4-b77d-975ee938546f
ced59f1a-552b-4ee4-b307-3471a2cc498e,226fe3fd-2374-4a7b-a4a7-dfb654090e5f
ced59f1a-552b-4ee4-b307-3471a2cc498e,fdde78cb-eb6e-4a59-ac80-66b2034c0a96
d9b3a777-db85-4789-89c1-e0c9fd676c4a,e3235976-4d34-45e5-b232-f05fa9d9a150
d9b3a777-db85-4789-89c1-e0c9fd676c4a,3c3796d9-09c4-49e1-bc4a-31fe17f3ad78
d9b3a777-db85-4789-89c1-e0c9fd676c4a,76598767-9edf-4f4c-925b-6da5927b6662
08f5a495-f880-4c36-b1ee-8be0f9446823,e3235976-4d34-45e5-b232-f05fa9d9a150
08f5a495-f880-4c36-b1ee-8be0f9446823,3c3796d9-09c4-49e1-bc4a-31fe17f3ad78
08f5a495-f880-4c36-b1ee-8be0f9446823,76598767-9edf-4f4c-925b-6da5927b6662
32f8eeb9-36ca-4faa-bcf5-56592a0ba287,e3235976-4d34-45e5-b232-f05fa9d9a150
32f8eeb9-36ca-4faa-bcf5-56592a0ba287,3c3796d9-09c4-49e1-bc4a-31fe17f3ad78
32f8eeb9-36ca-4faa-bcf5-56592a0ba287,76598767-9edf-4f4c-925b-6da5927b6662
afb3e923-62be-4146-b70c-10082936c39e,e3235976-4d34-45e5-b232-f05fa9d9a150
afb3e923-62be-4146-b70c-10082936c39e,3c3796d9-09c4-49e1-bc4a-31fe17f3ad78
afb3e923-62be-4146-b70c-10082936c39e,76598767-9edf-4f4c-925b-6da5927b6662
bc82e089-7266-46cf-9a66-f540ed80bb89,e3235976-4d34-45e5-b232-f05fa9d9a150
bc82e089-7266-46cf-9a66-f540ed80bb89,3c3796d9-09c4-49e1-bc4a-31fe17f3ad78
bc82e089-7266-46cf-9a66-f540ed80bb89,76598767-9edf-4f4c-925b-6da5927b6662
4414fb7a-cbad-4fab-b7c3-4752428b43e4,e3235976-4d34-45e5-b232-f05fa9d9a150
4414fb7a-cbad-4fab-b7c3-4752428b43e4,3c3796d9-09c4-49e1-bc4a-31fe17f3ad78
4414fb7a-cbad-4fab-b7c3-4752428b43e4,76598767-9edf-4f4c-925b-6da5927b6662
5ed89096-5422-435c-8326-6d418203d364,e3235976-4d34-45e5-b232-f05fa9d9a150
5ed89096-5422-435c-8326-6d418203d364,3c3796d9-09c4-49e1-bc4a-31fe17f3ad78
5ed89096-5422-435c-8326-6d418203d364,76598767-9edf-4f4c-925b-6da5927b6662
58e2c5e8-7425-49c7-8c07-31cbe5aaacac,cc6dbce1-5b61-4903-b5c8-63fac1e09904
58e2c5e8-7425-49c7-8c07-31cbe5aaacac,e3235976-4d34-45e5-b232-f05fa9d9a150
4530051a-f238-4d82-8691-b88e85d5b4db,cc6dbce1-5b61-4903-b5c8-63fac1e09904
4530051a-f238-4d82-8691-b88e85d5b4db,e3235976-4d34-45e5-b232-f05fa9d9a150
19e84dcf-8abb-4fea-a72e-e592865b0172,cc6dbce1-5b61-4903-b5c8-63fac1e09904
19e84dcf-8abb-4fea-a72e-e592865b0172,e3235976-4d34-45e5-b232-f05fa9d9a150
215c57a0-2648-4468-92a0-9ce40e546246,cc6dbce1-5b61-4903-b5c8-63fac1e09904
215c57a0-2648-4468-92a0-9ce40e546246,e3235976-4d34-45e5-b232-f05fa9d9a150
def449ba-36ac-4263-985d-f01156ab1a69,e3235976-4d34-45e5-b232-f05fa9d9a150
def449ba-36ac-4263-985d-f01156ab1a69,3c3796d9-09c4-49e1-bc4a-31fe17f3ad78
def449ba-36ac-4263-985d-f01156ab1a69,76598767-9edf-4f4c-925b-6da5927b6662
1b34f3ac-7d40-4d24-b033-8d2532ca6c58,e3235976-4d34-45e5-b232-f05fa9d9a150
1b34f3ac-7d40-4d24-b033-8d2532ca6c58,3c3796d9-09c4-49e1-bc4a-31fe17f3ad78
1b34f3ac-7d40-4d24-b033-8d2532ca6c58,76598767-9edf-4f4c-925b-6da5927b6662
e0374c69-47f2-450c-a237-e676d486b55d,c642fbdb-2fbb-4346-b0e3-14a095ed1654
e0374c69-47f2-450c-a237-e676d486b55d,7d8b1ed3-6967-4dba-afa0-55f164d26e0b
e0374c69-47f2-450c-a237-e676d486b55d,78869845-a322-4199-bef7-cd0a5d1c7b1c
e0374c69-47f2-450c-a237-e676d486b55d,5dc38c57-c79a-4d7a-b653-5d1006fbd3e0
e0374c69-47f2-450c-a237-e676d486b55d,7f97a1ae-2efd-4529-8408-943e0fd33532
e0374c69-47f2-450c-a237-e676d486b55d,76598767-9edf-4f4c-925b-6da5927b6662
4bc6f291-a557-48c8-948a-18212c29c758,e3235976-4d34-45e5-b232-f05fa9d9a150
4bc6f291-a557-48c8-948a-18212c29c758,3c3796d9-09c4-49e1-bc4a-31fe17f3ad78
4bc6f291-a557-48c8-948a-18212c29c758,76598767-9edf-4f4c-925b-6da5927b6662
043f23c8-f096-4566-9547-aa0bbd82e7cc,336638d5-3508-430b-9825-11bc7e9ec29a
043f23c8-f096-4566-9547-aa0bbd82e7cc,75c2109e-5a1b-4cdc-8f08-c5fb44338bf3
043f23c8-f096-4566-9547-aa0bbd82e7cc,7a73cfbe-8ea7-4949-a082-4fa45ba29d05
1a7b6227-a994-4a2c-995e-0dda9337af12,e3235976-4d34-45e5-b232-f05fa9d9a150
1a7b6227-a994-4a2c-995e-0dda9337af12,3c3796d9-09c4-49e1-bc4a-31fe17f3ad78
1a7b6227-a994-4a2c-995e-0dda9337af12,76598767-9edf-4f4c-925b-6da5927b6662
13e2040b-aa83-4a0a-86d5-4b2dbb9a6513,e3235976-4d34-45e5-b232-f05fa9d9a150
13e2040b-aa83-4a0a-86d5-4b2dbb9a6513,3c3796d9-09c4-49e1-bc4a-31fe17f3ad78
13e2040b-aa83-4a0a-86d5-4b2dbb9a6513,76598767-9edf-4f4c-925b-6da5927b6662
d0ca0859-9f94-4742-8974-7b7db33a0d65,e3235976-4d34-45e5-b232-f05fa9d9a150
d0ca0859-9f94-4742-8974-7b7db33a0d65,3c3796d9-09c4-49e1-bc4a-31fe17f3ad78
d0ca0859-9f94-4742-8974-7b7db33a0d65,76598767-9edf-4f4c-925b-6da5927b6662
a1933a76-8b62-469a-9420-9573b56a9bb1,e3235976-4d34-45e5-b232-f05fa9d9a150
a1933a76-8b62-469a-9420-9573b56a9bb1,3c3796d9-09c4-49e1-bc4a-31fe17f3ad78
a1933a76-8b62-469a-9420-9573b56a9bb1,76598767-9edf-4f4c-925b-6da5927b6662
88529c49-ee6f-4133-9281-e4f03072ec01,c642fbdb-2fbb-4346-b0e3-14a095ed1654
88529c49-ee6f-4133-9281-e4f03072ec01,7d8b1ed3-6967-4dba-afa0-55f164d26e0b
88529c49-ee6f-4133-9281-e4f03072ec01,78869845-a322-4199-bef7-cd0a5d1c7b1c
88529c49-ee6f-4133-9281-e4f03072ec01,5dc38c57-c79a-4d7a-b653-5d1006fbd3e0
88529c49-ee6f-4133-9281-e4f03072ec01,7f97a1ae-2efd-4529-8408-943e0fd33532
88529c49-ee6f-4133-9281-e4f03072ec01,76598767-9edf-4f4c-925b-6da5927b6662
c772bd52-2c28-4558-a253-d41ca810434b,e3235976-4d34-45e5-b232-f05fa9d9a150
c772bd52-2c28-4558-a253-d41ca810434b,3c3796d9-09c4-49e1-bc4a-31fe17f3ad78
c772bd52-2c28-4558-a253-d41ca810434b,76598767-9edf-4f4c-925b-6da5927b6662
8213ece7-3a92-42fd-ad9c-2880c901efbd,c642fbdb-2fbb-4346-b0e3-14a095ed1654
8213ece7-3a92-42fd-ad9c-2880c901efbd,7d8b1ed3-6967-4dba-afa0-55f164d26e0b
8213ece7-3a92-42fd-ad9c-2880c901efbd,78869845-a322-4199-bef7-cd0a5d1c7b1c
8213ece7-3a92-42fd-ad9c-2880c901efbd,5dc38c57-c79a-4d7a-b653-5d1006fbd3e0
8213ece7-3a92-42fd-ad9c-2880c901efbd,7f97a1ae-2efd-4529-8408-943e0fd33532
8213ece7-3a92-42fd-ad9c-2880c901efbd,76598767-9edf-4f4c-925b-6da5927b6662
ab6bce16-f5b9-426a-b56a-bdcc1cda4291,e3235976-4d34-45e5-b232-f05fa9d9a150
ab6bce16-f5b9-426a-b56a-bdcc1cda4291,3c3796d9-09c4-49e1-bc4a-31fe17f3ad78
ab6bce16-f5b9-426a-b56a-bdcc1cda4291,76598767-9edf-4f4c-925b-6da5927b6662
bf6bb7b7-9f27-4a73-9b7a-b8eaf2d267e9,e3235976-4d34-45e5-b232-f05fa9d9a150
bf6bb7b7-9f27-4a73-9b7a-b8eaf2d267e9,3c3796d9-09c4-49e1-bc4a-31fe17f3ad78
bf6bb7b7-9f27-4a73-9b7a-b8eaf2d267e9,76598767-9edf-4f4c-925b-6da5927b6662
b185220f-a36a-4570-939d-d935595d2be9,e3235976-4d34-45e5-b232-f05fa9d9a150
b185220f-a36a-4570-939d-d935595d2be9,3c3796d9-09c4-49e1-bc4a-31fe17f3ad78
b185220f-a36a-4570-939d-d935595d2be9,76598767-9edf-4f4c-925b-6da5927b6662
64e0125e-457a-4d21-8e6a-58aa0d022045,e3235976-4d34-45e5-b232-f05fa9d9a150
64e0125e-457a-4d21-8e6a-58aa0d022045,3c3796d9-09c4-49e1-bc4a-31fe17f3ad78
64e0125e-457a-4d21-8e6a-58aa0d022045,76598767-9edf-4f4c-925b-6da5927b6662
35c280f9-8f6f-42b1-a9da-494fba64ccf6,e3235976-4d34-45e5-b232-f05fa9d9a150
35c280f9-8f6f-42b1-a9da-494fba64ccf6,3c3796d9-09c4-49e1-bc4a-31fe17f3ad78
35c280f9-8f6f-42b1-a9da-494fba64ccf6,76598767-9edf-4f4c-925b-6da5927b6662
a5296b27-418c-49db-9f61-1b9aa3076a70,e3235976-4d34-45e5-b232-f05fa9d9a150
a5296b27-418c-49db-9f61-1b9aa3076a70,3c3796d9-09c4-49e1-bc4a-31fe17f3ad78
a5296b27-418c-49db-9f61-1b9aa3076a70,76598767-9edf-4f4c-925b-6da5927b6662
4da552a7-a071-469d-8c0e-24a7a6b14de0,e3235976-4d34-45e5-b232-f05fa9d9a150
4da552a7-a071-469d-8c0e-24a7a6b14de0,3c3796d9-09c4-49e1-bc4a-31fe17f3ad78
4da552a7-a071-469d-8c0e-24a7a6b14de0,76598767-9edf-4f4c-925b-6da5927b6662
ac669399-516c-4d39-ae00-f5c893ee770b,e3235976-4d34-45e5-b232-f05fa9d9a150
ac669399-516c-4d39-ae00-f5c893ee770b,3c3796d9-09c4-49e1-bc4a-31fe17f3ad78
ac669399-516c-4d39-ae00-f5c893ee770b,76598767-9edf-4f4c-925b-6da5927b6662
e33b6d0c-a9cb-4072-acdf-0b21ae0a73bc,1b416096-8a8a-440a-a5e2-17a55d877f68
e33b6d0c-a9cb-4072-acdf-0b21ae0a73bc,7d8b1ed3-6967-4dba-afa0-55f164d26e0b
e33b6d0c-a9cb-4072-acdf-0b21ae0a73bc,1120dd3e-a5bb-4e9e-8b37-28547f67c015
e33b6d0c-a9cb-4072-acdf-0b21ae0a73bc,3edf1123-5124-473d-ae32-1654dd6001ff
e33b6d0c-a9cb-4072-acdf-0b21ae0a73bc,510425c1-4b60-447c-8320-231d129dff1d
e33b6d0c-a9cb-4072-acdf-0b21ae0a73bc,681a3719-754e-4172-9373-37f9075b2233
34738156-cb31-433c-8572-fc7bca3b0d2a,e3235976-4d34-45e5-b232-f05fa9d9a150
34738156-cb31-433c-8572-fc7bca3b0d2a,3c3796d9-09c4-49e1-bc4a-31fe17f3ad78
34738156-cb31-433c-8572-fc7bca3b0d2a,76598767-9edf-4f4c-925b-6da5927b6662
7eb8fd55-660a-4859-9a61-44afce04c427,c642fbdb-2fbb-4346-b0e3-14a095ed1654
7eb8fd55-660a-4859-9a61-44afce04c427,7d8b1ed3-6967-4dba-afa0-55f164d26e0b
7eb8fd55-660a-4859-9a61-44afce04c427,2bc90c4b-0cac-4d42-8511-adf23d48ff0c
7eb8fd55-660a-4859-9a61-44afce04c427,f797959d-5a43-4c68-8b51-4b0d989def3c
7eb8fd55-660a-4859-9a61-44afce04c427,2604acab-8ae4-4afe-8508-e5026faaba18
7eb8fd55-660a-4859-9a61-44afce04c427,76598767-9edf-4f4c-925b-6da5927b6662
523004b1-e44b-47e7-8aab-01ab84017cb3,cc6dbce1-5b61-4903-b5c8-63fac1e09904
523004b1-e44b-47e7-8aab-01ab84017cb3,e3235976-4d34-45e5-b232-f05fa9d9a150
523004b1-e44b-47e7-8aab-01ab84017cb3,76598767-9edf-4f4c-925b-6da5927b6662
3253c64f-2f32-453f-878e-9a912a9541e9,e3235976-4d34-45e5-b232-f05fa9d9a150
3253c64f-2f32-453f-878e-9a912a9541e9,3c3796d9-09c4-49e1-bc4a-31fe17f3ad78
3253c64f-2f32-453f-878e-9a912a9541e9,76598767-9edf-4f4c-925b-6da5927b6662
b7ed1e0e-1c0c-4f04-8c2a-55116f45b0c3,e3235976-4d34-45e5-b232-f05fa9d9a150
b7ed1e0e-1c0c-4f04-8c2a-55116f45b0c3,3c3796d9-09c4-49e1-bc4a-31fe17f3ad78
b7ed1e0e-1c0c-4f04-8c2a-55116f45b0c3,76598767-9edf-4f4c-925b-6da5927b6662
616ba890-4582-4a1e-8fa1-1ffd51a146b4,e3235976-4d34-45e5-b232-f05fa9d9a150
616ba890-4582-4a1e-8fa1-1ffd51a146b4,3c3796d9-09c4-49e1-bc4a-31fe17f3ad78
616ba890-4582-4a1e-8fa1-1ffd51a146b4,76598767-9edf-4f4c-925b-6da5927b6662
a07566e1-2942-4c32-ae92-55e3e022ef9e,e3235976-4d34-45e5-b232-f05fa9d9a150
a07566e1-2942-4c32-ae92-55e3e022ef9e,3c3796d9-09c4-49e1-bc4a-31fe17f3ad78
a07566e1-2942-4c32-ae92-55e3e022ef9e,76598767-9edf-4f4c-925b-6da5927b6662
04d33b3c-03ee-40ab-b4ea-6c4835f2d8df,7d8b1ed3-6967-4dba-afa0-55f164d26e0b
04d33b3c-03ee-40ab-b4ea-6c4835f2d8df,b34cfeb9-d8b6-4948-8de4-ca86d491dedd
04d33b3c-03ee-40ab-b4ea-6c4835f2d8df,bad157f9-cff4-4da8-87dd-17a846cc2aaf
d6b75eeb-070d-4e13-81c4-39d40c54654e,005bd959-fa1d-44a4-b77d-975ee938546f
d6b75eeb-070d-4e13-81c4-39d40c54654e,226fe3fd-2374-4a7b-a4a7-dfb654090e5f
d6b75eeb-070d-4e13-81c4-39d40c54654e,fdde78cb-eb6e-4a59-ac80-66b2034c0a96
2f994c40-d05e-4ef7-9a01-27493152e214,e3235976-4d34-45e5-b232-f05fa9d9a150
2f994c40-d05e-4ef7-9a01-27493152e214,3c3796d9-09c4-49e1-bc4a-31fe17f3ad78
2f994c40-d05e-4ef7-9a01-27493152e214,76598767-9edf-4f4c-925b-6da5927b6662
5c25f5ee-2172-4f71-974e-28ad62cb0826,e3235976-4d34-45e5-b232-f05fa9d9a150
5c25f5ee-2172-4f71-974e-28ad62cb0826,3c3796d9-09c4-49e1-bc4a-31fe17f3ad78
5c25f5ee-2172-4f71-974e-28ad62cb0826,76598767-9edf-4f4c-925b-6da5927b6662
b59cf743-674b-47d8-afda-b3d7a7079a9a,e3235976-4d34-45e5-b232-f05fa9d9a150
b59cf743-674b-47d8-afda-b3d7a7079a9a,3c3796d9-09c4-49e1-bc4a-31fe17f3ad78
b59cf743-674b-47d8-afda-b3d7a7079a9a,76598767-9edf-4f4c-925b-6da5927b6662
777111b2-2a90-491b-89f0-039953d247e3,e3235976-4d34-45e5-b232-f05fa9d9a150
777111b2-2a90-491b-89f0-039953d247e3,3c3796d9-09c4-49e1-bc4a-31fe17f3ad78
777111b2-2a90-491b-89f0-039953d247e3,76598767-9edf-4f4c-925b-6da5927b6662
045c1b1f-6dec-4b4f-9552-b9658ef056fa,e3235976-4d34-45e5-b232-f05fa9d9a150
045c1b1f-6dec-4b4f-9552-b9658ef056fa,3c3796d9-09c4-49e1-bc4a-31fe17f3ad78
045c1b1f-6dec-4b4f-9552-b9658ef056fa,76598767-9edf-4f4c-925b-6da5927b6662
31884904-42b6-4ab4-bdec-74fc6bf7a36a,e3235976-4d34-45e5-b232-f05fa9d9a150
31884904-42b6-4ab4-bdec-74fc6bf7a36a,3c3796d9-09c4-49e1-bc4a-31fe17f3ad78
31884904-42b6-4ab4-bdec-74fc6bf7a36a,76598767-9edf-4f4c-925b-6da5927b6662
bd2035c5-6881-42c5-a35c-556b74054413,e3235976-4d34-45e5-b232-f05fa9d9a150
bd2035c5-6881-42c5-a35c-556b74054413,3c3796d9-09c4-49e1-bc4a-31fe17f3ad78
bd2035c5-6881-42c5-a35c-556b74054413,76598767-9edf-4f4c-925b-6da5927b6662
dc6bb3ef-abeb-47a6-86c4-c169161fd7fc,cc6dbce1-5b61-4903-b5c8-63fac1e09904
dc6bb3ef-abeb-47a6-86c4-c169161fd7fc,e3235976-4d34-45e5-b232-f05fa9d9a150
1db80171-cef0-4050-bb85-0a15c6989477,cc6dbce1-5b61-4903-b5c8-63fac1e09904
1db80171-cef0-4050-bb85-0a15c6989477,e3235976-4d34-45e5-b232-f05fa9d9a150
072f86f0-fa50-4c64-a782-1cb629b9695c,cc6dbce1-5b61-4903-b5c8-63fac1e09904
072f86f0-fa50-4c64-a782-1cb629b9695c,e3235976-4d34-45e5-b232-f05fa9d9a150
8aa70b6b-6474-4eef-88ed-7bd02ff0baac,e3235976-4d34-45e5-b232-f05fa9d9a150
8aa70b6b-6474-4eef-88ed-7bd02ff0baac,3c3796d9-09c4-49e1-bc4a-31fe17f3ad78
8aa70b6b-6474-4eef-88ed-7bd02ff0baac,76598767-9edf-4f4c-925b-6da5927b6662
72342b47-19af-4936-aca5-ef1cf727e332,e3235976-4d34-45e5-b232-f05fa9d9a150
72342b47-19af-4936-aca5-ef1cf727e332,3c3796d9-09c4-49e1-bc4a-31fe17f3ad78
72342b47-19af-4936-aca5-ef1cf727e332,76598767-9edf-4f4c-925b-6da5927b6662
ebe35064-d2d6-4272-9670-fdf2f26d829b,c642fbdb-2fbb-4346-b0e3-14a095ed1654
ebe35064-d2d6-4272-9670-fdf2f26d829b,7d8b1ed3-6967-4dba-afa0-55f164d26e0b
ebe35064-d2d6-4272-9670-fdf2f26d829b,78869845-a322-4199-bef7-cd0a5d1c7b1c
ebe35064-d2d6-4272-9670-fdf2f26d829b,5dc38c57-c79a-4d7a-b653-5d1006fbd3e0
ebe35064-d2d6-4272-9670-fdf2f26d829b,7f97a1ae-2efd-4529-8408-943e0fd33532
ebe35064-d2d6-4272-9670-fdf2f26d829b,76598767-9edf-4f4c-925b-6da5927b6662
33c5d761-dca2-4ec1-ba0a-9dde8e59e11d,e3235976-4d34-45e5-b232-f05fa9d9a150
33c5d761-dca2-4ec1-ba0a-9dde8e59e11d,3c3796d9-09c4-49e1-bc4a-31fe17f3ad78
33c5d761-dca2-4ec1-ba0a-9dde8e59e11d,76598767-9edf-4f4c-925b-6da5927b6662
a6ff90f4-1922-462f-87a0-b567c90bff16,336638d5-3508-430b-9825-11bc7e9ec29a
a6ff90f4-1922-462f-87a0-b567c90bff16,75c2109e-5a1b-4cdc-8f08-c5fb44338bf3
a6ff90f4-1922-462f-87a0-b567c90bff16,7a73cfbe-8ea7-4949-a082-4fa45ba29d05
f885544e-679c-45d0-a1f2-3546df7e35c2,e3235976-4d34-45e5-b232-f05fa9d9a150
f885544e-679c-45d0-a1f2-3546df7e35c2,3c3796d9-09c4-49e1-bc4a-31fe17f3ad78
f885544e-679c-45d0-a1f2-3546df7e35c2,76598767-9edf-4f4c-925b-6da5927b6662
82657325-d8a3-4a09-a555-73599e486abc,e3235976-4d34-45e5-b232-f05fa9d9a150
82657325-d8a3-4a09-a555-73599e486abc,3c3796d9-09c4-49e1-bc4a-31fe17f3ad78
82657325-d8a3-4a09-a555-73599e486abc,76598767-9edf-4f4c-925b-6da5927b6662
661aac23-a96a-4b68-ad67-20b926bedb51,e3235976-4d34-45e5-b232-f05fa9d9a150
661aac23-a96a-4b68-ad67-20b926bedb51,3c3796d9-09c4-49e1-bc4a-31fe17f3ad78
661aac23-a96a-4b68-ad67-20b926bedb51,76598767-9edf-4f4c-925b-6da5927b6662
f79486a5-f112-47d4-8875-afe1a5246289,e3235976-4d34-45e5-b232-f05fa9d9a150
f79486a5-f112-47d4-8875-afe1a5246289,3c3796d9-09c4-49e1-bc4a-31fe17f3ad78
f79486a5-f112-47d4-8875-afe1a5246289,76598767-9edf-4f4c-925b-6da5927b6662
0c2a4c60-88e4-451b-945e-33a71e2ca950,c642fbdb-2fbb-4346-b0e3-14a095ed1654
0c2a4c60-88e4-451b-945e-33a71e2ca950,7d8b1ed3-6967-4dba-afa0-55f164d26e0b
0c2a4c60-88e4-451b-945e-33a71e2ca950,78869845-a322-4199-bef7-cd0a5d1c7b1c
0c2a4c60-88e4-451b-945e-33a71e2ca950,5dc38c57-c79a-4d7a-b653-5d1006fbd3e0
0c2a4c60-88e4-451b-945e-33a71e2ca950,7f97a1ae-2efd-4529-8408-943e0fd33532
0c2a4c60-88e4-451b-945e-33a71e2ca950,76598767-9edf-4f4c-925b-6da5927b6662
7edbd558-3140-4468-a9d0-774c2e2cd0c9,e3235976-4d34-45e5-b232-f05fa9d9a150
7edbd558-3140-4468-a9d0-774c2e2cd0c9,3c3796d9-09c4-49e1-bc4a-31fe17f3ad78
7edbd558-3140-4468-a9d0-774c2e2cd0c9,76598767-9edf-4f4c-925b-6da5927b6662
f2e4551f-c04e-4c7b-b5ff-f003715c5e29,c642fbdb-2fbb-4346-b0e3-14a095ed1654
f2e4551f-c04e-4c7b-b5ff-f003715c5e29,7d8b1ed3-6967-4dba-afa0-55f164d26e0b
f2e4551f-c04e-4c7b-b5ff-f003715c5e29,78869845-a322-4199-bef7-cd0a5d1c7b1c
f2e4551f-c04e-4c7b-b5ff-f003715c5e29,5dc38c57-c79a-4d7a-b653-5d1006fbd3e0
f2e4551f-c04e-4c7b-b5ff-f003715c5e29,7f97a1ae-2efd-4529-8408-943e0fd33532
f2e4551f-c04e-4c7b-b5ff-f003715c5e29,76598767-9edf-4f4c-925b-6da5927b6662
9f19b77c-6ba7-498c-b39e-461f58d77e10,e3235976-4d34-45e5-b232-f05fa9d9a150
9f19b77c-6ba7-498c-b39e-461f58d77e10,3c3796d9-09c4-49e1-bc4a-31fe17f3ad78
9f19b77c-6ba7-498c-b39e-461f58d77e10,76598767-9edf-4f4c-925b-6da5927b6662
a44c3458-ce55-430b-9fb8-67a7e7a9646e,e3235976-4d34-45e5-b232-f05fa9d9a150
a44c3458-ce55-430b-9fb8-67a7e7a9646e,3c3796d9-09c4-49e1-bc4a-31fe17f3ad78
a44c3458-ce55-430b-9fb8-67a7e7a9646e,76598767-9edf-4f4c-925b-6da5927b6662
ccf35425-6e8c-4675-8367-44f3b186cafe,e3235976-4d34-45e5-b232-f05fa9d9a150
ccf35425-6e8c-4675-8367-44f3b186cafe,3c3796d9-09c4-49e1-bc4a-31fe17f3ad78
ccf35425-6e8c-4675-8367-44f3b186cafe,76598767-9edf-4f4c-925b-6da5927b6662
feb133e0-699b-45ac-b644-ea575027f0b2,e3235976-4d34-45e5-b232-f05fa9d9a150
feb133e0-699b-45ac-b644-ea575027f0b2,3c3796d9-09c4-49e1-bc4a-31fe17f3ad78
feb133e0-699b-45ac-b644-ea575027f0b2,76598767-9edf-4f4c-925b-6da5927b6662
9af032fe-abe8-48df-bdb6-679c643eb08f,e3235976-4d34-45e5-b232-f05fa9d9a150
9af032fe-abe8-48df-bdb6-679c643eb08f,3c3796d9-09c4-49e1-bc4a-31fe17f3ad78
9af032fe-abe8-48df-bdb6-679c643eb08f,76598767-9edf-4f4c-925b-6da5927b6662
f90d0c03-bd23-499b-8b79-000ca2752aa5,e3235976-4d34-45e5-b232-f05fa9d9a150
f90d0c03-bd23-499b-8b79-000ca2752aa5,3c3796d9-09c4-49e1-bc4a-31fe17f3ad78
f90d0c03-bd23-499b-8b79-000ca2752aa5,76598767-9edf-4f4c-925b-6da5927b6662
79c5d1ff-cf30-49a1-a2f1-e16a4001fa87,e3235976-4d34-45e5-b232-f05fa9d9a150
79c5d1ff-cf30-49a1-a2f1-e16a4001fa87,3c3796d9-09c4-49e1-bc4a-31fe17f3ad78
79c5d1ff-cf30-49a1-a2f1-e16a4001fa87,76598767-9edf-4f4c-925b-6da5927b6662
6c101684-8523-4b9f-8071-3297cc657121,cc6dbce1-5b61-4903-b5c8-63fac1e09904
6c101684-8523-4b9f-8071-3297cc657121,e3235976-4d34-45e5-b232-f05fa9d9a150
40e889e9-3a61-4925-8e8a-9b7ba047c01b,cc6dbce1-5b61-4903-b5c8-63fac1e09904
40e889e9-3a61-4925-8e8a-9b7ba047c01b,e3235976-4d34-45e5-b232-f05fa9d9a150
6bc03af7-0ea6-4670-a85b-2e708ff6732a,bb069219-ddef-41e3-ac7d-d1ec5085b92c
6bc03af7-0ea6-4670-a85b-2e708ff6732a,42ea6709-ab7a-4baa-8342-942913e57405
913d04ec-1321-450a-9d0f-fff3e9818948,04cc8548-4847-4df2-9f43-b4964b9b3198
913d04ec-1321-450a-9d0f-fff3e9818948,8c9b6cd1-3f3f-445b-abee-48902f4972b7
25b38b46-b599-4379-a129-18a26ef26253,e3235976-4d34-45e5-b232-f05fa9d9a150
25b38b46-b599-4379-a129-18a26ef26253,3c3796d9-09c4-49e1-bc4a-31fe17f3ad78
25b38b46-b599-4379-a129-18a26ef26253,76598767-9edf-4f4c-925b-6da5927b6662
4fce0442-f48f-4cd2-9564-3a208ced9294,e3235976-4d34-45e5-b232-f05fa9d9a150
4fce0442-f48f-4cd2-9564-3a208ced9294,3c3796d9-09c4-49e1-bc4a-31fe17f3ad78
4fce0442-f48f-4cd2-9564-3a208ced9294,76598767-9edf-4f4c-925b-6da5927b6662
c210766a-9aea-491c-ad28-63c7f18734ec,c642fbdb-2fbb-4346-b0e3-14a095ed1654
c210766a-9aea-491c-ad28-63c7f18734ec,7d8b1ed3-6967-4dba-afa0-55f164d26e0b
c210766a-9aea-491c-ad28-63c7f18734ec,2bc90c4b-0cac-4d42-8511-adf23d48ff0c
c210766a-9aea-491c-ad28-63c7f18734ec,f797959d-5a43-4c68-8b51-4b0d989def3c
c210766a-9aea-491c-ad28-63c7f18734ec,2604acab-8ae4-4afe-8508-e5026faaba18
c210766a-9aea-491c-ad28-63c7f18734ec,76598767-9edf-4f4c-925b-6da5927b6662
984d8556-c954-4088-b7d9-085698292a67,cc6dbce1-5b61-4903-b5c8-63fac1e09904
984d8556-c954-4088-b7d9-085698292a67,e3235976-4d34-45e5-b232-f05fa9d9a150
984d8556-c954-4088-b7d9-085698292a67,76598767-9edf-4f4c-925b-6da5927b6662
9d984d5f-3041-4ca9-bf06-7b543d633dfc,e3235976-4d34-45e5-b232-f05fa9d9a150
9d984d5f-3041-4ca9-bf06-7b543d633dfc,3c3796d9-09c4-49e1-bc4a-31fe17f3ad78
9d984d5f-3041-4ca9-bf06-7b543d633dfc,76598767-9edf-4f4c-925b-6da5927b6662
7ab61dd8-94df-4746-a4fe-c549b34cabdb,5427ab2c-d619-4da7-80d1-1121f7af38f4
7ab61dd8-94df-4746-a4fe-c549b34cabdb,64450fd8-e310-430d-9d24-f97b9f2d131b
7ab61dd8-94df-4746-a4fe-c549b34cabdb,4b80b028-e84d-4411-a5e6-7ca0b8c9c75d
7ab61dd8-94df-4746-a4fe-c549b34cabdb,2321099c-0321-4536-a0c0-f78cc34c5485
7ab61dd8-94df-4746-a4fe-c549b34cabdb,2e96c5ce-fe46-4da8-9708-873f926e66bf
7ab61dd8-94df-4746-a4fe-c549b34cabdb,da958c1d-21ee-4109-a4db-9340791436f2
7ab61dd8-94df-4746-a4fe-c549b34cabdb,0d5eea3b-2493-419d-b0a1-19b85517d800
7ab61dd8-94df-4746-a4fe-c549b34cabdb,96fec209-5578-4f89-a842-4bacbe967e95
7ab61dd8-94df-4746-a4fe-c549b34cabdb,76598767-9edf-4f4c-925b-6da5927b6662
a5a9887c-5304-4d67-8044-44dc9a438793,e3235976-4d34-45e5-b232-f05fa9d9a150
a5a9887c-5304-4d67-8044-44dc9a438793,3c3796d9-09c4-49e1-bc4a-31fe17f3ad78
a5a9887c-5304-4d67-8044-44dc9a438793,76598767-9edf-4f4c-925b-6da5927b6662
596c350c-724d-4f78-be0d-dfddf9c3d61d,e3235976-4d34-45e5-b232-f05fa9d9a150
596c350c-724d-4f78-be0d-dfddf9c3d61d,3c3796d9-09c4-49e1-bc4a-31fe17f3ad78
596c350c-724d-4f78-be0d-dfddf9c3d61d,76598767-9edf-4f4c-925b-6da5927b6662
ec2f9018-f651-4761-96da-4761a895e488,7d8b1ed3-6967-4dba-afa0-55f164d26e0b
ec2f9018-f651-4761-96da-4761a895e488,6b93018a-5d29-47c9-a3df-2f765a25b4ee
ec2f9018-f651-4761-96da-4761a895e488,0a228a38-ed95-41c2-89dc-734096224df0
ec2f9018-f651-4761-96da-4761a895e488,4d1f1544-1f65-48d2-8f81-7f8064c3313e
ec2f9018-f651-4761-96da-4761a895e488,76598767-9edf-4f4c-925b-6da5927b6662
1c8b23c9-5402-4d32-9333-60e41c501ca4,e3235976-4d34-45e5-b232-f05fa9d9a150
1c8b23c9-5402-4d32-9333-60e41c501ca4,3c3796d9-09c4-49e1-bc4a-31fe17f3ad78
1c8b23c9-5402-4d32-9333-60e41c501ca4,76598767-9edf-4f4c-925b-6da5927b6662
17bf9393-2866-40e6-b204-ab4cf897871c,e3235976-4d34-45e5-b232-f05fa9d9a150
17bf9393-2866-40e6-b204-ab4cf897871c,3c3796d9-09c4-49e1-bc4a-31fe17f3ad78
17bf9393-2866-40e6-b204-ab4cf897871c,76598767-9edf-4f4c-925b-6da5927b6662
d495e25d-e4c8-4766-ad36-3e9d29ea091e,7d8b1ed3-6967-4dba-afa0-55f164d26e0b
d495e25d-e4c8-4766-ad36-3e9d29ea091e,b34cfeb9-d8b6-4948-8de4-ca86d491dedd
d495e25d-e4c8-4766-ad36-3e9d29ea091e,bad157f9-cff4-4da8-87dd-17a846cc2aaf
945bd9ee-56a1-4996-b503-8fba157c4208,cc6dbce1-5b61-4903-b5c8-63fac1e09904
945bd9ee-56a1-4996-b503-8fba157c4208,461f8339-6e46-499e-b5d7-2527df24e77c
bb893f1a-555c-44a8-9ec9-4c066f5e158e,e3235976-4d34-45e5-b232-f05fa9d9a150
bb893f1a-555c-44a8-9ec9-4c066f5e158e,3c3796d9-09c4-49e1-bc4a-31fe17f3ad78
bb893f1a-555c-44a8-9ec9-4c066f5e158e,76598767-9edf-4f4c-925b-6da5927b6662
b6d7bae8-6936-4c45-a4ac-bd97756cae7c,005bd959-fa1d-44a4-b77d-975ee938546f
b6d7bae8-6936-4c45-a4ac-bd97756cae7c,226fe3fd-2374-4a7b-a4a7-dfb654090e5f
b6d7bae8-6936-4c45-a4ac-bd97756cae7c,fdde78cb-eb6e-4a59-ac80-66b2034c0a96
02a35594-9b53-4868-928c-7ac2d4e2c68c,e3235976-4d34-45e5-b232-f05fa9d9a150
02a35594-9b53-4868-928c-7ac2d4e2c68c,3c3796d9-09c4-49e1-bc4a-31fe17f3ad78
02a35594-9b53-4868-928c-7ac2d4e2c68c,76598767-9edf-4f4c-925b-6da5927b6662
fcc1c3f1-f322-4c5d-9649-f6ae50df8190,e3235976-4d34-45e5-b232-f05fa9d9a150
fcc1c3f1-f322-4c5d-9649-f6ae50df8190,3c3796d9-09c4-49e1-bc4a-31fe17f3ad78
fcc1c3f1-f322-4c5d-9649-f6ae50df8190,76598767-9edf-4f4c-925b-6da5927b6662
2fb4e2e1-4307-45a5-af8b-3f99c96ec27b,e3235976-4d34-45e5-b232-f05fa9d9a150
2fb4e2e1-4307-45a5-af8b-3f99c96ec27b,3c3796d9-09c4-49e1-bc4a-31fe17f3ad78
2fb4e2e1-4307-45a5-af8b-3f99c96ec27b,76598767-9edf-4f4c-925b-6da5927b6662
7ebc0c85-30db-42cd-ad74-cdb94b0fc578,e3235976-4d34-45e5-b232-f05fa9d9a150
7ebc0c85-30db-42cd-ad74-cdb94b0fc578,3c3796d9-09c4-49e1-bc4a-31fe17f3ad78
7ebc0c85-30db-42cd-ad74-cdb94b0fc578,76598767-9edf-4f4c-925b-6da5927b6662
1d875861-c76a-4b1c-b917-6c2f1a3a224d,e3235976-4d34-45e5-b232-f05fa9d9a150
1d875861-c76a-4b1c-b917-6c2f1a3a224d,3c3796d9-09c4-49e1-bc4a-31fe17f3ad78
1d875861-c76a-4b1c-b917-6c2f1a3a224d,76598767-9edf-4f4c-925b-6da5927b6662
fd452522-fbc0-449a-a9ee-a7ffb90f268b,e3235976-4d34-45e5-b232-f05fa9d9a150
fd452522-fbc0-449a-a9ee-a7ffb90f268b,3c3796d9-09c4-49e1-bc4a-31fe17f3ad78
fd452522-fbc0-449a-a9ee-a7ffb90f268b,76598767-9edf-4f4c-925b-6da5927b6662
23a9119a-b265-4a6b-a6df-3396e08a5dd2,e3235976-4d34-45e5-b232-f05fa9d9a150
23a9119a-b265-4a6b-a6df-3396e08a5dd2,3c3796d9-09c4-49e1-bc4a-31fe17f3ad78
23a9119a-b265-4a6b-a6df-3396e08a5dd2,76598767-9edf-4f4c-925b-6da5927b6662
707bf424-2767-440c-ab08-f47d9b6e1de1,170d3457-729e-4aec-9958-0be57dc2c342
707bf424-2767-440c-ab08-f47d9b6e1de1,258582f0-4ba4-47c6-b7a0-60548388bce0
6fcc5eae-c79a-4bd9-affd-9b3f9c286732,cc6dbce1-5b61-4903-b5c8-63fac1e09904
6fcc5eae-c79a-4bd9-affd-9b3f9c286732,e3235976-4d34-45e5-b232-f05fa9d9a150
3ecefef3-37cb-4812-bd3f-0317d602c66a,cc6dbce1-5b61-4903-b5c8-63fac1e09904
3ecefef3-37cb-4812-bd3f-0317d602c66a,e3235976-4d34-45e5-b232-f05fa9d9a150
098b6c65-ce47-4350-9cc5-e630d9398d6d,cc6dbce1-5b61-4903-b5c8-63fac1e09904
098b6c65-ce47-4350-9cc5-e630d9398d6d,e3235976-4d34-45e5-b232-f05fa9d9a150
0e515c0a-2e74-4304-be1f-926cddf2ec3c,e3235976-4d34-45e5-b232-f05fa9d9a150
0e515c0a-2e74-4304-be1f-926cddf2ec3c,3c3796d9-09c4-49e1-bc4a-31fe17f3ad78
0e515c0a-2e74-4304-be1f-926cddf2ec3c,76598767-9edf-4f4c-925b-6da5927b6662
d318a070-f82b-4c33-a8b2-fcee7ee558d8,e3235976-4d34-45e5-b232-f05fa9d9a150
d318a070-f82b-4c33-a8b2-fcee7ee558d8,3c3796d9-09c4-49e1-bc4a-31fe17f3ad78
d318a070-f82b-4c33-a8b2-fcee7ee558d8,76598767-9edf-4f4c-925b-6da5927b6662
270cb9be-7658-43ba-b5bf-380586e71649,c642fbdb-2fbb-4346-b0e3-14a095ed1654
270cb9be-7658-43ba-b5bf-380586e71649,7d8b1ed3-6967-4dba-afa0-55f164d26e0b
270cb9be-7658-43ba-b5bf-380586e71649,78869845-a322-4199-bef7-cd0a5d1c7b1c
270cb9be-7658-43ba-b5bf-380586e71649,5dc38c57-c79a-4d7a-b653-5d1006fbd3e0
270cb9be-7658-43ba-b5bf-380586e71649,7f97a1ae-2efd-4529-8408-943e0fd33532
270cb9be-7658-43ba-b5bf-380586e71649,76598767-9edf-4f4c-925b-6da5927b6662
9489b7d7-0414-4b9c-bdb5-d5800e3af1f4,fb1785b7-2f75-45a9-87f5-a4504be971ad
9489b7d7-0414-4b9c-bdb5-d5800e3af1f4,7884d310-f1a2-4282-a748-c8395e4ef1b6
9489b7d7-0414-4b9c-bdb5-d5800e3af1f4,05dc9f7c-83f1-49cd-9377-d1e6b502be03
c7becb0b-647c-4643-82aa-f257b2aea8e9,e3235976-4d34-45e5-b232-f05fa9d9a150
c7becb0b-647c-4643-82aa-f257b2aea8e9,3c3796d9-09c4-49e1-bc4a-31fe17f3ad78
c7becb0b-647c-4643-82aa-f257b2aea8e9,76598767-9edf-4f4c-925b-6da5927b6662
b4bc32f2-7a9a-4883-8091-bc5aab62d818,a88f9c05-b9b3-439a-9298-d29121ee66fa
b4bc32f2-7a9a-4883-8091-bc5aab62d818,c5cd3c34-4c40-4b37-a7a8-84ad4a2e2e28
b4bc32f2-7a9a-4883-8091-bc5aab62d818,47eb28be-272e-493f-9d41-155aadb8b8c7
44d1f91a-738b-4907-a9ec-d2ccda9a54eb,6c8de7e0-6262-4d88-abbf-4d12e7e02903
44d1f91a-738b-4907-a9ec-d2ccda9a54eb,b2b98482-795f-43ac-958a-450ae7951992
44d1f91a-738b-4907-a9ec-d2ccda9a54eb,41be8667-5346-4d46-82cd-925544bd96a5
44d1f91a-738b-4907-a9ec-d2ccda9a54eb,4434dc9c-a4e7-4a7f-8910-1bbcd857533f
44d1f91a-738b-4907-a9ec-d2ccda9a54eb,3b8fa1a0-3dda-45c8-bd6d-f5947e2ee014
44d1f91a-738b-4907-a9ec-d2ccda9a54eb,a19ba6e2-6e0a-442d-8931-c887a9d1c0f4
905f8042-056f-4661-a9f8-11cf16fa5198,e3235976-4d34-45e5-b232-f05fa9d9a150
905f8042-056f-4661-a9f8-11cf16fa5198,3c3796d9-09c4-49e1-bc4a-31fe17f3ad78
2d9547bb-cd7c-4039-82b4-3949ed46bc87,336638d5-3508-430b-9825-11bc7e9ec29a
2d9547bb-cd7c-4039-82b4-3949ed46bc87,75c2109e-5a1b-4cdc-8f08-c5fb44338bf3
2d9547bb-cd7c-4039-82b4-3949ed46bc87,7a73cfbe-8ea7-4949-a082-4fa45ba29d05
e1c1ea81-0cf4-44e8-99d7-5691c8286fbc,e3235976-4d34-45e5-b232-f05fa9d9a150
e1c1ea81-0cf4-44e8-99d7-5691c8286fbc,3c3796d9-09c4-49e1-bc4a-31fe17f3ad78
e1c1ea81-0cf4-44e8-99d7-5691c8286fbc,76598767-9edf-4f4c-925b-6da5927b6662
4076f2a8-f4e6-40b9-8839-55c99ffb472d,cc6dbce1-5b61-4903-b5c8-63fac1e09904
4076f2a8-f4e6-40b9-8839-55c99ffb472d,e3235976-4d34-45e5-b232-f05fa9d9a150
4076f2a8-f4e6-40b9-8839-55c99ffb472d,76598767-9edf-4f4c-925b-6da5927b6662
b2a33850-8e39-4d18-bb65-928e3f58f021,cc6dbce1-5b61-4903-b5c8-63fac1e09904
b2a33850-8e39-4d18-bb65-928e3f58f021,e3235976-4d34-45e5-b232-f05fa9d9a150
b2a33850-8e39-4d18-bb65-928e3f58f021,76598767-9edf-4f4c-925b-6da5927b6662
c3a98f28-f012-4f4a-893f-fe5535857e42,cc6dbce1-5b61-4903-b5c8-63fac1e09904
c3a98f28-f012-4f4a-893f-fe5535857e42,e3235976-4d34-45e5-b232-f05fa9d9a150
c3a98f28-f012-4f4a-893f-fe5535857e42,76598767-9edf-4f4c-925b-6da5927b6662
12175fc3-0f2a-47a5-8eb2-e00c0db4eaa2,16816a20-b831-45ba-adce-34acf1a4d892
12175fc3-0f2a-47a5-8eb2-e00c0db4eaa2,15321448-c646-4b08-b6f7-6884c8a4af4f
12175fc3-0f2a-47a5-8eb2-e00c0db4eaa2,9e76bb40-b7c1-44c4-9a77-daa810f139dc
12175fc3-0f2a-47a5-8eb2-e00c0db4eaa2,c32be5bc-1e68-4a4b-a53a-6311b62ecaf8
12175fc3-0f2a-47a5-8eb2-e00c0db4eaa2,bcd12fe7-a354-4098-a184-fbdb74f2f8f4
12175fc3-0f2a-47a5-8eb2-e00c0db4eaa2,bdcd21fa-d93e-44a6-afb3-b7e71d60493c
12175fc3-0f2a-47a5-8eb2-e00c0db4eaa2,76598767-9edf-4f4c-925b-6da5927b6662
9bf3d059-ce37-4846-98a2-28d90fd5dd75,cfa3cdb9-e0c4-49c3-af7a-521e9974a0de
9bf3d059-ce37-4846-98a2-28d90fd5dd75,22766d2e-c370-45a9-8f4d-4b015bbcda2d
06bf8f8d-9b6c-447c-8d9c-697b8eaf04dc,e3235976-4d34-45e5-b232-f05fa9d9a150
06bf8f8d-9b6c-447c-8d9c-697b8eaf04dc,3c3796d9-09c4-49e1-bc4a-31fe17f3ad78
06bf8f8d-9b6c-447c-8d9c-697b8eaf04dc,76598767-9edf-4f4c-925b-6da5927b6662
4d77cff5-50ea-466b-9e12-378f328f76a1,e3235976-4d34-45e5-b232-f05fa9d9a150
4d77cff5-50ea-466b-9e12-378f328f76a1,3c3796d9-09c4-49e1-bc4a-31fe17f3ad78
4d77cff5-50ea-466b-9e12-378f328f76a1,76598767-9edf-4f4c-925b-6da5927b6662
1e4912ec-e457-435a-8f1d-fae1f246f19e,e3235976-4d34-45e5-b232-f05fa9d9a150
1e4912ec-e457-435a-8f1d-fae1f246f19e,3c3796d9-09c4-49e1-bc4a-31fe17f3ad78
1e4912ec-e457-435a-8f1d-fae1f246f19e,76598767-9edf-4f4c-925b-6da5927b6662
c82dc258-7f93-4a66-9fba-7ec24d17ad98,c642fbdb-2fbb-4346-b0e3-14a095ed1654
c82dc258-7f93-4a66-9fba-7ec24d17ad98,7d8b1ed3-6967-4dba-afa0-55f164d26e0b
c82dc258-7f93-4a66-9fba-7ec24d17ad98,78869845-a322-4199-bef7-cd0a5d1c7b1c
c82dc258-7f93-4a66-9fba-7ec24d17ad98,5dc38c57-c79a-4d7a-b653-5d1006fbd3e0
c82dc258-7f93-4a66-9fba-7ec24d17ad98,7f97a1ae-2efd-4529-8408-943e0fd33532
c82dc258-7f93-4a66-9fba-7ec24d17ad98,76598767-9edf-4f4c-925b-6da5927b6662
e9684bf3-f553-4d02-a956-ffed913c7c9a,23e3d977-38ec-470c-bd23-2f15b790692c
e9684bf3-f553-4d02-a956-ffed913c7c9a,8a285e04-b3d9-4f7d-ad28-5517b67bdf43
0abc7ec0-18a8-4daf-8e53-e02be9f4f7c3,c3b08946-112f-49af-94b0-7596c3102714
0abc7ec0-18a8-4daf-8e53-e02be9f4f7c3,cf17377d-c8fd-4648-8889-5bf650f5f4ce
8709494b-08aa-4a38-811f-c43055d00f2c,e3235976-4d34-45e5-b232-f05fa9d9a150
8709494b-08aa-4a38-811f-c43055d00f2c,3c3796d9-09c4-49e1-bc4a-31fe17f3ad78
8709494b-08aa-4a38-811f-c43055d00f2c,76598767-9edf-4f4c-925b-6da5927b6662
53b1f6b2-b29a-44b0-aa36-3e2de7a21791,c642fbdb-2fbb-4346-b0e3-14a095ed1654
53b1f6b2-b29a-44b0-aa36-3e2de7a21791,7d8b1ed3-6967-4dba-afa0-55f164d26e0b
53b1f6b2-b29a-44b0-aa36-3e2de7a21791,78869845-a322-4199-bef7-cd0a5d1c7b1c
53b1f6b2-b29a-44b0-aa36-3e2de7a21791,5dc38c57-c79a-4d7a-b653-5d1006fbd3e0
53b1f6b2-b29a-44b0-aa36-3e2de7a21791,7f97a1ae-2efd-4529-8408-943e0fd33532
53b1f6b2-b29a-44b0-aa36-3e2de7a21791,76598767-9edf-4f4c-925b-6da5927b6662
a20be849-5b4b-4295-804b-3345cea714a9,647185a4-0e05-4345-98e3-8735fcd59fef
a20be849-5b4b-4295-804b-3345cea714a9,1d2347ac-22d1-49b7-99ab-2bc212aa8971
c627264c-1c91-43fb-bb28-c7e2aa7fb842,7096bd97-3238-4ad1-8551-100e68b0a9a3
c627264c-1c91-43fb-bb28-c7e2aa7fb842,901c466b-5411-4a84-90e8-cd620bd8c47e
c627264c-1c91-43fb-bb28-c7e2aa7fb842,51541262-d2f1-4b46-a324-81f20df47064
c627264c-1c91-43fb-bb28-c7e2aa7fb842,9c89b73d-1c5b-46fe-99f7-ecc29403601c
c627264c-1c91-43fb-bb28-c7e2aa7fb842,f11a7079-2c63-4747-b314-3fcdb8989a9c
c627264c-1c91-43fb-bb28-c7e2aa7fb842,eec09fbc-02ef-4b2c-9ad5-e199424fe3dc
c627264c-1c91-43fb-bb28-c7e2aa7fb842,bef1acc9-bfac-42f5-b791-74fdb9637651
c627264c-1c91-43fb-bb28-c7e2aa7fb842,267692c6-3d5a-4e89-8d46-661d7c3b26d8
c627264c-1c91-43fb-bb28-c7e2aa7fb842,60f249e4-9dec-4c5f-8514-254e85baa1c1
c627264c-1c91-43fb-bb28-c7e2aa7fb842,76598767-9edf-4f4c-925b-6da5927b6662
1fff4687-7530-4cb3-b565-9d3e8f5571e3,95418e40-16df-4495-aa58-dc8d3a994dd2
1fff4687-7530-4cb3-b565-9d3e8f5571e3,849e4eee-76f0-4f04-968e-f58935059fa1
617c67a2-9880-49f1-9589-f2fc74a85ac9,647185a4-0e05-4345-98e3-8735fcd59fef
617c67a2-9880-49f1-9589-f2fc74a85ac9,7bf28543-f459-481b-b885-2bfd7833139a
ef78b352-ee37-4b85-8e78-ad766ca14e27,e3235976-4d34-45e5-b232-f05fa9d9a150
ef78b352-ee37-4b85-8e78-ad766ca14e27,3c3796d9-09c4-49e1-bc4a-31fe17f3ad78
ef78b352-ee37-4b85-8e78-ad766ca14e27,76598767-9edf-4f4c-925b-6da5927b6662
6b297b1c-9b93-41d9-a2b8-21b3c90e264d,e3235976-4d34-45e5-b232-f05fa9d9a150
6b297b1c-9b93-41d9-a2b8-21b3c90e264d,3c3796d9-09c4-49e1-bc4a-31fe17f3ad78
6b297b1c-9b93-41d9-a2b8-21b3c90e264d,76598767-9edf-4f4c-925b-6da5927b6662
f9686718-8dc8-432d-a887-970301dd5ccb,e3235976-4d34-45e5-b232-f05fa9d9a150
f9686718-8dc8-432d-a887-970301dd5ccb,3c3796d9-09c4-49e1-bc4a-31fe17f3ad78
f9686718-8dc8-432d-a887-970301dd5ccb,76598767-9edf-4f4c-925b-6da5927b6662
abd7cc20-f407-461e-8e4a-50d9bffb7b83,e3235976-4d34-45e5-b232-f05fa9d9a150
abd7cc20-f407-461e-8e4a-50d9bffb7b83,3c3796d9-09c4-49e1-bc4a-31fe17f3ad78
abd7cc20-f407-461e-8e4a-50d9bffb7b83,76598767-9edf-4f4c-925b-6da5927b6662
b412e7a0-faad-4d6e-9633-b25bc04ff6b2,e3235976-4d34-45e5-b232-f05fa9d9a150
b412e7a0-faad-4d6e-9633-b25bc04ff6b2,3c3796d9-09c4-49e1-bc4a-31fe17f3ad78
b412e7a0-faad-4d6e-9633-b25bc04ff6b2,76598767-9edf-4f4c-925b-6da5927b6662
c066cadf-9c78-4da9-8a2b-ae3b4fcdca26,e3235976-4d34-45e5-b232-f05fa9d9a150
c066cadf-9c78-4da9-8a2b-ae3b4fcdca26,3c3796d9-09c4-49e1-bc4a-31fe17f3ad78
c066cadf-9c78-4da9-8a2b-ae3b4fcdca26,76598767-9edf-4f4c-925b-6da5927b6662
1cffdcf0-b534-45d5-b7d2-ee22c42435e8,e3235976-4d34-45e5-b232-f05fa9d9a150
1cffdcf0-b534-45d5-b7d2-ee22c42435e8,3c3796d9-09c4-49e1-bc4a-31fe17f3ad78
1cffdcf0-b534-45d5-b7d2-ee22c42435e8,76598767-9edf-4f4c-925b-6da5927b6662
79eae6d0-c5fa-4a27-a75e-b9018d841f6c,cc6dbce1-5b61-4903-b5c8-63fac1e09904
79eae6d0-c5fa-4a27-a75e-b9018d841f6c,e3235976-4d34-45e5-b232-f05fa9d9a150
79eae6d0-c5fa-4a27-a75e-b9018d841f6c,76598767-9edf-4f4c-925b-6da5927b6662
f999fde6-6fb6-4c95-86d6-ec3290aa20cf,e3235976-4d34-45e5-b232-f05fa9d9a150
f999fde6-6fb6-4c95-86d6-ec3290aa20cf,3c3796d9-09c4-49e1-bc4a-31fe17f3ad78
f999fde6-6fb6-4c95-86d6-ec3290aa20cf,76598767-9edf-4f4c-925b-6da5927b6662
613a86be-036b-4f4e-bb27-bab2aac224cb,9f867efa-8506-466b-961f-4a8404d1dec0
613a86be-036b-4f4e-bb27-bab2aac224cb,3cad0d2b-d910-4664-8005-a30b0ea36f49
613a86be-036b-4f4e-bb27-bab2aac224cb,bcbcadc7-22da-4f28-a834-88ea152a28f0
613a86be-036b-4f4e-bb27-bab2aac224cb,9a57bf5b-84b9-4960-b069-2303ddb58b24
613a86be-036b-4f4e-bb27-bab2aac224cb,1425f1cc-d0a1-42ec-a877-d7805a280ff3
613a86be-036b-4f4e-bb27-bab2aac224cb,fd4081de-6e54-4b6b-a5d6-c54424d5af6c
613a86be-036b-4f4e-bb27-bab2aac224cb,fb515ebe-2862-4ad7-b892-358b6c13ca0b
613a86be-036b-4f4e-bb27-bab2aac224cb,65e21379-8c0c-442a-9815-214a9b6ecb45
f6931b9d-56c3-4776-a5d5-24bae9a35471,cc6dbce1-5b61-4903-b5c8-63fac1e09904
f6931b9d-56c3-4776-a5d5-24bae9a35471,e3235976-4d34-45e5-b232-f05fa9d9a150
64553835-7cba-497f-9786-764f0dd5ee91,e3235976-4d34-45e5-b232-f05fa9d9a150
64553835-7cba-497f-9786-764f0dd5ee91,3c3796d9-09c4-49e1-bc4a-31fe17f3ad78
64553835-7cba-497f-9786-764f0dd5ee91,76598767-9edf-4f4c-925b-6da5927b6662
d23c2b6f-7155-4f28-8175-7c01a6b1ecb2,1b416096-8a8a-440a-a5e2-17a55d877f68
d23c2b6f-7155-4f28-8175-7c01a6b1ecb2,7d8b1ed3-6967-4dba-afa0-55f164d26e0b
d23c2b6f-7155-4f28-8175-7c01a6b1ecb2,1120dd3e-a5bb-4e9e-8b37-28547f67c015
d23c2b6f-7155-4f28-8175-7c01a6b1ecb2,3edf1123-5124-473d-ae32-1654dd6001ff
d23c2b6f-7155-4f28-8175-7c01a6b1ecb2,510425c1-4b60-447c-8320-231d129dff1d
d23c2b6f-7155-4f28-8175-7c01a6b1ecb2,681a3719-754e-4172-9373-37f9075b2233
2ab90c04-5ec4-4ff2-877e-5d741a50571b,e3235976-4d34-45e5-b232-f05fa9d9a150
2ab90c04-5ec4-4ff2-877e-5d741a50571b,3c3796d9-09c4-49e1-bc4a-31fe17f3ad78
2ab90c04-5ec4-4ff2-877e-5d741a50571b,76598767-9edf-4f4c-925b-6da5927b6662
c1edef28-7823-4f72-b9df-baa53dbf8492,c642fbdb-2fbb-4346-b0e3-14a095ed1654
c1edef28-7823-4f72-b9df-baa53dbf8492,7d8b1ed3-6967-4dba-afa0-55f164d26e0b
c1edef28-7823-4f72-b9df-baa53dbf8492,2bc90c4b-0cac-4d42-8511-adf23d48ff0c
c1edef28-7823-4f72-b9df-baa53dbf8492,f797959d-5a43-4c68-8b51-4b0d989def3c
c1edef28-7823-4f72-b9df-baa53dbf8492,2604acab-8ae4-4afe-8508-e5026faaba18
c1edef28-7823-4f72-b9df-baa53dbf8492,76598767-9edf-4f4c-925b-6da5927b6662
84b7b885-755a-495f-bc8f-c2f0f43c1536,cc6dbce1-5b61-4903-b5c8-63fac1e09904
84b7b885-755a-495f-bc8f-c2f0f43c1536,e3235976-4d34-45e5-b232-f05fa9d9a150
84b7b885-755a-495f-bc8f-c2f0f43c1536,76598767-9edf-4f4c-925b-6da5927b6662
5bd15fca-3479-4613-bd0f-a52a28d04d03,cc6dbce1-5b61-4903-b5c8-63fac1e09904
5bd15fca-3479-4613-bd0f-a52a28d04d03,e3235976-4d34-45e5-b232-f05fa9d9a150
5bd15fca-3479-4613-bd0f-a52a28d04d03,76598767-9edf-4f4c-925b-6da5927b6662
b53aae55-d911-45e2-b05c-95efb7573312,cc6dbce1-5b61-4903-b5c8-63fac1e09904
b53aae55-d911-45e2-b05c-95efb7573312,e3235976-4d34-45e5-b232-f05fa9d9a150
b53aae55-d911-45e2-b05c-95efb7573312,76598767-9edf-4f4c-925b-6da5927b6662
