idGrupoTemaInteres,idTemaInteres
2e9b3360-a476-4956-9bab-7addde933345,37fb68cf-98f2-4d56-a43c-d81e0ad8730d
f01d3e62-11cc-4943-8cae-a1f20ffe0dcd,b6b28390-71b1-47f2-8ca8-1733ae9ecc24
e7cd1d1f-6102-49bf-a9a3-f91b21623c17,1f4b308c-a530-4c85-a2ea-1a5390d45cbf
cee3079b-6e2f-4296-9508-d9508f76352a,1f4b308c-a530-4c85-a2ea-1a5390d45cbf
978b2556-568b-4515-81a5-5e66ebe9e0d7,1f4b308c-a530-4c85-a2ea-1a5390d45cbf
0b8263cf-b841-4d5e-b4bb-bae74fa98692,d7cb1906-f21d-4d99-959c-6dac6a0baeac
3e6ad56e-b6c8-4d85-acf7-15c15b4fdaa5,d7cb1906-f21d-4d99-959c-6dac6a0baeac
8a4ae2b8-88b6-48fc-97ff-533f3f9c0ba7,d7cb1906-f21d-4d99-959c-6dac6a0baeac
840759e6-4b7f-49a1-b94b-79c95e5f9af2,d7cb1906-f21d-4d99-959c-6dac6a0baeac
460e22f1-e6a3-4c4c-95a4-4f08fb912b02,d7cb1906-f21d-4d99-959c-6dac6a0baeac
50f12408-108e-4791-b6e1-9a44231344fc,1f4b308c-a530-4c85-a2ea-1a5390d45cbf
1987b1eb-8679-4f14-9a41-380b8f89c4a1,1f4b308c-a530-4c85-a2ea-1a5390d45cbf
9d7a8cb5-2208-4b18-8eb3-6cb24d88235f,1f4b308c-a530-4c85-a2ea-1a5390d45cbf
a9912a06-d55f-4d89-abf4-9c5ff978b8cd,1f4b308c-a530-4c85-a2ea-1a5390d45cbf
8e406ddf-a360-4ad4-b447-80d6cb987476,1f4b308c-a530-4c85-a2ea-1a5390d45cbf
9b94ada6-af77-4948-b355-1682edac4486,1f4b308c-a530-4c85-a2ea-1a5390d45cbf
451ca5b6-95f1-46ba-af58-b97d0e0bc338,1f4b308c-a530-4c85-a2ea-1a5390d45cbf
04fa6d65-e147-478b-b328-4db7956102e4,1f4b308c-a530-4c85-a2ea-1a5390d45cbf
a6d51997-c22c-4dfd-b1d0-c2bec435bbbc,1f4b308c-a530-4c85-a2ea-1a5390d45cbf
a0038ac8-b0aa-40b8-947d-783016e0dfcd,1f4b308c-a530-4c85-a2ea-1a5390d45cbf
5984b618-b18f-4d7a-9993-4ea46793b8f1,1f4b308c-a530-4c85-a2ea-1a5390d45cbf
db752375-bb60-4e24-b148-902ff33cdd6d,1f4b308c-a530-4c85-a2ea-1a5390d45cbf
5c695171-732a-4a1c-9377-5d084dac404b,1f4b308c-a530-4c85-a2ea-1a5390d45cbf
c7619df7-1287-41c1-ad8d-9d80b6a2c29d,1f4b308c-a530-4c85-a2ea-1a5390d45cbf
3ebb2ef8-466f-4eaf-aec6-3d6f16c54c20,1f4b308c-a530-4c85-a2ea-1a5390d45cbf
69001b63-e414-4796-8e8b-0032b0996484,1f4b308c-a530-4c85-a2ea-1a5390d45cbf
5b70e8d0-8205-4a54-9c4f-899e8621b182,37fb68cf-98f2-4d56-a43c-d81e0ad8730d
45821b19-1382-4e36-b8a3-69ab2458879f,37fb68cf-98f2-4d56-a43c-d81e0ad8730d
e1cfafea-cc4b-4954-a179-d26db9e95c5e,37fb68cf-98f2-4d56-a43c-d81e0ad8730d
08c8c3b2-4f04-49ab-8200-f2902b53bf60,d7cb1906-f21d-4d99-959c-6dac6a0baeac
c461ac9f-908e-4b3b-86f1-6022eedbbe51,d7cb1906-f21d-4d99-959c-6dac6a0baeac
0b328d83-ea5f-49ae-ab35-a8af52f1e2aa,d7cb1906-f21d-4d99-959c-6dac6a0baeac
f656583c-8c33-4146-8bce-424e60cb430f,37fb68cf-98f2-4d56-a43c-d81e0ad8730d
cd614a4e-d0ad-4828-84d3-771aa7e0c7f9,37fb68cf-98f2-4d56-a43c-d81e0ad8730d
85426e5a-cb30-419c-9e7c-c0efe0cd6588,37fb68cf-98f2-4d56-a43c-d81e0ad8730d
4701d4f9-1e47-4413-b1ff-c80ccae7f5d9,37fb68cf-98f2-4d56-a43c-d81e0ad8730d
5a55dda9-9cb3-4518-8201-52c5cb647824,d7cb1906-f21d-4d99-959c-6dac6a0baeac
b798419b-02e0-4edb-afea-4f0a69618b2a,37fb68cf-98f2-4d56-a43c-d81e0ad8730d
03a6476d-9193-4bf4-9f4a-fa45fdb0a5ed,37fb68cf-98f2-4d56-a43c-d81e0ad8730d
39690f33-aa90-426a-afd5-46d60a1ebaf5,37fb68cf-98f2-4d56-a43c-d81e0ad8730d
4ba78432-2667-4444-8da3-7ee992173d84,37fb68cf-98f2-4d56-a43c-d81e0ad8730d
fd646c7c-3493-4295-be7d-172e97eb1e8a,37fb68cf-98f2-4d56-a43c-d81e0ad8730d
41b08259-3b24-4cff-bd16-93c2c8f46fae,37fb68cf-98f2-4d56-a43c-d81e0ad8730d
804f7af3-b336-4cfc-a4e5-ef275e1c094b,37fb68cf-98f2-4d56-a43c-d81e0ad8730d
c9e4b1d4-740c-4def-bfc2-106b51ad55be,37fb68cf-98f2-4d56-a43c-d81e0ad8730d
31695246-e7d2-45f8-8d2d-8aa3b66fdf83,37fb68cf-98f2-4d56-a43c-d81e0ad8730d
a53a65a2-e590-4328-8c91-102976d5a572,37fb68cf-98f2-4d56-a43c-d81e0ad8730d
8b85485b-7ec5-4cd2-a32b-5cb5e8a9ffff,37fb68cf-98f2-4d56-a43c-d81e0ad8730d
26984934-4b22-4714-aeb8-9d6452fdf171,37fb68cf-98f2-4d56-a43c-d81e0ad8730d
1ba0a6aa-cd71-45f9-946f-a7ffa36da30a,37fb68cf-98f2-4d56-a43c-d81e0ad8730d
c3a8a87f-f831-48a5-a365-21866842fddc,37fb68cf-98f2-4d56-a43c-d81e0ad8730d
b6ffd776-671e-4101-bff2-efe223ff6af0,37fb68cf-98f2-4d56-a43c-d81e0ad8730d
a8d1cd35-d949-4871-8d45-d751872457a1,37fb68cf-98f2-4d56-a43c-d81e0ad8730d
31a79590-762b-4294-ad4c-4746bf14b7bc,37fb68cf-98f2-4d56-a43c-d81e0ad8730d
33e0a9f9-a635-475f-bfb4-8aea29c881fc,37fb68cf-98f2-4d56-a43c-d81e0ad8730d
3a55626b-cd7e-4ecd-8e6d-2d59e466ab67,37fb68cf-98f2-4d56-a43c-d81e0ad8730d
18418771-c6ed-4229-8e6a-8526c803a222,37fb68cf-98f2-4d56-a43c-d81e0ad8730d
6616ef2f-fd35-41d3-8435-33c0a163f63b,37fb68cf-98f2-4d56-a43c-d81e0ad8730d
840b010c-08f6-439c-939b-2c4bc711a5eb,37fb68cf-98f2-4d56-a43c-d81e0ad8730d
6120c556-0f0d-4390-8d17-3d6806a47f97,37fb68cf-98f2-4d56-a43c-d81e0ad8730d
6734ad98-c258-45ca-843c-424bb5b68cd8,37fb68cf-98f2-4d56-a43c-d81e0ad8730d
97b50c5e-b278-4aa3-9bca-faf2c2413d01,37fb68cf-98f2-4d56-a43c-d81e0ad8730d
01978d35-2408-41b4-b618-a5942c62d8b6,37fb68cf-98f2-4d56-a43c-d81e0ad8730d
7d26518e-0f9e-4213-85a8-61e869999361,37fb68cf-98f2-4d56-a43c-d81e0ad8730d
7d26518e-0f9e-4213-85a8-61e869999361,d7cb1906-f21d-4d99-959c-6dac6a0baeac
d531aa20-25b1-49ae-8d21-fcf1af8fcb43,37fb68cf-98f2-4d56-a43c-d81e0ad8730d
46ebd73d-bf65-4473-8044-04440a6e2fc2,37fb68cf-98f2-4d56-a43c-d81e0ad8730d
c5e87c8a-3ea4-4b41-ae6b-8f29c06a66ba,37fb68cf-98f2-4d56-a43c-d81e0ad8730d
163cb848-7ce0-4307-bd5a-682601b9fe46,37fb68cf-98f2-4d56-a43c-d81e0ad8730d
1d069574-3eff-402d-be94-6330dd72a141,37fb68cf-98f2-4d56-a43c-d81e0ad8730d
13de5115-2b4b-4912-9c3e-8c2aefa08025,37fb68cf-98f2-4d56-a43c-d81e0ad8730d
329dd8f2-deef-407e-a228-aff87ad08158,37fb68cf-98f2-4d56-a43c-d81e0ad8730d
be40a692-5df8-457c-831f-bf4797c871bf,37fb68cf-98f2-4d56-a43c-d81e0ad8730d
8148d44b-0cf8-4ea1-8a89-406c6b267395,37fb68cf-98f2-4d56-a43c-d81e0ad8730d
f7dfc9e9-3af1-416d-9937-d2733b966849,37fb68cf-98f2-4d56-a43c-d81e0ad8730d
38a5d3d9-a374-431c-a1b5-31038448bd12,37fb68cf-98f2-4d56-a43c-d81e0ad8730d
eefb2093-68a2-48dc-9f4f-384930349971,37fb68cf-98f2-4d56-a43c-d81e0ad8730d
2a4c1acd-130d-486c-a8ad-464f1d76b80f,3a4bb69d-4d37-4eca-9c99-0ab7aac58ecd
2a4c1acd-130d-486c-a8ad-464f1d76b80f,d7cb1906-f21d-4d99-959c-6dac6a0baeac
79297ebd-b728-4ae8-b773-58750cde2cfb,37fb68cf-98f2-4d56-a43c-d81e0ad8730d
f6585cc9-22d7-46a7-a1e1-eccf3f505ec7,37fb68cf-98f2-4d56-a43c-d81e0ad8730d
f6585cc9-22d7-46a7-a1e1-eccf3f505ec7,d7cb1906-f21d-4d99-959c-6dac6a0baeac
a9f54f54-5927-4fcd-aff9-987bd5d07a2c,37fb68cf-98f2-4d56-a43c-d81e0ad8730d
5003face-f8dd-4799-a281-ab32df83b5fa,37fb68cf-98f2-4d56-a43c-d81e0ad8730d
fb038868-00da-4b4a-b96b-41b419cbdba0,37fb68cf-98f2-4d56-a43c-d81e0ad8730d
0221be49-9fea-442a-b910-964bb939da60,37fb68cf-98f2-4d56-a43c-d81e0ad8730d
e810f192-3d04-4c41-8a89-44d5aaa270be,37fb68cf-98f2-4d56-a43c-d81e0ad8730d
d62919cb-9bec-49fd-8785-696bbac51ab6,37fb68cf-98f2-4d56-a43c-d81e0ad8730d
5d1a3f82-1a91-415c-b00e-7cd490818721,37fb68cf-98f2-4d56-a43c-d81e0ad8730d
920760f8-5166-4bbb-9f36-d9dc8469bd2b,fe8a6277-1885-42d0-b3b3-26ddc1d77e3d
46d43f81-4c56-414e-bfb4-7003a509a48a,b6b28390-71b1-47f2-8ca8-1733ae9ecc24
46d43f81-4c56-414e-bfb4-7003a509a48a,d7cb1906-f21d-4d99-959c-6dac6a0baeac
cd8bf4aa-f288-40d4-b316-915f612f7d6d,b6b28390-71b1-47f2-8ca8-1733ae9ecc24
03c6e917-ffe6-4c10-a8a1-fa1e54783356,b6b28390-71b1-47f2-8ca8-1733ae9ecc24
cbaa68fe-313d-47ae-93da-a7834ccc2307,b6b28390-71b1-47f2-8ca8-1733ae9ecc24
1915afad-b812-4184-ad43-9e82aff42d68,b6b28390-71b1-47f2-8ca8-1733ae9ecc24
b4f72abc-32f0-4e7a-9657-4987557bc7af,b6b28390-71b1-47f2-8ca8-1733ae9ecc24
c220b2e7-f246-4e0c-946b-dc74d0b395e9,6c173c04-2abf-4729-86fe-8b90f48fd4af
c220b2e7-f246-4e0c-946b-dc74d0b395e9,3a4bb69d-4d37-4eca-9c99-0ab7aac58ecd
c3b0a8e6-40b9-4959-8949-c6d25c48977a,6c173c04-2abf-4729-86fe-8b90f48fd4af
c3b0a8e6-40b9-4959-8949-c6d25c48977a,3a4bb69d-4d37-4eca-9c99-0ab7aac58ecd
5e9f7803-2c6e-4d53-8c06-a33867611bdb,6c173c04-2abf-4729-86fe-8b90f48fd4af
5e9f7803-2c6e-4d53-8c06-a33867611bdb,3a4bb69d-4d37-4eca-9c99-0ab7aac58ecd
a7fa3e95-0553-44e0-b639-da17f4f99169,d7cb1906-f21d-4d99-959c-6dac6a0baeac
a7fa3e95-0553-44e0-b639-da17f4f99169,3a4bb69d-4d37-4eca-9c99-0ab7aac58ecd
7326fb48-59aa-4678-9e34-3c5cd32d4074,d7cb1906-f21d-4d99-959c-6dac6a0baeac
7326fb48-59aa-4678-9e34-3c5cd32d4074,3a4bb69d-4d37-4eca-9c99-0ab7aac58ecd
5e1d96ca-0887-4d27-a57a-53d4fdf9bc38,d7cb1906-f21d-4d99-959c-6dac6a0baeac
6a5d3fc1-1604-4f26-8a66-cb3aa4cb1913,3a4bb69d-4d37-4eca-9c99-0ab7aac58ecd
6a5d3fc1-1604-4f26-8a66-cb3aa4cb1913,d7cb1906-f21d-4d99-959c-6dac6a0baeac
0bf64a76-42a0-4916-8b51-0e4a971e0a85,3a4bb69d-4d37-4eca-9c99-0ab7aac58ecd
f3b1e4e9-88d8-43c2-bb2b-dd135a7e63cc,3a4bb69d-4d37-4eca-9c99-0ab7aac58ecd
f3b1e4e9-88d8-43c2-bb2b-dd135a7e63cc,d7cb1906-f21d-4d99-959c-6dac6a0baeac
db11b19d-de09-48e7-9cdc-f349efd98974,3a4bb69d-4d37-4eca-9c99-0ab7aac58ecd
db11b19d-de09-48e7-9cdc-f349efd98974,d7cb1906-f21d-4d99-959c-6dac6a0baeac
ea7cb120-5d61-4ab9-97aa-f43ab1e9ddb4,3a4bb69d-4d37-4eca-9c99-0ab7aac58ecd
ea7cb120-5d61-4ab9-97aa-f43ab1e9ddb4,d7cb1906-f21d-4d99-959c-6dac6a0baeac
9dee094c-223a-48cc-bed4-653e72341131,3a4bb69d-4d37-4eca-9c99-0ab7aac58ecd
9717c6af-0c6e-434c-9c71-593b41bd7757,3a4bb69d-4d37-4eca-9c99-0ab7aac58ecd
639096c5-820f-48f3-a5a7-2dbc7614aec0,d7cb1906-f21d-4d99-959c-6dac6a0baeac
52df6504-bc52-4f2d-82b2-93ca725b9c1a,3a4bb69d-4d37-4eca-9c99-0ab7aac58ecd
52df6504-bc52-4f2d-82b2-93ca725b9c1a,d7cb1906-f21d-4d99-959c-6dac6a0baeac
8772174c-b8ca-4e71-940d-4e3b161404d3,3a4bb69d-4d37-4eca-9c99-0ab7aac58ecd
d230c1d1-0dda-4304-b4f8-d118a953932e,d7cb1906-f21d-4d99-959c-6dac6a0baeac
1c76e2d5-62df-44cf-abe2-eae41e60dd31,d7cb1906-f21d-4d99-959c-6dac6a0baeac
1c76e2d5-62df-44cf-abe2-eae41e60dd31,3a4bb69d-4d37-4eca-9c99-0ab7aac58ecd
1a0337c6-2463-4ca5-bf0c-07b1f2dfe513,37fb68cf-98f2-4d56-a43c-d81e0ad8730d
d97356f7-89af-4eca-88ae-7e49595b9dce,3a4bb69d-4d37-4eca-9c99-0ab7aac58ecd
d97356f7-89af-4eca-88ae-7e49595b9dce,d7cb1906-f21d-4d99-959c-6dac6a0baeac
9c1e0ca4-ec64-47f4-bd06-603e4d596164,6c173c04-2abf-4729-86fe-8b90f48fd4af
9c1e0ca4-ec64-47f4-bd06-603e4d596164,3a4bb69d-4d37-4eca-9c99-0ab7aac58ecd
19d881c6-96b6-492c-bb09-2c1dded1261a,6c173c04-2abf-4729-86fe-8b90f48fd4af
19d881c6-96b6-492c-bb09-2c1dded1261a,3a4bb69d-4d37-4eca-9c99-0ab7aac58ecd
89472750-9235-4738-a6ce-4078cb505a5f,6c173c04-2abf-4729-86fe-8b90f48fd4af
89472750-9235-4738-a6ce-4078cb505a5f,3a4bb69d-4d37-4eca-9c99-0ab7aac58ecd
1a0de35a-f734-450d-8113-5568a6c489eb,6c173c04-2abf-4729-86fe-8b90f48fd4af
ea34db8b-61c8-471b-aca5-5d5818851849,6c173c04-2abf-4729-86fe-8b90f48fd4af
3e683522-4e78-4484-b34e-eaca57fb903b,6c173c04-2abf-4729-86fe-8b90f48fd4af
3e683522-4e78-4484-b34e-eaca57fb903b,3a4bb69d-4d37-4eca-9c99-0ab7aac58ecd
ac0779a5-c45a-48ad-a358-854781aa433d,6c173c04-2abf-4729-86fe-8b90f48fd4af
ac0779a5-c45a-48ad-a358-854781aa433d,3a4bb69d-4d37-4eca-9c99-0ab7aac58ecd
a08a9fe7-2d45-4cb4-945d-e5bd7d22633d,6c173c04-2abf-4729-86fe-8b90f48fd4af
a08a9fe7-2d45-4cb4-945d-e5bd7d22633d,3a4bb69d-4d37-4eca-9c99-0ab7aac58ecd
c15de2c4-1721-4e1b-bdc4-ac52e52d3d45,6c173c04-2abf-4729-86fe-8b90f48fd4af
c15de2c4-1721-4e1b-bdc4-ac52e52d3d45,3a4bb69d-4d37-4eca-9c99-0ab7aac58ecd
68e7e463-1044-43ce-b330-25692028faf9,6c173c04-2abf-4729-86fe-8b90f48fd4af
68e7e463-1044-43ce-b330-25692028faf9,3a4bb69d-4d37-4eca-9c99-0ab7aac58ecd
d7fe7a0e-1dd4-4d8f-aeb3-a44bad23af15,37fb68cf-98f2-4d56-a43c-d81e0ad8730d
61db893d-c9ef-4e95-a9f8-d8c2cd462875,d7cb1906-f21d-4d99-959c-6dac6a0baeac
02fa8f75-399e-41ca-9586-725f335d4983,d7cb1906-f21d-4d99-959c-6dac6a0baeac
c7fba4cb-4195-48c3-bd7a-0889620d9e83,eb49982a-3a4a-4c8b-b35d-617cc4b2f49a
570dd7f6-0cef-49f7-a630-771093ab5bae,eb49982a-3a4a-4c8b-b35d-617cc4b2f49a
08b4885c-2c6d-4ae5-a849-42de443a21b8,eb49982a-3a4a-4c8b-b35d-617cc4b2f49a
3b745ecb-0e08-46c1-9789-b83494efc213,d7cb1906-f21d-4d99-959c-6dac6a0baeac
95b21ae9-8b4c-42cd-88a0-65f239ce86aa,37fb68cf-98f2-4d56-a43c-d81e0ad8730d
a9166e32-b38d-4eba-be1d-08edf13fa85a,37fb68cf-98f2-4d56-a43c-d81e0ad8730d
b932918c-d0e7-46f0-8659-055826b856a3,37fb68cf-98f2-4d56-a43c-d81e0ad8730d
330ed793-7a50-4e1e-9834-e081372de58c,37fb68cf-98f2-4d56-a43c-d81e0ad8730d
3df671a6-4242-4010-8472-c3cab5ac9e06,37fb68cf-98f2-4d56-a43c-d81e0ad8730d
b363a360-53b8-476a-b552-c0a672f5bf55,37fb68cf-98f2-4d56-a43c-d81e0ad8730d
89574a98-dd9b-4099-9696-a59135a0c2dc,37fb68cf-98f2-4d56-a43c-d81e0ad8730d
276ce747-8db1-4ca5-8f81-c5baf22822c0,37fb68cf-98f2-4d56-a43c-d81e0ad8730d
016c76e0-6e49-4c51-81a6-037e784c3574,37fb68cf-98f2-4d56-a43c-d81e0ad8730d
984f2410-d15b-4cc2-8ad3-e1780dc6fda2,37fb68cf-98f2-4d56-a43c-d81e0ad8730d
93895432-9e07-4785-92bd-cc1ac22c98cf,eb49982a-3a4a-4c8b-b35d-617cc4b2f49a
e21079db-aa78-4c14-87dd-23e059e7e223,eb49982a-3a4a-4c8b-b35d-617cc4b2f49a
ac33d726-33be-4410-92ed-8581ad9bfd26,eb49982a-3a4a-4c8b-b35d-617cc4b2f49a
c9a2928f-fbf3-4309-8064-3806c5d2d4ae,eb49982a-3a4a-4c8b-b35d-617cc4b2f49a
b3de0f3b-0bfe-4ccc-8bd2-7d425fde7dc7,eb49982a-3a4a-4c8b-b35d-617cc4b2f49a
7f2ce9eb-87e7-4c5a-9bbf-93e26bd62b4e,eb49982a-3a4a-4c8b-b35d-617cc4b2f49a
fb390a05-1e32-4b8f-894e-c2b4b4b4118e,eb49982a-3a4a-4c8b-b35d-617cc4b2f49a
aef883f6-5285-4dff-bdee-32a7386f0edb,eb49982a-3a4a-4c8b-b35d-617cc4b2f49a
3e21923e-7fd7-4953-8a46-21a6d54b021d,37fb68cf-98f2-4d56-a43c-d81e0ad8730d
b0fbf9ee-47bf-435f-b813-3892025f421a,37fb68cf-98f2-4d56-a43c-d81e0ad8730d
52faed11-8fbe-49f7-a6a2-3431ec8a6e64,37fb68cf-98f2-4d56-a43c-d81e0ad8730d
0db177b6-e802-4344-b654-ab692b7c90f4,3a4bb69d-4d37-4eca-9c99-0ab7aac58ecd
d7478432-ae44-4094-938c-6c97dc44bb16,37fb68cf-98f2-4d56-a43c-d81e0ad8730d
049a1520-400c-461b-b8ce-e9508e051834,37fb68cf-98f2-4d56-a43c-d81e0ad8730d
6a3e6fcc-f727-445e-a0f1-700ac4517c92,37fb68cf-98f2-4d56-a43c-d81e0ad8730d
affa4c57-f492-467b-997c-3636ccba962c,37fb68cf-98f2-4d56-a43c-d81e0ad8730d
68373385-b1a2-423c-8ffa-964e0f201018,37fb68cf-98f2-4d56-a43c-d81e0ad8730d
89678423-f31e-42a1-8f46-f90c255cd0d6,37fb68cf-98f2-4d56-a43c-d81e0ad8730d
512a1d93-0bbb-43b0-8692-1ed6f4b442ba,771dffee-e91d-4739-9463-ceb57bae06d0
5018104d-474e-469c-8d6e-cbccf15e057d,3a4bb69d-4d37-4eca-9c99-0ab7aac58ecd
5018104d-474e-469c-8d6e-cbccf15e057d,3a4bb69d-4d37-4eca-9c99-0ab7aac58ecd
52e662e8-9c9a-4e9a-be37-398227a3f835,6c173c04-2abf-4729-86fe-8b90f48fd4af
52e662e8-9c9a-4e9a-be37-398227a3f835,3a4bb69d-4d37-4eca-9c99-0ab7aac58ecd
d0b765f6-8498-43a7-870f-d52706cc736d,6c173c04-2abf-4729-86fe-8b90f48fd4af
d0b765f6-8498-43a7-870f-d52706cc736d,3a4bb69d-4d37-4eca-9c99-0ab7aac58ecd
655060ef-0fe5-40ed-b121-fe6c9df3e209,771dffee-e91d-4739-9463-ceb57bae06d0
11ea2633-6f0e-40d8-a452-816c41117f4f,771dffee-e91d-4739-9463-ceb57bae06d0
53a42bfe-a1e4-430a-839f-41cc05c39cf0,771dffee-e91d-4739-9463-ceb57bae06d0
27750a06-6d6b-4132-8b8b-24a9c3485b28,771dffee-e91d-4739-9463-ceb57bae06d0
e3e587e6-fe99-459d-b020-d001967dbfc7,771dffee-e91d-4739-9463-ceb57bae06d0
83f5f93d-a153-41e7-b404-7d8ec7f5a953,3a4bb69d-4d37-4eca-9c99-0ab7aac58ecd
5900614b-87d7-44ba-bd33-4dc6a69827f1,b6b28390-71b1-47f2-8ca8-1733ae9ecc24
98b6cf55-14ad-4073-9d02-f45caa30eda2,771dffee-e91d-4739-9463-ceb57bae06d0
6fa83251-ca9b-4e88-9793-073a6bc7e570,771dffee-e91d-4739-9463-ceb57bae06d0
5c4c7ce6-ddcc-4383-9737-520d9338bcbc,b6b28390-71b1-47f2-8ca8-1733ae9ecc24
a676fb5a-57f5-4e22-bbd5-f7943727b2ce,771dffee-e91d-4739-9463-ceb57bae06d0
68591a90-b8ab-4ecc-a600-84a5c581d225,eb49982a-3a4a-4c8b-b35d-617cc4b2f49a
68591a90-b8ab-4ecc-a600-84a5c581d225,3a4bb69d-4d37-4eca-9c99-0ab7aac58ecd
bebf376d-feb3-40e1-a9be-d9c7868e9fe2,eb49982a-3a4a-4c8b-b35d-617cc4b2f49a
bebf376d-feb3-40e1-a9be-d9c7868e9fe2,3a4bb69d-4d37-4eca-9c99-0ab7aac58ecd
6f17963d-9fa5-4bf7-a491-4313e2f5e325,eb49982a-3a4a-4c8b-b35d-617cc4b2f49a
821c92fe-f49d-4a2f-bf31-697419912fe7,3a4bb69d-4d37-4eca-9c99-0ab7aac58ecd
baab887a-91f9-4628-adf7-ea4f846d2401,eb49982a-3a4a-4c8b-b35d-617cc4b2f49a
baab887a-91f9-4628-adf7-ea4f846d2401,3a4bb69d-4d37-4eca-9c99-0ab7aac58ecd
f35f5a90-ea90-4e91-a78d-8d2b83e8210c,eb49982a-3a4a-4c8b-b35d-617cc4b2f49a
f35f5a90-ea90-4e91-a78d-8d2b83e8210c,b6b28390-71b1-47f2-8ca8-1733ae9ecc24
f1de1a42-efa7-4ff0-b196-e88368992550,eb49982a-3a4a-4c8b-b35d-617cc4b2f49a
5c5b5101-cdf4-4d69-a356-1785f1147f6f,eb49982a-3a4a-4c8b-b35d-617cc4b2f49a
8206cafd-bf1c-4394-96f8-d2c4baa0b01f,eb49982a-3a4a-4c8b-b35d-617cc4b2f49a
d38929f0-b73a-4ab3-bd47-d31a5319356b,eb49982a-3a4a-4c8b-b35d-617cc4b2f49a
d5cc6397-810c-4f22-9110-f8349bc385ff,eb49982a-3a4a-4c8b-b35d-617cc4b2f49a
5340b7b4-8e88-4c90-a65f-a79d2cf6bd58,eb49982a-3a4a-4c8b-b35d-617cc4b2f49a
0d62de4d-d5e6-41db-b093-7c591a345ebd,b6b28390-71b1-47f2-8ca8-1733ae9ecc24
0d62de4d-d5e6-41db-b093-7c591a345ebd,eb49982a-3a4a-4c8b-b35d-617cc4b2f49a
da0564a7-72ed-4379-baf9-e6459eb665ac,eb49982a-3a4a-4c8b-b35d-617cc4b2f49a
ca68584e-8f64-45b1-ad78-0dc4938f716b,eb49982a-3a4a-4c8b-b35d-617cc4b2f49a
aea1c766-c03e-45c4-bd84-9c3b7ce488c7,eb49982a-3a4a-4c8b-b35d-617cc4b2f49a
b7ef49fa-a1df-4a9b-bdfd-688f6e3af5e0,eb49982a-3a4a-4c8b-b35d-617cc4b2f49a
9ff9153a-4d5e-439d-b272-f1260b373872,eb49982a-3a4a-4c8b-b35d-617cc4b2f49a
a5507e31-cf54-4898-a84d-dfde29ea5bf7,eb49982a-3a4a-4c8b-b35d-617cc4b2f49a
3570b062-d26c-45b6-96e4-4e630767e9a8,eb49982a-3a4a-4c8b-b35d-617cc4b2f49a
ed59f9ec-bf07-4be5-a728-ad867f718491,eb49982a-3a4a-4c8b-b35d-617cc4b2f49a
56091618-a0e6-4efb-90bf-98a16e329af7,eb49982a-3a4a-4c8b-b35d-617cc4b2f49a
2b760856-598b-4c9c-8225-3b75ebc63d3a,eb49982a-3a4a-4c8b-b35d-617cc4b2f49a
840e2c2f-285d-4487-8095-2c475dc3558d,eb49982a-3a4a-4c8b-b35d-617cc4b2f49a
85a512a9-c856-404e-bcbe-64aee5ce6648,eb49982a-3a4a-4c8b-b35d-617cc4b2f49a
b0152787-1e09-4f1c-9b45-b2e2c8045192,eb49982a-3a4a-4c8b-b35d-617cc4b2f49a
899d2513-7878-404f-a538-ca5de37211ad,eb49982a-3a4a-4c8b-b35d-617cc4b2f49a
a1533347-0512-4e23-850e-dfafad5fe986,eb49982a-3a4a-4c8b-b35d-617cc4b2f49a
754b244d-9c16-4892-8d3a-8ff19768af4c,eb49982a-3a4a-4c8b-b35d-617cc4b2f49a
cc27c574-e576-48c8-a0a3-ed704b66cbde,eb49982a-3a4a-4c8b-b35d-617cc4b2f49a
6298a2cd-eda0-43aa-b8f8-53131e4426c9,eb49982a-3a4a-4c8b-b35d-617cc4b2f49a
c816c858-41a9-4842-8801-4b1d0e4f7ba9,eb49982a-3a4a-4c8b-b35d-617cc4b2f49a
fe2118a1-a9e7-4c51-8bcf-d0d76a1dccb3,eb49982a-3a4a-4c8b-b35d-617cc4b2f49a
e8acf265-b217-4f77-b874-5359f811b92e,eb49982a-3a4a-4c8b-b35d-617cc4b2f49a
5caf7e77-acf1-4fb3-ac54-4a48aa398800,eb49982a-3a4a-4c8b-b35d-617cc4b2f49a
da43d9f7-0146-490a-9375-a58863f1363f,eb49982a-3a4a-4c8b-b35d-617cc4b2f49a
979e1d65-863d-42f6-8568-f9f7a492a10b,37fb68cf-98f2-4d56-a43c-d81e0ad8730d
0cee57d6-a19d-4a33-aedb-93a8581e8129,eb49982a-3a4a-4c8b-b35d-617cc4b2f49a
0cee57d6-a19d-4a33-aedb-93a8581e8129,d7cb1906-f21d-4d99-959c-6dac6a0baeac
6f4a740f-bc60-4d71-83f0-d843972675b8,eb49982a-3a4a-4c8b-b35d-617cc4b2f49a
7df86a0f-6aa5-4dee-8161-9f705e3ff391,eb49982a-3a4a-4c8b-b35d-617cc4b2f49a
9d046458-6585-4c6b-bae6-8395000ec9ef,eb49982a-3a4a-4c8b-b35d-617cc4b2f49a
e1fba44a-3c56-41ad-99f2-77fa6e2474c7,eb49982a-3a4a-4c8b-b35d-617cc4b2f49a
0953a9d6-0fa5-4705-ba47-3829582470ee,eb49982a-3a4a-4c8b-b35d-617cc4b2f49a
7f853564-4896-41f5-a375-84c7e00a7276,6c173c04-2abf-4729-86fe-8b90f48fd4af
7f853564-4896-41f5-a375-84c7e00a7276,3a4bb69d-4d37-4eca-9c99-0ab7aac58ecd
24e7cb19-c657-4815-81c2-e681d75bab8a,eb49982a-3a4a-4c8b-b35d-617cc4b2f49a
feca7b78-d4ca-4149-9a15-6920faad4611,eb49982a-3a4a-4c8b-b35d-617cc4b2f49a
71897905-9389-4ab6-8693-11efb60cd891,eb49982a-3a4a-4c8b-b35d-617cc4b2f49a
b403e0e5-90a9-4fe1-9802-76b6e0fccf42,3a4bb69d-4d37-4eca-9c99-0ab7aac58ecd
6ceb4b06-72dd-4956-952c-33ad1a8a015f,b6b28390-71b1-47f2-8ca8-1733ae9ecc24
6ceb4b06-72dd-4956-952c-33ad1a8a015f,b6b28390-71b1-47f2-8ca8-1733ae9ecc24
8b3caaa1-9ca1-4b55-8146-9f3c25287857,eb49982a-3a4a-4c8b-b35d-617cc4b2f49a
3b70602b-71da-4cfb-896a-01e43b04ad21,eb49982a-3a4a-4c8b-b35d-617cc4b2f49a
8212db06-0f7a-40d1-9cab-9f9946b342b5,eb49982a-3a4a-4c8b-b35d-617cc4b2f49a
8212db06-0f7a-40d1-9cab-9f9946b342b5,37fb68cf-98f2-4d56-a43c-d81e0ad8730d
736e571f-e486-450c-b9ad-e507545ce0d0,eb49982a-3a4a-4c8b-b35d-617cc4b2f49a
9cea7d9c-396b-491f-8a95-d1d8c0a97102,eb49982a-3a4a-4c8b-b35d-617cc4b2f49a
36a53b5d-a1bf-43c5-a58f-df3264734774,eb49982a-3a4a-4c8b-b35d-617cc4b2f49a
f4176dac-ec59-40d9-9527-da0539f9d9c1,eb49982a-3a4a-4c8b-b35d-617cc4b2f49a
3fd15920-0ec8-497a-8344-ee391faab8ab,eb49982a-3a4a-4c8b-b35d-617cc4b2f49a
3fd15920-0ec8-497a-8344-ee391faab8ab,d7cb1906-f21d-4d99-959c-6dac6a0baeac
d240ac7a-e683-41b9-9668-7dab4b670337,eb49982a-3a4a-4c8b-b35d-617cc4b2f49a
d240ac7a-e683-41b9-9668-7dab4b670337,d7cb1906-f21d-4d99-959c-6dac6a0baeac
65eb628d-cf5c-44aa-b7b2-cc21431e248e,3a4bb69d-4d37-4eca-9c99-0ab7aac58ecd
65eb628d-cf5c-44aa-b7b2-cc21431e248e,d7cb1906-f21d-4d99-959c-6dac6a0baeac
b6383acc-86bc-4014-870d-4ced312776c4,b6b28390-71b1-47f2-8ca8-1733ae9ecc24
25781a9e-2058-4ae6-8f10-88741c356517,b6b28390-71b1-47f2-8ca8-1733ae9ecc24
d0440843-a311-490c-8ec9-bcfdf47317cc,b6b28390-71b1-47f2-8ca8-1733ae9ecc24
d0440843-a311-490c-8ec9-bcfdf47317cc,d7cb1906-f21d-4d99-959c-6dac6a0baeac
5a185a4d-27ad-4d4a-a9e4-682f35842571,b6b28390-71b1-47f2-8ca8-1733ae9ecc24
5a185a4d-27ad-4d4a-a9e4-682f35842571,d7cb1906-f21d-4d99-959c-6dac6a0baeac
7219dc64-3f19-44cc-959b-1aba71b771b7,b6b28390-71b1-47f2-8ca8-1733ae9ecc24
7219dc64-3f19-44cc-959b-1aba71b771b7,d7cb1906-f21d-4d99-959c-6dac6a0baeac
e42a958b-d65a-43ae-9ab0-56d7d10ef220,b6b28390-71b1-47f2-8ca8-1733ae9ecc24
e42a958b-d65a-43ae-9ab0-56d7d10ef220,d7cb1906-f21d-4d99-959c-6dac6a0baeac
fec57200-3dc8-42e9-8f31-5cbfdf59cc90,b6b28390-71b1-47f2-8ca8-1733ae9ecc24
fec57200-3dc8-42e9-8f31-5cbfdf59cc90,d7cb1906-f21d-4d99-959c-6dac6a0baeac
5da29307-e1d8-49e5-bc5a-d66917311898,b6b28390-71b1-47f2-8ca8-1733ae9ecc24
5da29307-e1d8-49e5-bc5a-d66917311898,d7cb1906-f21d-4d99-959c-6dac6a0baeac
9ca31f46-fe2b-421e-8c89-ad9c4c2faf4d,b6b28390-71b1-47f2-8ca8-1733ae9ecc24
9ca31f46-fe2b-421e-8c89-ad9c4c2faf4d,d7cb1906-f21d-4d99-959c-6dac6a0baeac
b196c057-73fb-48e3-8327-ee4054414a6b,771dffee-e91d-4739-9463-ceb57bae06d0
b196c057-73fb-48e3-8327-ee4054414a6b,6c173c04-2abf-4729-86fe-8b90f48fd4af
c4ee755c-3fef-4709-969e-41b7baa7bcf6,771dffee-e91d-4739-9463-ceb57bae06d0
c4ee755c-3fef-4709-969e-41b7baa7bcf6,fe8a6277-1885-42d0-b3b3-26ddc1d77e3d
3f85e6f1-a8e9-4f3b-b80e-d8b09b8f2e3c,771dffee-e91d-4739-9463-ceb57bae06d0
3f85e6f1-a8e9-4f3b-b80e-d8b09b8f2e3c,6c173c04-2abf-4729-86fe-8b90f48fd4af
51bf15b1-29f0-4fa5-b8cf-dd60c8befa7d,b6b28390-71b1-47f2-8ca8-1733ae9ecc24
51bf15b1-29f0-4fa5-b8cf-dd60c8befa7d,d7cb1906-f21d-4d99-959c-6dac6a0baeac
fb563fca-b4c8-4cc3-a66c-982c2697c998,d7cb1906-f21d-4d99-959c-6dac6a0baeac
8127327c-2ae1-43d8-ab6a-992b1a672ea1,771dffee-e91d-4739-9463-ceb57bae06d0
96c1bf56-ddb2-418f-9b38-4c76f84e5c8f,771dffee-e91d-4739-9463-ceb57bae06d0
978fabd8-d55f-4531-b302-06f98dfbe883,37fb68cf-98f2-4d56-a43c-d81e0ad8730d
2689399c-e0cf-444c-a423-4d3a320987e0,771dffee-e91d-4739-9463-ceb57bae06d0
2689399c-e0cf-444c-a423-4d3a320987e0,37fb68cf-98f2-4d56-a43c-d81e0ad8730d
6510c5a9-a745-4880-971f-ed980b0b81ba,d7cb1906-f21d-4d99-959c-6dac6a0baeac
15a0604f-b6e6-467b-9761-8604a0efacae,771dffee-e91d-4739-9463-ceb57bae06d0
5a53fb93-08cf-4e1e-bb56-85677fe36584,771dffee-e91d-4739-9463-ceb57bae06d0
a65d2352-7497-41b7-8aea-1ce2bd020ab6,37fb68cf-98f2-4d56-a43c-d81e0ad8730d
71acf413-e064-47cc-87c9-ce822f3fad6c,d7cb1906-f21d-4d99-959c-6dac6a0baeac
4091f113-3419-4122-917b-c41115df6958,eb49982a-3a4a-4c8b-b35d-617cc4b2f49a
1363332d-3b24-4ae7-a948-d00044fc94f9,771dffee-e91d-4739-9463-ceb57bae06d0
1363332d-3b24-4ae7-a948-d00044fc94f9,37fb68cf-98f2-4d56-a43c-d81e0ad8730d
65b9082e-bd8e-4f0f-85f8-b5db0a786055,d7cb1906-f21d-4d99-959c-6dac6a0baeac
1d9bcd00-5579-47b5-a07a-a29107df3471,37fb68cf-98f2-4d56-a43c-d81e0ad8730d
e729cf99-a11f-48e9-aabf-c03b551e9d73,6c173c04-2abf-4729-86fe-8b90f48fd4af
ed4a7069-1d39-47e4-8132-a354254261ff,6c173c04-2abf-4729-86fe-8b90f48fd4af
e43df6d0-9996-4374-9957-30f26daa775e,d7cb1906-f21d-4d99-959c-6dac6a0baeac
b43303d2-b671-4681-8c5f-a76bd9497c1c,d7cb1906-f21d-4d99-959c-6dac6a0baeac
8c055d4e-27d8-42d7-8af1-b31711c71990,d7cb1906-f21d-4d99-959c-6dac6a0baeac
5364f39a-c1b8-49c8-9ddc-aaccaaa1b0c6,d7cb1906-f21d-4d99-959c-6dac6a0baeac
5364f39a-c1b8-49c8-9ddc-aaccaaa1b0c6,771dffee-e91d-4739-9463-ceb57bae06d0
3acf041b-869a-4b14-800d-210def8f214e,d7cb1906-f21d-4d99-959c-6dac6a0baeac
2b70c553-9991-41a6-8974-87a52c883f72,3a4bb69d-4d37-4eca-9c99-0ab7aac58ecd
81cdd22b-4292-45e4-a218-18aafe417e8d,1f4b308c-a530-4c85-a2ea-1a5390d45cbf
4c50f1b3-f3bc-4a87-8936-76b554ae1d49,eb49982a-3a4a-4c8b-b35d-617cc4b2f49a
d0a10feb-a4bb-46f1-a6f9-35eedbb60bef,eb49982a-3a4a-4c8b-b35d-617cc4b2f49a
cf4f2def-8fde-4f0c-9d05-385816df0437,eb49982a-3a4a-4c8b-b35d-617cc4b2f49a
8877e8f5-6b8f-4053-8741-3957e5e6b04c,3a4bb69d-4d37-4eca-9c99-0ab7aac58ecd
1e540efa-3cf2-4e40-8e07-400686e1a5c7,3a4bb69d-4d37-4eca-9c99-0ab7aac58ecd
c0b12104-28af-46e6-b9a8-e4aed59860ed,3a4bb69d-4d37-4eca-9c99-0ab7aac58ecd
47c41d68-76b9-4aa1-a948-cd64537f052f,b6b28390-71b1-47f2-8ca8-1733ae9ecc24
f0ad504e-2afd-47b2-9465-9807640c2dc9,b6b28390-71b1-47f2-8ca8-1733ae9ecc24
a83e8be7-ecb9-4b35-b8f5-3d4b2b0aad8a,b6b28390-71b1-47f2-8ca8-1733ae9ecc24
a83e8be7-ecb9-4b35-b8f5-3d4b2b0aad8a,d7cb1906-f21d-4d99-959c-6dac6a0baeac
5a746104-5251-497c-8335-12a35e029fdb,b6b28390-71b1-47f2-8ca8-1733ae9ecc24
5a746104-5251-497c-8335-12a35e029fdb,d7cb1906-f21d-4d99-959c-6dac6a0baeac
b95bd0fc-7569-43fa-a992-c962df7e851b,b6b28390-71b1-47f2-8ca8-1733ae9ecc24
b95bd0fc-7569-43fa-a992-c962df7e851b,d7cb1906-f21d-4d99-959c-6dac6a0baeac
bbb8e55c-7eee-4fce-89cd-cb98ce93cd93,b6b28390-71b1-47f2-8ca8-1733ae9ecc24
bbb8e55c-7eee-4fce-89cd-cb98ce93cd93,d7cb1906-f21d-4d99-959c-6dac6a0baeac
f3d94d0b-3d23-4afc-b19c-ca0e93e764a0,b6b28390-71b1-47f2-8ca8-1733ae9ecc24
8d82a650-21af-48ca-81b9-742c88820eb1,b6b28390-71b1-47f2-8ca8-1733ae9ecc24
8d82a650-21af-48ca-81b9-742c88820eb1,d7cb1906-f21d-4d99-959c-6dac6a0baeac
052490a7-a964-44a6-954e-7ee09a918372,b6b28390-71b1-47f2-8ca8-1733ae9ecc24
052490a7-a964-44a6-954e-7ee09a918372,d7cb1906-f21d-4d99-959c-6dac6a0baeac
40db7fb6-5aab-49c1-85fe-958bdcca99ca,b6b28390-71b1-47f2-8ca8-1733ae9ecc24
40db7fb6-5aab-49c1-85fe-958bdcca99ca,d7cb1906-f21d-4d99-959c-6dac6a0baeac
e010a527-ba2a-480d-be5b-caa5d1362241,b6b28390-71b1-47f2-8ca8-1733ae9ecc24
e010a527-ba2a-480d-be5b-caa5d1362241,d7cb1906-f21d-4d99-959c-6dac6a0baeac
7121df4a-78d9-45c6-832d-9d077229e05b,6c173c04-2abf-4729-86fe-8b90f48fd4af
d6eb0500-fc0b-45f2-8938-feaaf9a1e848,b6b28390-71b1-47f2-8ca8-1733ae9ecc24
2bd4ee32-bc8d-46ec-8063-94ac650e0979,b6b28390-71b1-47f2-8ca8-1733ae9ecc24
2bd4ee32-bc8d-46ec-8063-94ac650e0979,d7cb1906-f21d-4d99-959c-6dac6a0baeac
513ecbfa-fd84-407c-b4f9-bb30fb706760,b6b28390-71b1-47f2-8ca8-1733ae9ecc24
03538dfb-c34b-455a-88b7-67e021281127,6c173c04-2abf-4729-86fe-8b90f48fd4af
b5bf20d0-dc9c-4d00-b132-abaa35922a69,6c173c04-2abf-4729-86fe-8b90f48fd4af
5bd6bf52-8237-4bb2-bb7c-0f94aa217f97,6c173c04-2abf-4729-86fe-8b90f48fd4af
c6ab8c40-a5d9-4805-9f3a-b99fcb911da5,b6b28390-71b1-47f2-8ca8-1733ae9ecc24
c6ab8c40-a5d9-4805-9f3a-b99fcb911da5,d7cb1906-f21d-4d99-959c-6dac6a0baeac
ff21b7dd-1bda-4cb3-9d5b-09a872d7ffb1,1f4b308c-a530-4c85-a2ea-1a5390d45cbf
d5b27243-ec52-4426-9f4d-1c308a6ef2f7,1f4b308c-a530-4c85-a2ea-1a5390d45cbf
ec5b0d6a-52df-4229-b7d5-92b90f1b99b3,1f4b308c-a530-4c85-a2ea-1a5390d45cbf
c77ab2ca-085e-44a2-867e-b1e60d4a2383,771dffee-e91d-4739-9463-ceb57bae06d0
c77ab2ca-085e-44a2-867e-b1e60d4a2383,eb49982a-3a4a-4c8b-b35d-617cc4b2f49a
1828d70c-6da2-48d3-9f98-7725998fd9d6,771dffee-e91d-4739-9463-ceb57bae06d0
1828d70c-6da2-48d3-9f98-7725998fd9d6,d7cb1906-f21d-4d99-959c-6dac6a0baeac
4b52d574-3ea5-4e68-ac8d-108e3b36cf9d,771dffee-e91d-4739-9463-ceb57bae06d0
1d5e000d-11e0-4368-af5b-53acb139dd63,771dffee-e91d-4739-9463-ceb57bae06d0
1d5e000d-11e0-4368-af5b-53acb139dd63,37fb68cf-98f2-4d56-a43c-d81e0ad8730d
99bc375d-da43-4ed6-b1e9-a1e66f9ccbc4,771dffee-e91d-4739-9463-ceb57bae06d0
99bc375d-da43-4ed6-b1e9-a1e66f9ccbc4,37fb68cf-98f2-4d56-a43c-d81e0ad8730d
fdaef77b-3327-4827-a2dd-5d10c06c1217,771dffee-e91d-4739-9463-ceb57bae06d0
d43aecaa-11ea-467a-97ed-80a410947daa,771dffee-e91d-4739-9463-ceb57bae06d0
12d4b90c-66fb-4576-b20b-bd6c42d60569,771dffee-e91d-4739-9463-ceb57bae06d0
0e6ada88-6d82-4386-8c73-57630755cf97,771dffee-e91d-4739-9463-ceb57bae06d0
0e6ada88-6d82-4386-8c73-57630755cf97,d7cb1906-f21d-4d99-959c-6dac6a0baeac
cfd56019-1efc-4a5d-b5a4-9c721d2183ad,37fb68cf-98f2-4d56-a43c-d81e0ad8730d
9223a018-34b5-4414-a4b7-0290f13b7cb3,37fb68cf-98f2-4d56-a43c-d81e0ad8730d
2bb3bd45-2c81-44d5-8bb6-f1328142a8ff,37fb68cf-98f2-4d56-a43c-d81e0ad8730d
a493d33a-f009-4c73-874c-c76169cf2b1c,920bbea6-9a10-4a06-bc58-895f0160ef62
a493d33a-f009-4c73-874c-c76169cf2b1c,3a4bb69d-4d37-4eca-9c99-0ab7aac58ecd
c1c51cfa-f5d9-43e0-b544-f3b6329b7be4,37fb68cf-98f2-4d56-a43c-d81e0ad8730d
28812037-e1ee-4939-b4b3-1152c4b54a3e,37fb68cf-98f2-4d56-a43c-d81e0ad8730d
6513df17-d657-4edd-a997-ecbb27c2c149,37fb68cf-98f2-4d56-a43c-d81e0ad8730d
e1db0286-bc17-469d-b952-a55f2aaae634,37fb68cf-98f2-4d56-a43c-d81e0ad8730d
86ca5887-b330-43ce-abcf-990fda4a1d96,37fb68cf-98f2-4d56-a43c-d81e0ad8730d
32d373fd-21d3-460e-816b-3c375fb3a8f2,37fb68cf-98f2-4d56-a43c-d81e0ad8730d
ada66f5d-e725-4865-8b9f-6bf648d931f9,37fb68cf-98f2-4d56-a43c-d81e0ad8730d
af4b4537-d7b4-4546-a097-82ab55ad831d,37fb68cf-98f2-4d56-a43c-d81e0ad8730d
bc3de4e7-9460-4aef-9c47-685d0b45120a,37fb68cf-98f2-4d56-a43c-d81e0ad8730d
2949ebdb-d165-4c52-aa2d-20f95abb9cba,37fb68cf-98f2-4d56-a43c-d81e0ad8730d
777389bd-1f29-43c4-ae84-0fc85a1c4240,37fb68cf-98f2-4d56-a43c-d81e0ad8730d
777389bd-1f29-43c4-ae84-0fc85a1c4240,920bbea6-9a10-4a06-bc58-895f0160ef62
572a2bd8-1378-4055-9a68-6a8505a5bf7a,37fb68cf-98f2-4d56-a43c-d81e0ad8730d
572a2bd8-1378-4055-9a68-6a8505a5bf7a,920bbea6-9a10-4a06-bc58-895f0160ef62
4a6bad99-b006-4582-9f89-95b2bbdd2627,37fb68cf-98f2-4d56-a43c-d81e0ad8730d
8f325b30-27a8-444c-bd8b-f0a969056b15,37fb68cf-98f2-4d56-a43c-d81e0ad8730d
270c40d2-2502-470b-bcd7-9b121964fa12,37fb68cf-98f2-4d56-a43c-d81e0ad8730d
fd58c939-6bd6-4722-b7b3-f8d0733212b4,920bbea6-9a10-4a06-bc58-895f0160ef62
fd58c939-6bd6-4722-b7b3-f8d0733212b4,d7cb1906-f21d-4d99-959c-6dac6a0baeac
6778a937-6998-4c7c-a92b-22345bbdbd8e,6c173c04-2abf-4729-86fe-8b90f48fd4af
6778a937-6998-4c7c-a92b-22345bbdbd8e,3a4bb69d-4d37-4eca-9c99-0ab7aac58ecd
356ea5da-acb9-4f89-85c5-2d43688f7bb0,920bbea6-9a10-4a06-bc58-895f0160ef62
fa26a427-841b-4011-9724-15cec9bb0518,920bbea6-9a10-4a06-bc58-895f0160ef62
9b913337-e29c-4a91-b65c-01daaa90ceb8,920bbea6-9a10-4a06-bc58-895f0160ef62
cecab521-ad45-4e5a-b691-2f5510d33ad8,37fb68cf-98f2-4d56-a43c-d81e0ad8730d
cecab521-ad45-4e5a-b691-2f5510d33ad8,d7cb1906-f21d-4d99-959c-6dac6a0baeac
b0e203a6-e323-4184-bf7a-5e1be699fe51,37fb68cf-98f2-4d56-a43c-d81e0ad8730d
b0e203a6-e323-4184-bf7a-5e1be699fe51,d7cb1906-f21d-4d99-959c-6dac6a0baeac
a214c834-9c10-4c66-848b-731707a828bd,37fb68cf-98f2-4d56-a43c-d81e0ad8730d
a214c834-9c10-4c66-848b-731707a828bd,d7cb1906-f21d-4d99-959c-6dac6a0baeac
b311e2ed-90af-40c6-b272-9bae6c77bbe2,d7cb1906-f21d-4d99-959c-6dac6a0baeac
b311e2ed-90af-40c6-b272-9bae6c77bbe2,b6b28390-71b1-47f2-8ca8-1733ae9ecc24
377e5037-9a8e-4f1b-8322-8194c7a0c415,d7cb1906-f21d-4d99-959c-6dac6a0baeac
377e5037-9a8e-4f1b-8322-8194c7a0c415,b6b28390-71b1-47f2-8ca8-1733ae9ecc24
d2ed03ef-ce9d-49d8-a8e3-738f8caa967a,d7cb1906-f21d-4d99-959c-6dac6a0baeac
d2ed03ef-ce9d-49d8-a8e3-738f8caa967a,b6b28390-71b1-47f2-8ca8-1733ae9ecc24
e84ae09f-aaff-4e1d-8c6b-d3566cc83618,1f4b308c-a530-4c85-a2ea-1a5390d45cbf
f6535e50-5f8d-4cc1-aa8c-d07aca545825,eb49982a-3a4a-4c8b-b35d-617cc4b2f49a
fab42040-99e8-4519-8c7e-a4db5bfb75b0,eb49982a-3a4a-4c8b-b35d-617cc4b2f49a
9ddee92b-6f13-4c47-8738-d194c2fd7f6f,eb49982a-3a4a-4c8b-b35d-617cc4b2f49a
9ddee92b-6f13-4c47-8738-d194c2fd7f6f,d7cb1906-f21d-4d99-959c-6dac6a0baeac
06bbff99-cf9c-4270-b084-14adf462435c,eb49982a-3a4a-4c8b-b35d-617cc4b2f49a
06bbff99-cf9c-4270-b084-14adf462435c,d7cb1906-f21d-4d99-959c-6dac6a0baeac
500a1891-b347-43aa-bc48-6b76536249b5,eb49982a-3a4a-4c8b-b35d-617cc4b2f49a
25ec66b1-382e-4828-8d1c-9f84a862ade5,eb49982a-3a4a-4c8b-b35d-617cc4b2f49a
546bcc28-6d80-4804-865b-25e3e6de38a3,3a4bb69d-4d37-4eca-9c99-0ab7aac58ecd
546bcc28-6d80-4804-865b-25e3e6de38a3,d7cb1906-f21d-4d99-959c-6dac6a0baeac
e014ef64-1283-436f-8c8a-b36a3720b7fa,3a4bb69d-4d37-4eca-9c99-0ab7aac58ecd
e014ef64-1283-436f-8c8a-b36a3720b7fa,d7cb1906-f21d-4d99-959c-6dac6a0baeac
7fface9d-e662-46a8-9484-6a80e94ad005,b6b28390-71b1-47f2-8ca8-1733ae9ecc24
22195c29-d3b4-4636-ae57-d6cca1b72fce,b6b28390-71b1-47f2-8ca8-1733ae9ecc24
16528b38-1f09-4de9-95f7-5655ef4fba57,b6b28390-71b1-47f2-8ca8-1733ae9ecc24
16528b38-1f09-4de9-95f7-5655ef4fba57,d7cb1906-f21d-4d99-959c-6dac6a0baeac
73197a60-12b3-4496-bb16-ee17125e8ec9,b6b28390-71b1-47f2-8ca8-1733ae9ecc24
73197a60-12b3-4496-bb16-ee17125e8ec9,d7cb1906-f21d-4d99-959c-6dac6a0baeac
e8de1f1b-bcd6-4cfc-ac9e-ee2b6c0e32d0,b6b28390-71b1-47f2-8ca8-1733ae9ecc24
e8de1f1b-bcd6-4cfc-ac9e-ee2b6c0e32d0,d7cb1906-f21d-4d99-959c-6dac6a0baeac
f0754ad5-3d82-433d-b407-9868fc601dcb,b6b28390-71b1-47f2-8ca8-1733ae9ecc24
f0754ad5-3d82-433d-b407-9868fc601dcb,d7cb1906-f21d-4d99-959c-6dac6a0baeac
d28edbfc-c7a6-48da-ae1f-805119f44564,b6b28390-71b1-47f2-8ca8-1733ae9ecc24
d28edbfc-c7a6-48da-ae1f-805119f44564,d7cb1906-f21d-4d99-959c-6dac6a0baeac
a18eb29f-11bc-4cb9-b724-080cf5e95310,b6b28390-71b1-47f2-8ca8-1733ae9ecc24
a18eb29f-11bc-4cb9-b724-080cf5e95310,d7cb1906-f21d-4d99-959c-6dac6a0baeac
2916a76f-c0f2-404f-8cee-12525054474f,b6b28390-71b1-47f2-8ca8-1733ae9ecc24
672d0842-6380-4525-b697-2b2a03a72bd5,6c173c04-2abf-4729-86fe-8b90f48fd4af
0e22520b-b99a-49c5-b43d-17765e731a5a,6c173c04-2abf-4729-86fe-8b90f48fd4af
51a7f75b-1269-4e60-8af9-e2e68b8395f4,6c173c04-2abf-4729-86fe-8b90f48fd4af
a471707a-c972-44db-a792-f35bdcc72937,771dffee-e91d-4739-9463-ceb57bae06d0
a471707a-c972-44db-a792-f35bdcc72937,37fb68cf-98f2-4d56-a43c-d81e0ad8730d
1adb92c0-ea4d-48b1-9b4b-3d1fc836e1f1,771dffee-e91d-4739-9463-ceb57bae06d0
1adb92c0-ea4d-48b1-9b4b-3d1fc836e1f1,37fb68cf-98f2-4d56-a43c-d81e0ad8730d
8eea275b-93e2-4323-81bc-8a66c906070b,771dffee-e91d-4739-9463-ceb57bae06d0
8eea275b-93e2-4323-81bc-8a66c906070b,37fb68cf-98f2-4d56-a43c-d81e0ad8730d
255eb245-4dd9-4160-9fb2-32a2fdb7ff56,771dffee-e91d-4739-9463-ceb57bae06d0
255eb245-4dd9-4160-9fb2-32a2fdb7ff56,d7cb1906-f21d-4d99-959c-6dac6a0baeac
dcfb1090-9dda-4dc2-aa60-2774fa2c150a,1f4b308c-a530-4c85-a2ea-1a5390d45cbf
dcfb1090-9dda-4dc2-aa60-2774fa2c150a,fe8a6277-1885-42d0-b3b3-26ddc1d77e3d
1e2ac9cb-873d-4c7f-a4b4-1c36aa5572bd,37fb68cf-98f2-4d56-a43c-d81e0ad8730d
00cd2395-b1b1-4fa9-9fcf-fbd5d5349511,1f4b308c-a530-4c85-a2ea-1a5390d45cbf
00cd2395-b1b1-4fa9-9fcf-fbd5d5349511,fe8a6277-1885-42d0-b3b3-26ddc1d77e3d
e0103c30-7ff1-4678-bc22-a75177bf1bec,b6b28390-71b1-47f2-8ca8-1733ae9ecc24
e0103c30-7ff1-4678-bc22-a75177bf1bec,d7cb1906-f21d-4d99-959c-6dac6a0baeac
89829b39-4cc0-4ec4-ad34-5e0a41c48367,920bbea6-9a10-4a06-bc58-895f0160ef62
89829b39-4cc0-4ec4-ad34-5e0a41c48367,d7cb1906-f21d-4d99-959c-6dac6a0baeac
ca6cb30e-8162-403f-a187-735783ab6f08,920bbea6-9a10-4a06-bc58-895f0160ef62
ca6cb30e-8162-403f-a187-735783ab6f08,d7cb1906-f21d-4d99-959c-6dac6a0baeac
d274227a-d036-4362-ae2a-22e0fa6885c9,37fb68cf-98f2-4d56-a43c-d81e0ad8730d
d274227a-d036-4362-ae2a-22e0fa6885c9,d7cb1906-f21d-4d99-959c-6dac6a0baeac
416c7a55-f752-4c65-8a07-0d3e99c29320,37fb68cf-98f2-4d56-a43c-d81e0ad8730d
2267440a-6b21-4b0c-afed-60671af3b8c9,37fb68cf-98f2-4d56-a43c-d81e0ad8730d
2267440a-6b21-4b0c-afed-60671af3b8c9,d7cb1906-f21d-4d99-959c-6dac6a0baeac
c186f486-158e-4bfc-9c34-a50c2c1b78ea,37fb68cf-98f2-4d56-a43c-d81e0ad8730d
c186f486-158e-4bfc-9c34-a50c2c1b78ea,d7cb1906-f21d-4d99-959c-6dac6a0baeac
392243aa-3a0a-4798-8be9-0ffcc6b92b75,37fb68cf-98f2-4d56-a43c-d81e0ad8730d
9add89ad-f7cf-4361-88dd-c2c492622800,37fb68cf-98f2-4d56-a43c-d81e0ad8730d
9add89ad-f7cf-4361-88dd-c2c492622800,6c173c04-2abf-4729-86fe-8b90f48fd4af
62c5700f-f2bb-4360-8bf3-1e2f0fb273ef,37fb68cf-98f2-4d56-a43c-d81e0ad8730d
62c5700f-f2bb-4360-8bf3-1e2f0fb273ef,d7cb1906-f21d-4d99-959c-6dac6a0baeac
64dbdf30-b9d4-495d-9d59-86689ab8da67,37fb68cf-98f2-4d56-a43c-d81e0ad8730d
64dbdf30-b9d4-495d-9d59-86689ab8da67,6c173c04-2abf-4729-86fe-8b90f48fd4af
c286c30c-802a-4b19-af42-5e66893db288,37fb68cf-98f2-4d56-a43c-d81e0ad8730d
c286c30c-802a-4b19-af42-5e66893db288,d7cb1906-f21d-4d99-959c-6dac6a0baeac
8d039a6a-ccf8-49a6-ade4-2a8ea77c6dea,37fb68cf-98f2-4d56-a43c-d81e0ad8730d
8d039a6a-ccf8-49a6-ade4-2a8ea77c6dea,d7cb1906-f21d-4d99-959c-6dac6a0baeac
43c0689c-9206-4273-ada7-b5f2fd1e816e,b6b28390-71b1-47f2-8ca8-1733ae9ecc24
43c0689c-9206-4273-ada7-b5f2fd1e816e,d7cb1906-f21d-4d99-959c-6dac6a0baeac
396432e8-3bed-47b5-ad0d-e074ba5c9a3f,920bbea6-9a10-4a06-bc58-895f0160ef62
396432e8-3bed-47b5-ad0d-e074ba5c9a3f,d7cb1906-f21d-4d99-959c-6dac6a0baeac
64ab2461-659c-4338-9c63-2724ea61ed47,1f4b308c-a530-4c85-a2ea-1a5390d45cbf
64ab2461-659c-4338-9c63-2724ea61ed47,fe8a6277-1885-42d0-b3b3-26ddc1d77e3d
77fb2020-be7f-49d1-8ec6-461a38ec6429,920bbea6-9a10-4a06-bc58-895f0160ef62
77fb2020-be7f-49d1-8ec6-461a38ec6429,d7cb1906-f21d-4d99-959c-6dac6a0baeac
6bceca25-df0e-4edb-a167-ae655f6f4b55,37fb68cf-98f2-4d56-a43c-d81e0ad8730d
6bceca25-df0e-4edb-a167-ae655f6f4b55,d7cb1906-f21d-4d99-959c-6dac6a0baeac
446f8fc4-8ea4-42a3-b89b-5d208f754545,3a4bb69d-4d37-4eca-9c99-0ab7aac58ecd
8f2bcfb7-b526-44fc-b2db-6277a896dfdb,3a4bb69d-4d37-4eca-9c99-0ab7aac58ecd
57fcbaac-2665-4286-ae6b-6c519a2d635c,3a4bb69d-4d37-4eca-9c99-0ab7aac58ecd
d984dad7-9e6d-4be5-8499-9279a489f2ad,3a4bb69d-4d37-4eca-9c99-0ab7aac58ecd
67ec46c2-abaa-48bd-8713-f26b8aa042f7,37fb68cf-98f2-4d56-a43c-d81e0ad8730d
933ecdd7-d484-4022-b1cf-cef30f3168b3,37fb68cf-98f2-4d56-a43c-d81e0ad8730d
6627aca4-65f5-40bb-ac0f-9951c7783e08,37fb68cf-98f2-4d56-a43c-d81e0ad8730d
6627aca4-65f5-40bb-ac0f-9951c7783e08,920bbea6-9a10-4a06-bc58-895f0160ef62
47de9181-c2ce-45fe-b22f-7829f28400f9,920bbea6-9a10-4a06-bc58-895f0160ef62
0e1c7bc2-0168-483b-aadb-4c7a767d1948,37fb68cf-98f2-4d56-a43c-d81e0ad8730d
37654c9d-39f5-4207-b396-bf650e3dda03,37fb68cf-98f2-4d56-a43c-d81e0ad8730d
37654c9d-39f5-4207-b396-bf650e3dda03,d7cb1906-f21d-4d99-959c-6dac6a0baeac
0b4fb6f0-244b-483c-8010-8de29b000379,1f4b308c-a530-4c85-a2ea-1a5390d45cbf
0b4fb6f0-244b-483c-8010-8de29b000379,fe8a6277-1885-42d0-b3b3-26ddc1d77e3d
eabf45d8-dfbd-4666-8d83-1aafdf2da9fe,37fb68cf-98f2-4d56-a43c-d81e0ad8730d
eabf45d8-dfbd-4666-8d83-1aafdf2da9fe,d7cb1906-f21d-4d99-959c-6dac6a0baeac
08f484d9-67e0-4c22-bfaf-e2a33955c033,37fb68cf-98f2-4d56-a43c-d81e0ad8730d
08f484d9-67e0-4c22-bfaf-e2a33955c033,d7cb1906-f21d-4d99-959c-6dac6a0baeac
7eb1d274-fadc-4a58-a8b1-090c09c4b4a9,1f4b308c-a530-4c85-a2ea-1a5390d45cbf
7eb1d274-fadc-4a58-a8b1-090c09c4b4a9,37fb68cf-98f2-4d56-a43c-d81e0ad8730d
fee48aa5-50e4-407a-93eb-094145dac5a0,6c173c04-2abf-4729-86fe-8b90f48fd4af
fee48aa5-50e4-407a-93eb-094145dac5a0,3a4bb69d-4d37-4eca-9c99-0ab7aac58ecd
31afa4bd-e95e-489d-a2f0-580aa57a85b9,37fb68cf-98f2-4d56-a43c-d81e0ad8730d
31afa4bd-e95e-489d-a2f0-580aa57a85b9,d7cb1906-f21d-4d99-959c-6dac6a0baeac
83227a03-5c6b-4ef9-878d-6eb361a4fabd,37fb68cf-98f2-4d56-a43c-d81e0ad8730d
83227a03-5c6b-4ef9-878d-6eb361a4fabd,d7cb1906-f21d-4d99-959c-6dac6a0baeac
0728798e-94e0-4fd5-b8f4-36322a3a03e3,920bbea6-9a10-4a06-bc58-895f0160ef62
0728798e-94e0-4fd5-b8f4-36322a3a03e3,d7cb1906-f21d-4d99-959c-6dac6a0baeac
73ad5b70-bea1-4309-a03d-a07744917f70,37fb68cf-98f2-4d56-a43c-d81e0ad8730d
73ad5b70-bea1-4309-a03d-a07744917f70,d7cb1906-f21d-4d99-959c-6dac6a0baeac
fdf580de-e7da-465f-9c9d-d38ba1eccdb3,d7cb1906-f21d-4d99-959c-6dac6a0baeac
fdf580de-e7da-465f-9c9d-d38ba1eccdb3,b6b28390-71b1-47f2-8ca8-1733ae9ecc24
74d3d0e7-2cbb-40fb-bf7c-a0e19b31b576,d7cb1906-f21d-4d99-959c-6dac6a0baeac
74d3d0e7-2cbb-40fb-bf7c-a0e19b31b576,b6b28390-71b1-47f2-8ca8-1733ae9ecc24
e00c821b-59c3-4fa5-af09-0506401eae90,d7cb1906-f21d-4d99-959c-6dac6a0baeac
e00c821b-59c3-4fa5-af09-0506401eae90,b6b28390-71b1-47f2-8ca8-1733ae9ecc24
409fb8fe-5823-4d0a-851d-93b1a8bf7291,1f4b308c-a530-4c85-a2ea-1a5390d45cbf
409fb8fe-5823-4d0a-851d-93b1a8bf7291,d7cb1906-f21d-4d99-959c-6dac6a0baeac
50842dc9-aa17-4b23-ac9c-708822042758,eb49982a-3a4a-4c8b-b35d-617cc4b2f49a
0a87548a-d7c6-46b5-b8e5-16a070b8df55,eb49982a-3a4a-4c8b-b35d-617cc4b2f49a
6327265b-980a-454c-9e5a-166ce2e9d669,eb49982a-3a4a-4c8b-b35d-617cc4b2f49a
6327265b-980a-454c-9e5a-166ce2e9d669,d7cb1906-f21d-4d99-959c-6dac6a0baeac
ff0ee36e-43da-49d6-8148-644d91bba201,eb49982a-3a4a-4c8b-b35d-617cc4b2f49a
ff0ee36e-43da-49d6-8148-644d91bba201,d7cb1906-f21d-4d99-959c-6dac6a0baeac
474b9450-8d57-4f58-a16f-9833285dc91b,eb49982a-3a4a-4c8b-b35d-617cc4b2f49a
466f7bc4-6def-41d3-bffb-93afc588f684,eb49982a-3a4a-4c8b-b35d-617cc4b2f49a
ef63d013-590d-434c-82ee-d377a4868722,3a4bb69d-4d37-4eca-9c99-0ab7aac58ecd
3a404499-0052-43ed-a65f-2df474903b55,3a4bb69d-4d37-4eca-9c99-0ab7aac58ecd
3a404499-0052-43ed-a65f-2df474903b55,d7cb1906-f21d-4d99-959c-6dac6a0baeac
a6780568-5948-45a5-bf5a-2f4a5acf8952,3a4bb69d-4d37-4eca-9c99-0ab7aac58ecd
a6780568-5948-45a5-bf5a-2f4a5acf8952,d7cb1906-f21d-4d99-959c-6dac6a0baeac
7f104f79-6b53-44a4-8ba0-c92ba643792a,3a4bb69d-4d37-4eca-9c99-0ab7aac58ecd
7f104f79-6b53-44a4-8ba0-c92ba643792a,d7cb1906-f21d-4d99-959c-6dac6a0baeac
7f6c1e09-cac5-4957-9dcf-94b0f802b7e5,3a4bb69d-4d37-4eca-9c99-0ab7aac58ecd
593c42a0-d880-4217-8876-a08f5c421d3c,3a4bb69d-4d37-4eca-9c99-0ab7aac58ecd
f29fe474-b024-4ea2-ac74-3bd20ff918e2,3a4bb69d-4d37-4eca-9c99-0ab7aac58ecd
f29fe474-b024-4ea2-ac74-3bd20ff918e2,d7cb1906-f21d-4d99-959c-6dac6a0baeac
00a8ce27-e6b2-4c51-a236-af31d7793fc3,b6b28390-71b1-47f2-8ca8-1733ae9ecc24
7ccb2609-d6e4-4e86-bbe4-b134cbf7ff9d,b6b28390-71b1-47f2-8ca8-1733ae9ecc24
6f1f4c14-3f37-4540-bd8c-4c9a974ce67c,b6b28390-71b1-47f2-8ca8-1733ae9ecc24
6f1f4c14-3f37-4540-bd8c-4c9a974ce67c,d7cb1906-f21d-4d99-959c-6dac6a0baeac
5d79a357-4603-4885-9ed1-d51a016dd7ca,b6b28390-71b1-47f2-8ca8-1733ae9ecc24
5d79a357-4603-4885-9ed1-d51a016dd7ca,d7cb1906-f21d-4d99-959c-6dac6a0baeac
b40b36b5-300c-40bc-a750-6ef0512950de,b6b28390-71b1-47f2-8ca8-1733ae9ecc24
b40b36b5-300c-40bc-a750-6ef0512950de,d7cb1906-f21d-4d99-959c-6dac6a0baeac
55be6b11-171d-4672-863f-3a3a6a882b1c,b6b28390-71b1-47f2-8ca8-1733ae9ecc24
55be6b11-171d-4672-863f-3a3a6a882b1c,d7cb1906-f21d-4d99-959c-6dac6a0baeac
d2019862-d491-48ab-8019-250043dec8a2,b6b28390-71b1-47f2-8ca8-1733ae9ecc24
d2019862-d491-48ab-8019-250043dec8a2,d7cb1906-f21d-4d99-959c-6dac6a0baeac
4ffcf893-29c1-4426-bc43-ead5064860cc,b6b28390-71b1-47f2-8ca8-1733ae9ecc24
4ffcf893-29c1-4426-bc43-ead5064860cc,d7cb1906-f21d-4d99-959c-6dac6a0baeac
e9b58c41-d37b-4bba-a992-84fba0653ca9,b6b28390-71b1-47f2-8ca8-1733ae9ecc24
e9b58c41-d37b-4bba-a992-84fba0653ca9,d7cb1906-f21d-4d99-959c-6dac6a0baeac
278fa229-e93a-454b-afa7-ddfc2104a69d,b6b28390-71b1-47f2-8ca8-1733ae9ecc24
278fa229-e93a-454b-afa7-ddfc2104a69d,d7cb1906-f21d-4d99-959c-6dac6a0baeac
ddd7befb-27cd-4f73-b1b3-3e8de28f3679,b6b28390-71b1-47f2-8ca8-1733ae9ecc24
05daebf0-5b52-482b-9ccb-b47fe733fe2c,6c173c04-2abf-4729-86fe-8b90f48fd4af
dc26ba68-bc07-45bb-9d27-345df9cfc743,6c173c04-2abf-4729-86fe-8b90f48fd4af
cd08ce90-47d5-44af-9b36-108a2f8ba2f2,6c173c04-2abf-4729-86fe-8b90f48fd4af
722bba18-9642-4f0c-9693-a8e9ec226e4e,1f4b308c-a530-4c85-a2ea-1a5390d45cbf
722bba18-9642-4f0c-9693-a8e9ec226e4e,fe8a6277-1885-42d0-b3b3-26ddc1d77e3d
61c895a2-3662-4179-8337-9e7e8aca4012,37fb68cf-98f2-4d56-a43c-d81e0ad8730d
9e11d46c-8406-41aa-8aa9-6dfd3a797044,1f4b308c-a530-4c85-a2ea-1a5390d45cbf
9e11d46c-8406-41aa-8aa9-6dfd3a797044,fe8a6277-1885-42d0-b3b3-26ddc1d77e3d
645ea3fc-250b-4624-a2f1-88179da74745,b6b28390-71b1-47f2-8ca8-1733ae9ecc24
645ea3fc-250b-4624-a2f1-88179da74745,d7cb1906-f21d-4d99-959c-6dac6a0baeac
5ffe1043-3a11-4062-bb6b-361d4a184270,920bbea6-9a10-4a06-bc58-895f0160ef62
5ffe1043-3a11-4062-bb6b-361d4a184270,d7cb1906-f21d-4d99-959c-6dac6a0baeac
c1a7fe52-f2ea-4148-8eeb-78db6ed966cc,37fb68cf-98f2-4d56-a43c-d81e0ad8730d
c1a7fe52-f2ea-4148-8eeb-78db6ed966cc,d7cb1906-f21d-4d99-959c-6dac6a0baeac
1c83b563-902d-4f92-95c7-42cbc4b65c36,37fb68cf-98f2-4d56-a43c-d81e0ad8730d
b004ff5a-b6e3-4c1e-9b8d-d6f4f2c7fe47,37fb68cf-98f2-4d56-a43c-d81e0ad8730d
b004ff5a-b6e3-4c1e-9b8d-d6f4f2c7fe47,d7cb1906-f21d-4d99-959c-6dac6a0baeac
44225338-168f-4372-95c9-6470460e83fe,37fb68cf-98f2-4d56-a43c-d81e0ad8730d
44225338-168f-4372-95c9-6470460e83fe,d7cb1906-f21d-4d99-959c-6dac6a0baeac
52429cfc-78a8-4a57-95fd-924a768c1a19,37fb68cf-98f2-4d56-a43c-d81e0ad8730d
7cd58676-daa4-4181-bb54-51acf4b80ca3,37fb68cf-98f2-4d56-a43c-d81e0ad8730d
7cd58676-daa4-4181-bb54-51acf4b80ca3,6c173c04-2abf-4729-86fe-8b90f48fd4af
41534526-51ad-4c2d-af07-5602e7e079d3,37fb68cf-98f2-4d56-a43c-d81e0ad8730d
41534526-51ad-4c2d-af07-5602e7e079d3,d7cb1906-f21d-4d99-959c-6dac6a0baeac
9d126f37-3fc3-48ce-b73e-0be3eca6fdc1,37fb68cf-98f2-4d56-a43c-d81e0ad8730d
9d126f37-3fc3-48ce-b73e-0be3eca6fdc1,6c173c04-2abf-4729-86fe-8b90f48fd4af
c4ef1448-8370-4987-b86f-aa2600645738,37fb68cf-98f2-4d56-a43c-d81e0ad8730d
c4ef1448-8370-4987-b86f-aa2600645738,d7cb1906-f21d-4d99-959c-6dac6a0baeac
6c93e2b0-00fe-48fb-8ce4-61cdf9f7d51a,37fb68cf-98f2-4d56-a43c-d81e0ad8730d
6c93e2b0-00fe-48fb-8ce4-61cdf9f7d51a,d7cb1906-f21d-4d99-959c-6dac6a0baeac
67bf91bb-f232-4519-9510-f913685420f1,b6b28390-71b1-47f2-8ca8-1733ae9ecc24
67bf91bb-f232-4519-9510-f913685420f1,b6b28390-71b1-47f2-8ca8-1733ae9ecc24
b108650f-0309-4122-be2b-fa1a2646515e,920bbea6-9a10-4a06-bc58-895f0160ef62
b108650f-0309-4122-be2b-fa1a2646515e,d7cb1906-f21d-4d99-959c-6dac6a0baeac
07caad98-3ee1-4bab-a2ad-5095901f089e,1f4b308c-a530-4c85-a2ea-1a5390d45cbf
07caad98-3ee1-4bab-a2ad-5095901f089e,fe8a6277-1885-42d0-b3b3-26ddc1d77e3d
c8169f1e-10ad-4ad7-b217-41859c9dee6d,920bbea6-9a10-4a06-bc58-895f0160ef62
c8169f1e-10ad-4ad7-b217-41859c9dee6d,d7cb1906-f21d-4d99-959c-6dac6a0baeac
57c5991a-fd03-4485-916f-b855590ce71e,37fb68cf-98f2-4d56-a43c-d81e0ad8730d
57c5991a-fd03-4485-916f-b855590ce71e,1f4b308c-a530-4c85-a2ea-1a5390d45cbf
889445a5-20f6-4dcb-be9c-31240b733447,37fb68cf-98f2-4d56-a43c-d81e0ad8730d
889445a5-20f6-4dcb-be9c-31240b733447,d7cb1906-f21d-4d99-959c-6dac6a0baeac
b53447cc-8b67-4e00-a62f-e98324c56931,3a4bb69d-4d37-4eca-9c99-0ab7aac58ecd
4333049e-9c06-4383-8dea-7e6ab936c82f,3a4bb69d-4d37-4eca-9c99-0ab7aac58ecd
c52e4955-1c56-4cb2-b9a2-9518c78cfdca,3a4bb69d-4d37-4eca-9c99-0ab7aac58ecd
6af40e18-b5a2-4dcf-979f-749d2269dee0,3a4bb69d-4d37-4eca-9c99-0ab7aac58ecd
95f7c833-6b11-40c4-ae58-26bcb7355ebb,37fb68cf-98f2-4d56-a43c-d81e0ad8730d
fb9e8bf6-7c19-408d-9bef-fcfc60238a69,37fb68cf-98f2-4d56-a43c-d81e0ad8730d
fb9e8bf6-7c19-408d-9bef-fcfc60238a69,1f4b308c-a530-4c85-a2ea-1a5390d45cbf
31639c85-aa11-421c-8674-3216aee70f88,920bbea6-9a10-4a06-bc58-895f0160ef62
7e3213fb-30b3-41eb-a321-b9b040425a6f,37fb68cf-98f2-4d56-a43c-d81e0ad8730d
9467ebcd-793e-403f-83fc-0c7ba9c58440,37fb68cf-98f2-4d56-a43c-d81e0ad8730d
9467ebcd-793e-403f-83fc-0c7ba9c58440,d7cb1906-f21d-4d99-959c-6dac6a0baeac
4db21aaa-6c58-42e3-8247-a88c3884951b,1f4b308c-a530-4c85-a2ea-1a5390d45cbf
4db21aaa-6c58-42e3-8247-a88c3884951b,fe8a6277-1885-42d0-b3b3-26ddc1d77e3d
ad7b9fda-1b06-4599-bc68-5711a8b9fc79,37fb68cf-98f2-4d56-a43c-d81e0ad8730d
ad7b9fda-1b06-4599-bc68-5711a8b9fc79,d7cb1906-f21d-4d99-959c-6dac6a0baeac
dab9e21b-4755-4403-ab94-772e4f4a843f,37fb68cf-98f2-4d56-a43c-d81e0ad8730d
dab9e21b-4755-4403-ab94-772e4f4a843f,d7cb1906-f21d-4d99-959c-6dac6a0baeac
c1a8ce5b-1811-41ce-a1f5-ebfddb5341cb,1f4b308c-a530-4c85-a2ea-1a5390d45cbf
c1a8ce5b-1811-41ce-a1f5-ebfddb5341cb,37fb68cf-98f2-4d56-a43c-d81e0ad8730d
65944ae9-8ad8-4de4-8c6b-4a847fb71a7c,6c173c04-2abf-4729-86fe-8b90f48fd4af
65944ae9-8ad8-4de4-8c6b-4a847fb71a7c,3a4bb69d-4d37-4eca-9c99-0ab7aac58ecd
c974a05f-28fe-431c-a491-9231a01a3340,37fb68cf-98f2-4d56-a43c-d81e0ad8730d
c974a05f-28fe-431c-a491-9231a01a3340,d7cb1906-f21d-4d99-959c-6dac6a0baeac
59ba2d6c-e0f6-4864-99a6-441fccc7c9fe,3a4bb69d-4d37-4eca-9c99-0ab7aac58ecd
cc52efb3-921f-474f-b569-212d3944a6dc,37fb68cf-98f2-4d56-a43c-d81e0ad8730d
cc52efb3-921f-474f-b569-212d3944a6dc,d7cb1906-f21d-4d99-959c-6dac6a0baeac
b53a6fa1-ed85-4a3f-8f0d-b11ff0acda26,920bbea6-9a10-4a06-bc58-895f0160ef62
b59ea89d-9cbe-4c71-aee1-48c5785d3af7,37fb68cf-98f2-4d56-a43c-d81e0ad8730d
b59ea89d-9cbe-4c71-aee1-48c5785d3af7,d7cb1906-f21d-4d99-959c-6dac6a0baeac
9e65951f-05e6-4627-a1f6-4ba11adedb90,d7cb1906-f21d-4d99-959c-6dac6a0baeac
9e65951f-05e6-4627-a1f6-4ba11adedb90,b6b28390-71b1-47f2-8ca8-1733ae9ecc24
001ab81a-96f8-46bb-9589-d907addddebb,d7cb1906-f21d-4d99-959c-6dac6a0baeac
001ab81a-96f8-46bb-9589-d907addddebb,b6b28390-71b1-47f2-8ca8-1733ae9ecc24
7ffaefa8-8bda-4f13-a56e-dbbbf9b19335,d7cb1906-f21d-4d99-959c-6dac6a0baeac
7ffaefa8-8bda-4f13-a56e-dbbbf9b19335,b6b28390-71b1-47f2-8ca8-1733ae9ecc24
863b96e0-58a5-495a-a061-b932bfed3f11,1f4b308c-a530-4c85-a2ea-1a5390d45cbf
863b96e0-58a5-495a-a061-b932bfed3f11,d7cb1906-f21d-4d99-959c-6dac6a0baeac
0f155c30-7e07-4a31-b345-ec80b8289d38,eb49982a-3a4a-4c8b-b35d-617cc4b2f49a
638af695-30af-46a5-a73b-40792647c2e3,eb49982a-3a4a-4c8b-b35d-617cc4b2f49a
ce86d357-c48f-43e6-90b7-996ed68a30a0,eb49982a-3a4a-4c8b-b35d-617cc4b2f49a
ce86d357-c48f-43e6-90b7-996ed68a30a0,d7cb1906-f21d-4d99-959c-6dac6a0baeac
1bda695f-5ebf-47bc-8831-f0a38a8e5eed,eb49982a-3a4a-4c8b-b35d-617cc4b2f49a
1bda695f-5ebf-47bc-8831-f0a38a8e5eed,d7cb1906-f21d-4d99-959c-6dac6a0baeac
cc9e8b63-b759-4796-91de-de85f04805dc,eb49982a-3a4a-4c8b-b35d-617cc4b2f49a
5f974cd2-619e-4dd3-b213-3ee1451eb719,eb49982a-3a4a-4c8b-b35d-617cc4b2f49a
fcce50fe-93eb-4c6f-9be7-0d9677b25d0f,3a4bb69d-4d37-4eca-9c99-0ab7aac58ecd
fcce50fe-93eb-4c6f-9be7-0d9677b25d0f,d7cb1906-f21d-4d99-959c-6dac6a0baeac
391fb4e1-6c55-4652-96a8-57677be3bf42,3a4bb69d-4d37-4eca-9c99-0ab7aac58ecd
905dfc38-186b-4947-9ab5-b59e575c8715,b6b28390-71b1-47f2-8ca8-1733ae9ecc24
e5da4f41-b3bf-4ab4-9cc8-7e92651f3484,b6b28390-71b1-47f2-8ca8-1733ae9ecc24
e5da4f41-b3bf-4ab4-9cc8-7e92651f3484,d7cb1906-f21d-4d99-959c-6dac6a0baeac
8c5242a7-86fb-4566-8329-434f9017aed4,b6b28390-71b1-47f2-8ca8-1733ae9ecc24
8c5242a7-86fb-4566-8329-434f9017aed4,d7cb1906-f21d-4d99-959c-6dac6a0baeac
e74b88f2-27cd-445b-a45e-879871771399,b6b28390-71b1-47f2-8ca8-1733ae9ecc24
e74b88f2-27cd-445b-a45e-879871771399,d7cb1906-f21d-4d99-959c-6dac6a0baeac
4a9371bf-e613-4063-972f-e542b8d87f93,b6b28390-71b1-47f2-8ca8-1733ae9ecc24
4a9371bf-e613-4063-972f-e542b8d87f93,d7cb1906-f21d-4d99-959c-6dac6a0baeac
3d43e8d0-c1b8-419e-811f-5022329a0d60,b6b28390-71b1-47f2-8ca8-1733ae9ecc24
3d43e8d0-c1b8-419e-811f-5022329a0d60,d7cb1906-f21d-4d99-959c-6dac6a0baeac
873234c8-2b1a-41bc-a30b-4170c88506a6,b6b28390-71b1-47f2-8ca8-1733ae9ecc24
873234c8-2b1a-41bc-a30b-4170c88506a6,d7cb1906-f21d-4d99-959c-6dac6a0baeac
09c6da7e-3717-4bf4-99ca-5604573fcfc9,b6b28390-71b1-47f2-8ca8-1733ae9ecc24
09c6da7e-3717-4bf4-99ca-5604573fcfc9,d7cb1906-f21d-4d99-959c-6dac6a0baeac
62f157cc-e0bc-4be6-9c20-b92456c5a9bf,b6b28390-71b1-47f2-8ca8-1733ae9ecc24
62f157cc-e0bc-4be6-9c20-b92456c5a9bf,d7cb1906-f21d-4d99-959c-6dac6a0baeac
67fddf4b-5a69-4dad-b3d6-17e81560d07b,6c173c04-2abf-4729-86fe-8b90f48fd4af
b6f37f6a-c012-4bcc-9c14-3d3425b46dba,6c173c04-2abf-4729-86fe-8b90f48fd4af
bd751ebf-3ca9-4476-b3a5-d80ad633cf37,6c173c04-2abf-4729-86fe-8b90f48fd4af
cc92e8ce-db67-40d8-8b0b-719539853be3,1f4b308c-a530-4c85-a2ea-1a5390d45cbf
cc92e8ce-db67-40d8-8b0b-719539853be3,fe8a6277-1885-42d0-b3b3-26ddc1d77e3d
7fb27f3e-421c-48a4-9e03-cd14dbaa64a7,37fb68cf-98f2-4d56-a43c-d81e0ad8730d
73446c5b-41e5-4985-bc6e-4bbf206bb19e,1f4b308c-a530-4c85-a2ea-1a5390d45cbf
73446c5b-41e5-4985-bc6e-4bbf206bb19e,fe8a6277-1885-42d0-b3b3-26ddc1d77e3d
c8611cf7-1245-4619-a3b3-b9b56a3cbd2e,b6b28390-71b1-47f2-8ca8-1733ae9ecc24
c8611cf7-1245-4619-a3b3-b9b56a3cbd2e,d7cb1906-f21d-4d99-959c-6dac6a0baeac
b6bea92e-c565-4c2e-a9dd-317d64c8cfec,920bbea6-9a10-4a06-bc58-895f0160ef62
b6bea92e-c565-4c2e-a9dd-317d64c8cfec,d7cb1906-f21d-4d99-959c-6dac6a0baeac
8ae8349d-7ee1-469d-86b3-cc7634403537,37fb68cf-98f2-4d56-a43c-d81e0ad8730d
8ae8349d-7ee1-469d-86b3-cc7634403537,d7cb1906-f21d-4d99-959c-6dac6a0baeac
428933e0-856b-48f4-bfdc-a180f9f6a358,37fb68cf-98f2-4d56-a43c-d81e0ad8730d
d4f51d3d-aad6-4d99-9b6a-f5ffa6ef7f85,37fb68cf-98f2-4d56-a43c-d81e0ad8730d
d4f51d3d-aad6-4d99-9b6a-f5ffa6ef7f85,d7cb1906-f21d-4d99-959c-6dac6a0baeac
dff9779d-e148-4f43-bd64-425af7b51c3d,37fb68cf-98f2-4d56-a43c-d81e0ad8730d
dff9779d-e148-4f43-bd64-425af7b51c3d,d7cb1906-f21d-4d99-959c-6dac6a0baeac
92146088-afa4-46e9-b519-fcdbda04342c,37fb68cf-98f2-4d56-a43c-d81e0ad8730d
f0660dfd-bd56-48d7-a127-55f41cf22f23,37fb68cf-98f2-4d56-a43c-d81e0ad8730d
f0660dfd-bd56-48d7-a127-55f41cf22f23,6c173c04-2abf-4729-86fe-8b90f48fd4af
728b0911-066d-49dd-864b-bfc386248c60,37fb68cf-98f2-4d56-a43c-d81e0ad8730d
728b0911-066d-49dd-864b-bfc386248c60,d7cb1906-f21d-4d99-959c-6dac6a0baeac
3b28957e-53af-4f10-a0ab-bb9d0858a087,37fb68cf-98f2-4d56-a43c-d81e0ad8730d
3b28957e-53af-4f10-a0ab-bb9d0858a087,6c173c04-2abf-4729-86fe-8b90f48fd4af
c8fe379a-b653-4348-af28-aabb06a2f7e4,37fb68cf-98f2-4d56-a43c-d81e0ad8730d
c8fe379a-b653-4348-af28-aabb06a2f7e4,d7cb1906-f21d-4d99-959c-6dac6a0baeac
efd59a3b-8995-47e2-9e3c-f317493b000f,37fb68cf-98f2-4d56-a43c-d81e0ad8730d
efd59a3b-8995-47e2-9e3c-f317493b000f,d7cb1906-f21d-4d99-959c-6dac6a0baeac
395963ea-c0c6-4377-a3b4-0e9d8b3af8ef,b6b28390-71b1-47f2-8ca8-1733ae9ecc24
395963ea-c0c6-4377-a3b4-0e9d8b3af8ef,b6b28390-71b1-47f2-8ca8-1733ae9ecc24
a3f8fc56-db02-4f00-88db-e97bc58c8c44,920bbea6-9a10-4a06-bc58-895f0160ef62
a3f8fc56-db02-4f00-88db-e97bc58c8c44,d7cb1906-f21d-4d99-959c-6dac6a0baeac
544b402d-719f-4d2f-ae88-c2fce25c0107,1f4b308c-a530-4c85-a2ea-1a5390d45cbf
544b402d-719f-4d2f-ae88-c2fce25c0107,fe8a6277-1885-42d0-b3b3-26ddc1d77e3d
97acc365-bb9f-46ef-984f-dba45a60114a,920bbea6-9a10-4a06-bc58-895f0160ef62
97acc365-bb9f-46ef-984f-dba45a60114a,d7cb1906-f21d-4d99-959c-6dac6a0baeac
425d6831-b098-4349-a58d-8d745471f0ef,37fb68cf-98f2-4d56-a43c-d81e0ad8730d
425d6831-b098-4349-a58d-8d745471f0ef,1f4b308c-a530-4c85-a2ea-1a5390d45cbf
aaa8e529-cd93-4f21-aca5-cb7726f32cbd,37fb68cf-98f2-4d56-a43c-d81e0ad8730d
aaa8e529-cd93-4f21-aca5-cb7726f32cbd,d7cb1906-f21d-4d99-959c-6dac6a0baeac
e13bd79b-9fc4-45f2-9f08-ad9142c87b6c,3a4bb69d-4d37-4eca-9c99-0ab7aac58ecd
3fe7e694-9355-43c3-a978-0dd8a1ba67f8,3a4bb69d-4d37-4eca-9c99-0ab7aac58ecd
8b9aa18e-04f5-4da5-9a71-c9b68403a3e5,3a4bb69d-4d37-4eca-9c99-0ab7aac58ecd
4addd9d4-328e-4316-ab09-c522cdebdaba,3a4bb69d-4d37-4eca-9c99-0ab7aac58ecd
90b96e25-0061-4d2c-a537-48bd574a16f2,37fb68cf-98f2-4d56-a43c-d81e0ad8730d
eab0056a-b1a8-4439-ad04-93de20308e7a,37fb68cf-98f2-4d56-a43c-d81e0ad8730d
eab0056a-b1a8-4439-ad04-93de20308e7a,1f4b308c-a530-4c85-a2ea-1a5390d45cbf
f0a2d6cd-f18f-446d-9083-bd49eabf4ec3,920bbea6-9a10-4a06-bc58-895f0160ef62
1885461d-317e-43c8-8e18-e293db064c69,37fb68cf-98f2-4d56-a43c-d81e0ad8730d
1f21aefb-63d3-4d47-88bc-5f86fe60ec18,37fb68cf-98f2-4d56-a43c-d81e0ad8730d
1f21aefb-63d3-4d47-88bc-5f86fe60ec18,d7cb1906-f21d-4d99-959c-6dac6a0baeac
0333e78c-033e-4b8a-a68b-32d25df0f44f,1f4b308c-a530-4c85-a2ea-1a5390d45cbf
0333e78c-033e-4b8a-a68b-32d25df0f44f,fe8a6277-1885-42d0-b3b3-26ddc1d77e3d
c288dc1c-aed9-4c92-9ae1-c5110c3e5dee,37fb68cf-98f2-4d56-a43c-d81e0ad8730d
c288dc1c-aed9-4c92-9ae1-c5110c3e5dee,d7cb1906-f21d-4d99-959c-6dac6a0baeac
8d450dc8-684e-4cf7-b4b8-89f38158f8a7,37fb68cf-98f2-4d56-a43c-d81e0ad8730d
8d450dc8-684e-4cf7-b4b8-89f38158f8a7,d7cb1906-f21d-4d99-959c-6dac6a0baeac
b8afd4f6-64c8-42b3-a224-04a3d564dab3,1f4b308c-a530-4c85-a2ea-1a5390d45cbf
b8afd4f6-64c8-42b3-a224-04a3d564dab3,37fb68cf-98f2-4d56-a43c-d81e0ad8730d
31a451b2-f613-4822-923a-d0fed35c4546,6c173c04-2abf-4729-86fe-8b90f48fd4af
31a451b2-f613-4822-923a-d0fed35c4546,3a4bb69d-4d37-4eca-9c99-0ab7aac58ecd
2d7af41a-1246-42fa-a072-2f48b2b1dd28,6c173c04-2abf-4729-86fe-8b90f48fd4af
2d7af41a-1246-42fa-a072-2f48b2b1dd28,3a4bb69d-4d37-4eca-9c99-0ab7aac58ecd
ed70defb-b031-4f7e-98e0-086114508262,920bbea6-9a10-4a06-bc58-895f0160ef62
ed70defb-b031-4f7e-98e0-086114508262,3a4bb69d-4d37-4eca-9c99-0ab7aac58ecd
fd0f0bd2-0db0-49e7-a3f6-f5f478841f39,920bbea6-9a10-4a06-bc58-895f0160ef62
fd0f0bd2-0db0-49e7-a3f6-f5f478841f39,3a4bb69d-4d37-4eca-9c99-0ab7aac58ecd
e5820d0f-c118-4809-a8f1-aa07f1a980e1,920bbea6-9a10-4a06-bc58-895f0160ef62
e5820d0f-c118-4809-a8f1-aa07f1a980e1,37fb68cf-98f2-4d56-a43c-d81e0ad8730d
160a3b28-7ea0-4f4d-b2b1-b7e7fd4d269d,37fb68cf-98f2-4d56-a43c-d81e0ad8730d
160a3b28-7ea0-4f4d-b2b1-b7e7fd4d269d,d7cb1906-f21d-4d99-959c-6dac6a0baeac
03e679a1-e508-4608-bc3a-e46cb45aaa10,37fb68cf-98f2-4d56-a43c-d81e0ad8730d
03e679a1-e508-4608-bc3a-e46cb45aaa10,d7cb1906-f21d-4d99-959c-6dac6a0baeac
5ceaadbf-f10a-45dc-8603-82aa375b28d3,920bbea6-9a10-4a06-bc58-895f0160ef62
d6c2bb36-9f16-4d05-ad67-b494ecaca046,37fb68cf-98f2-4d56-a43c-d81e0ad8730d
d6c2bb36-9f16-4d05-ad67-b494ecaca046,d7cb1906-f21d-4d99-959c-6dac6a0baeac
94b02fb3-8ff1-4c7f-be10-7a5910dd6f60,d7cb1906-f21d-4d99-959c-6dac6a0baeac
94b02fb3-8ff1-4c7f-be10-7a5910dd6f60,b6b28390-71b1-47f2-8ca8-1733ae9ecc24
747ba56d-7bcf-4a3b-bd88-b3178be6059e,d7cb1906-f21d-4d99-959c-6dac6a0baeac
747ba56d-7bcf-4a3b-bd88-b3178be6059e,b6b28390-71b1-47f2-8ca8-1733ae9ecc24
d3bbb04e-c4cc-470d-aec0-b3c806f8a09d,d7cb1906-f21d-4d99-959c-6dac6a0baeac
d3bbb04e-c4cc-470d-aec0-b3c806f8a09d,b6b28390-71b1-47f2-8ca8-1733ae9ecc24
f96e0f01-0345-4f01-b83f-addb86e5afc4,1f4b308c-a530-4c85-a2ea-1a5390d45cbf
f96e0f01-0345-4f01-b83f-addb86e5afc4,d7cb1906-f21d-4d99-959c-6dac6a0baeac
da1dbfbf-371d-4196-ad79-39410efaad1e,d7cb1906-f21d-4d99-959c-6dac6a0baeac
da1dbfbf-371d-4196-ad79-39410efaad1e,3a4bb69d-4d37-4eca-9c99-0ab7aac58ecd
053676f4-43a5-49a9-9160-6b2a1ba8001e,eb49982a-3a4a-4c8b-b35d-617cc4b2f49a
eeb02e8f-2194-4150-afb2-d12528732069,eb49982a-3a4a-4c8b-b35d-617cc4b2f49a
eeb02e8f-2194-4150-afb2-d12528732069,d7cb1906-f21d-4d99-959c-6dac6a0baeac
90f19d23-250d-4798-a6e7-7e271ae762f3,eb49982a-3a4a-4c8b-b35d-617cc4b2f49a
90f19d23-250d-4798-a6e7-7e271ae762f3,d7cb1906-f21d-4d99-959c-6dac6a0baeac
779c5d2a-57e8-42d4-833b-223a4964ffbd,eb49982a-3a4a-4c8b-b35d-617cc4b2f49a
0b18dca3-11c7-47cd-b00f-e0e7a9fb39ce,eb49982a-3a4a-4c8b-b35d-617cc4b2f49a
b17c42ef-3321-4ba1-a848-9f1eb79b32c0,3a4bb69d-4d37-4eca-9c99-0ab7aac58ecd
22afa566-162e-4d4f-813a-c1a650539130,3a4bb69d-4d37-4eca-9c99-0ab7aac58ecd
22afa566-162e-4d4f-813a-c1a650539130,d7cb1906-f21d-4d99-959c-6dac6a0baeac
1d8ce261-7d8c-4409-bd32-193fe3879b56,3a4bb69d-4d37-4eca-9c99-0ab7aac58ecd
1d8ce261-7d8c-4409-bd32-193fe3879b56,d7cb1906-f21d-4d99-959c-6dac6a0baeac
e783454d-4984-42af-baae-d660946ece5e,3a4bb69d-4d37-4eca-9c99-0ab7aac58ecd
e783454d-4984-42af-baae-d660946ece5e,d7cb1906-f21d-4d99-959c-6dac6a0baeac
cee8e120-f014-4b48-86f6-f09ca7bcff3a,3a4bb69d-4d37-4eca-9c99-0ab7aac58ecd
cee8e120-f014-4b48-86f6-f09ca7bcff3a,d7cb1906-f21d-4d99-959c-6dac6a0baeac
c26e9908-a93f-43ab-a6cc-0fd2d0c0d1ee,3a4bb69d-4d37-4eca-9c99-0ab7aac58ecd
0dd245e0-0ee2-48dd-afc5-993ef6ef7f0c,3a4bb69d-4d37-4eca-9c99-0ab7aac58ecd
a445527e-40c0-4bcf-bbcd-8af374caf624,3a4bb69d-4d37-4eca-9c99-0ab7aac58ecd
a445527e-40c0-4bcf-bbcd-8af374caf624,d7cb1906-f21d-4d99-959c-6dac6a0baeac
43b20e7a-c22f-4f7e-9640-3c67435be73b,3a4bb69d-4d37-4eca-9c99-0ab7aac58ecd
43b20e7a-c22f-4f7e-9640-3c67435be73b,d7cb1906-f21d-4d99-959c-6dac6a0baeac
3fb67fb4-031b-4562-81a8-c2f58fad5938,b6b28390-71b1-47f2-8ca8-1733ae9ecc24
3948010b-98bf-4502-851f-93404e23f1f7,b6b28390-71b1-47f2-8ca8-1733ae9ecc24
3948010b-98bf-4502-851f-93404e23f1f7,d7cb1906-f21d-4d99-959c-6dac6a0baeac
d8a6bf41-1280-436f-87cc-278546e11255,b6b28390-71b1-47f2-8ca8-1733ae9ecc24
d8a6bf41-1280-436f-87cc-278546e11255,d7cb1906-f21d-4d99-959c-6dac6a0baeac
d45e1a18-252a-4b3e-8b02-e058f25077ba,b6b28390-71b1-47f2-8ca8-1733ae9ecc24
d45e1a18-252a-4b3e-8b02-e058f25077ba,d7cb1906-f21d-4d99-959c-6dac6a0baeac
77dd2cfd-59d4-450c-8abf-6d94d9816810,b6b28390-71b1-47f2-8ca8-1733ae9ecc24
77dd2cfd-59d4-450c-8abf-6d94d9816810,d7cb1906-f21d-4d99-959c-6dac6a0baeac
8ce8299f-d5d5-4a86-a41b-54003997ccb6,b6b28390-71b1-47f2-8ca8-1733ae9ecc24
8ce8299f-d5d5-4a86-a41b-54003997ccb6,d7cb1906-f21d-4d99-959c-6dac6a0baeac
dd8c7589-b98d-47e4-a344-80a4fd850128,b6b28390-71b1-47f2-8ca8-1733ae9ecc24
dd8c7589-b98d-47e4-a344-80a4fd850128,d7cb1906-f21d-4d99-959c-6dac6a0baeac
380316ad-74c0-4468-9951-2ba3a9e567cd,b6b28390-71b1-47f2-8ca8-1733ae9ecc24
380316ad-74c0-4468-9951-2ba3a9e567cd,d7cb1906-f21d-4d99-959c-6dac6a0baeac
4bca6dff-2953-4786-8771-d0a0f10435af,b6b28390-71b1-47f2-8ca8-1733ae9ecc24
4bca6dff-2953-4786-8771-d0a0f10435af,d7cb1906-f21d-4d99-959c-6dac6a0baeac
14a2d1e5-f760-41d6-8515-5b281df8faf8,6c173c04-2abf-4729-86fe-8b90f48fd4af
9f906b26-8b42-411a-9007-c9e2b2f92c91,6c173c04-2abf-4729-86fe-8b90f48fd4af
1ce22445-5801-457a-87fa-c30a958420e3,6c173c04-2abf-4729-86fe-8b90f48fd4af
fcfc9c80-a35b-4569-bc6f-7143ccde30f4,6c173c04-2abf-4729-86fe-8b90f48fd4af
d5f5f43d-8493-4f84-8b4b-3c6cd2e05309,1f4b308c-a530-4c85-a2ea-1a5390d45cbf
d5f5f43d-8493-4f84-8b4b-3c6cd2e05309,fe8a6277-1885-42d0-b3b3-26ddc1d77e3d
c2e0ce9d-910f-4644-b4f0-c7027d81044e,37fb68cf-98f2-4d56-a43c-d81e0ad8730d
5a542510-6b30-4bd0-aa35-57447617a0b1,1f4b308c-a530-4c85-a2ea-1a5390d45cbf
5a542510-6b30-4bd0-aa35-57447617a0b1,fe8a6277-1885-42d0-b3b3-26ddc1d77e3d
ccfca18e-a797-47d2-a94d-97f2ed785926,b6b28390-71b1-47f2-8ca8-1733ae9ecc24
ccfca18e-a797-47d2-a94d-97f2ed785926,d7cb1906-f21d-4d99-959c-6dac6a0baeac
bba6b426-7c73-4f48-9c51-e7db5bcc1b89,920bbea6-9a10-4a06-bc58-895f0160ef62
bba6b426-7c73-4f48-9c51-e7db5bcc1b89,d7cb1906-f21d-4d99-959c-6dac6a0baeac
8f8484d8-5fd6-4919-a55b-a28f207f6d3b,920bbea6-9a10-4a06-bc58-895f0160ef62
645336ca-726f-4842-a58c-ea0a23caff4f,37fb68cf-98f2-4d56-a43c-d81e0ad8730d
645336ca-726f-4842-a58c-ea0a23caff4f,d7cb1906-f21d-4d99-959c-6dac6a0baeac
c4774ff9-d9a3-476e-9892-245ee651c060,37fb68cf-98f2-4d56-a43c-d81e0ad8730d
2a0626f9-cbae-4478-8c3a-3dd45a5954f2,37fb68cf-98f2-4d56-a43c-d81e0ad8730d
e9077518-5269-4227-80d2-b5f323507d33,37fb68cf-98f2-4d56-a43c-d81e0ad8730d
6e58500c-45e4-4e44-8c31-45e5eaad4cd9,37fb68cf-98f2-4d56-a43c-d81e0ad8730d
6e58500c-45e4-4e44-8c31-45e5eaad4cd9,d7cb1906-f21d-4d99-959c-6dac6a0baeac
c1176aad-d8a8-4201-a084-c040d502567a,37fb68cf-98f2-4d56-a43c-d81e0ad8730d
c1176aad-d8a8-4201-a084-c040d502567a,d7cb1906-f21d-4d99-959c-6dac6a0baeac
00f5b869-6a61-4400-ac1b-dfb892f3c2c2,37fb68cf-98f2-4d56-a43c-d81e0ad8730d
daff8dba-e0c3-464b-86a8-fccb09a18c90,37fb68cf-98f2-4d56-a43c-d81e0ad8730d
48e2622d-7896-41a8-8aa9-d91ec95694fe,37fb68cf-98f2-4d56-a43c-d81e0ad8730d
48e2622d-7896-41a8-8aa9-d91ec95694fe,6c173c04-2abf-4729-86fe-8b90f48fd4af
b9d551da-64de-4d90-918f-fa73e393e07d,37fb68cf-98f2-4d56-a43c-d81e0ad8730d
b9d551da-64de-4d90-918f-fa73e393e07d,d7cb1906-f21d-4d99-959c-6dac6a0baeac
cee2d229-d726-4202-aec9-1253c1b9896e,37fb68cf-98f2-4d56-a43c-d81e0ad8730d
cee2d229-d726-4202-aec9-1253c1b9896e,d7cb1906-f21d-4d99-959c-6dac6a0baeac
610a9224-a1e2-4fdd-b70f-a7aa92edca1a,37fb68cf-98f2-4d56-a43c-d81e0ad8730d
610a9224-a1e2-4fdd-b70f-a7aa92edca1a,d7cb1906-f21d-4d99-959c-6dac6a0baeac
d0065b84-3ab2-423a-8aa2-bcd2cace36c0,37fb68cf-98f2-4d56-a43c-d81e0ad8730d
d0065b84-3ab2-423a-8aa2-bcd2cace36c0,d7cb1906-f21d-4d99-959c-6dac6a0baeac
e42d448a-03c1-4b1d-b784-97e95ff8d4e9,37fb68cf-98f2-4d56-a43c-d81e0ad8730d
ee8a93fa-58c2-4ed4-bc33-0abe195efd63,3a4bb69d-4d37-4eca-9c99-0ab7aac58ecd
eb51c60a-3049-4251-b819-065d4fec8d72,37fb68cf-98f2-4d56-a43c-d81e0ad8730d
eb51c60a-3049-4251-b819-065d4fec8d72,6c173c04-2abf-4729-86fe-8b90f48fd4af
cc9cea21-44c6-45e8-b12f-c51e7962ba63,37fb68cf-98f2-4d56-a43c-d81e0ad8730d
cc9cea21-44c6-45e8-b12f-c51e7962ba63,d7cb1906-f21d-4d99-959c-6dac6a0baeac
945fb51c-aa4c-470f-9333-20eb712f5561,37fb68cf-98f2-4d56-a43c-d81e0ad8730d
945fb51c-aa4c-470f-9333-20eb712f5561,d7cb1906-f21d-4d99-959c-6dac6a0baeac
42325c6f-f3d0-4bdf-abd0-f815f2aedf38,b6b28390-71b1-47f2-8ca8-1733ae9ecc24
42325c6f-f3d0-4bdf-abd0-f815f2aedf38,b6b28390-71b1-47f2-8ca8-1733ae9ecc24
34d0c292-e0d0-4fb9-bd5e-7c4c6dace360,920bbea6-9a10-4a06-bc58-895f0160ef62
34d0c292-e0d0-4fb9-bd5e-7c4c6dace360,d7cb1906-f21d-4d99-959c-6dac6a0baeac
ebd5244f-05d3-4347-8b02-37c0d28a1017,37fb68cf-98f2-4d56-a43c-d81e0ad8730d
c6826808-dc4b-4fb0-840e-1d2e821fceae,37fb68cf-98f2-4d56-a43c-d81e0ad8730d
9f791c0a-0273-4d78-b0ff-03620a54cada,1f4b308c-a530-4c85-a2ea-1a5390d45cbf
9f791c0a-0273-4d78-b0ff-03620a54cada,fe8a6277-1885-42d0-b3b3-26ddc1d77e3d
b64e7a44-0cc1-4205-b563-bc2d331c7f96,920bbea6-9a10-4a06-bc58-895f0160ef62
b64e7a44-0cc1-4205-b563-bc2d331c7f96,d7cb1906-f21d-4d99-959c-6dac6a0baeac
e3ab9121-89a8-42c7-970d-a4407d42e352,37fb68cf-98f2-4d56-a43c-d81e0ad8730d
c875ef76-c037-4bfe-b599-7b57c0cadee2,37fb68cf-98f2-4d56-a43c-d81e0ad8730d
fba2fdd9-1ab9-4f29-986d-7183f82bc938,37fb68cf-98f2-4d56-a43c-d81e0ad8730d
51f99bae-b3c5-4aeb-8831-f41e03b446f2,37fb68cf-98f2-4d56-a43c-d81e0ad8730d
c3f744c1-7119-4074-8ba6-db33bfe77ba6,37fb68cf-98f2-4d56-a43c-d81e0ad8730d
14ffbc42-06f8-40ad-ac2d-e603d20dd96d,37fb68cf-98f2-4d56-a43c-d81e0ad8730d
14ffbc42-06f8-40ad-ac2d-e603d20dd96d,1f4b308c-a530-4c85-a2ea-1a5390d45cbf
522fe5d1-ad27-438f-a7f7-6d75794ad545,37fb68cf-98f2-4d56-a43c-d81e0ad8730d
522fe5d1-ad27-438f-a7f7-6d75794ad545,d7cb1906-f21d-4d99-959c-6dac6a0baeac
a733887a-b4f2-407e-93e9-ed952e57591a,3a4bb69d-4d37-4eca-9c99-0ab7aac58ecd
bbb836f6-f1b0-420e-816f-b7d254f53c29,3a4bb69d-4d37-4eca-9c99-0ab7aac58ecd
03a65db9-f117-483a-a496-e72961276649,3a4bb69d-4d37-4eca-9c99-0ab7aac58ecd
91905c14-9a92-4906-9cae-e76cda05cd14,3a4bb69d-4d37-4eca-9c99-0ab7aac58ecd
4c8987c9-b383-4534-973b-d50141eaf2d9,37fb68cf-98f2-4d56-a43c-d81e0ad8730d
cc1a9c57-a244-4736-ad06-2ecfb4767c0b,37fb68cf-98f2-4d56-a43c-d81e0ad8730d
cc1a9c57-a244-4736-ad06-2ecfb4767c0b,1f4b308c-a530-4c85-a2ea-1a5390d45cbf
70c468b1-75ce-4ec7-bdbe-c6b1ac924ed8,920bbea6-9a10-4a06-bc58-895f0160ef62
969ec358-7f4f-43aa-b98c-09e71c042474,37fb68cf-98f2-4d56-a43c-d81e0ad8730d
6e2620c2-55fd-4f96-adbb-5fb15cdb69fe,37fb68cf-98f2-4d56-a43c-d81e0ad8730d
6e2620c2-55fd-4f96-adbb-5fb15cdb69fe,d7cb1906-f21d-4d99-959c-6dac6a0baeac
212eb672-b3db-4ffc-b8dd-7242b79fee16,1f4b308c-a530-4c85-a2ea-1a5390d45cbf
212eb672-b3db-4ffc-b8dd-7242b79fee16,fe8a6277-1885-42d0-b3b3-26ddc1d77e3d
bb5ba6e6-68ca-4409-b806-f72ae0b71927,37fb68cf-98f2-4d56-a43c-d81e0ad8730d
bb5ba6e6-68ca-4409-b806-f72ae0b71927,d7cb1906-f21d-4d99-959c-6dac6a0baeac
765f3ba2-461b-4e73-97c0-0544f01c2adc,37fb68cf-98f2-4d56-a43c-d81e0ad8730d
765f3ba2-461b-4e73-97c0-0544f01c2adc,d7cb1906-f21d-4d99-959c-6dac6a0baeac
471f8bca-de62-4129-8c37-7ecbb12fd733,37fb68cf-98f2-4d56-a43c-d81e0ad8730d
471f8bca-de62-4129-8c37-7ecbb12fd733,d7cb1906-f21d-4d99-959c-6dac6a0baeac
0e5ce198-d041-49a8-99ad-906a5529cdd2,1f4b308c-a530-4c85-a2ea-1a5390d45cbf
0e5ce198-d041-49a8-99ad-906a5529cdd2,37fb68cf-98f2-4d56-a43c-d81e0ad8730d
c142deb2-bfa4-47b8-86eb-3b46e02372ac,920bbea6-9a10-4a06-bc58-895f0160ef62
c142deb2-bfa4-47b8-86eb-3b46e02372ac,3a4bb69d-4d37-4eca-9c99-0ab7aac58ecd
31ac0823-730e-4040-88d6-b2355ef5cc6d,3a4bb69d-4d37-4eca-9c99-0ab7aac58ecd
31ac0823-730e-4040-88d6-b2355ef5cc6d,3a4bb69d-4d37-4eca-9c99-0ab7aac58ecd
746bcfdd-e8d7-4bf6-abac-780283f9dba5,37fb68cf-98f2-4d56-a43c-d81e0ad8730d
746bcfdd-e8d7-4bf6-abac-780283f9dba5,d7cb1906-f21d-4d99-959c-6dac6a0baeac
6f2b2a78-a8bc-470e-b329-74262b59e485,3a4bb69d-4d37-4eca-9c99-0ab7aac58ecd
8805d13e-a2b9-4263-b0ff-66e736617bf8,37fb68cf-98f2-4d56-a43c-d81e0ad8730d
8805d13e-a2b9-4263-b0ff-66e736617bf8,d7cb1906-f21d-4d99-959c-6dac6a0baeac
7a657776-42d9-4da7-bc1f-c2104907c2d3,920bbea6-9a10-4a06-bc58-895f0160ef62
972a60d3-c1aa-4065-87bc-f039728b31bc,37fb68cf-98f2-4d56-a43c-d81e0ad8730d
972a60d3-c1aa-4065-87bc-f039728b31bc,d7cb1906-f21d-4d99-959c-6dac6a0baeac
ec61377e-1bf2-46f7-9e7d-0982733fa9d7,37fb68cf-98f2-4d56-a43c-d81e0ad8730d
ec61377e-1bf2-46f7-9e7d-0982733fa9d7,d7cb1906-f21d-4d99-959c-6dac6a0baeac
164d3f19-93c2-4fd6-b3f7-23e31758c629,37fb68cf-98f2-4d56-a43c-d81e0ad8730d
164d3f19-93c2-4fd6-b3f7-23e31758c629,d7cb1906-f21d-4d99-959c-6dac6a0baeac
