id_grupo_episodio,id_episodio
130055c0-6995-4ed8-9dc6-b03f87137b41,6ebef2a3-e63f-4175-a363-2cff316d29f1
d52e0e87-bb70-43ab-a3fb-ed321483b1a3,6ebef2a3-e63f-4175-a363-2cff316d29f1
2a0e5219-079d-4702-870a-b8975d8a6150,bac0b7cd-c8d9-4275-922a-db2f13bbf52e
65768a0b-db64-4026-806d-c93b05816e07,bac0b7cd-c8d9-4275-922a-db2f13bbf52e
97e174d9-e732-465a-82f4-01ec953aec34,bac0b7cd-c8d9-4275-922a-db2f13bbf52e
e8472661-5549-40a8-b7a3-adb0469857fa,bac0b7cd-c8d9-4275-922a-db2f13bbf52e
072eade9-664a-446b-b633-f0ce429c27b8,bac0b7cd-c8d9-4275-922a-db2f13bbf52e
08ae4da7-5602-4f12-99b3-a1b8e698668c,bac0b7cd-c8d9-4275-922a-db2f13bbf52e
7eaf0fdc-72b6-45d4-8ab7-e71f0c6e9fff,6ebef2a3-e63f-4175-a363-2cff316d29f1
b4524269-f4a4-4bbb-88d5-c6388f12e21a,6ebef2a3-e63f-4175-a363-2cff316d29f1
add30b27-0051-4808-8158-c4787f0677d7,6ebef2a3-e63f-4175-a363-2cff316d29f1
c08096df-8cce-4f02-aaad-91b382bfb752,6ebef2a3-e63f-4175-a363-2cff316d29f1
846ef674-4cea-4b94-9ccf-e317e65ae1b6,bac0b7cd-c8d9-4275-922a-db2f13bbf52e
19eaa35f-c146-48b8-a1eb-40a7ee176273,bac0b7cd-c8d9-4275-922a-db2f13bbf52e
d9cc83c6-4146-44ef-b0eb-cdce0b846e69,6ebef2a3-e63f-4175-a363-2cff316d29f1
58b03e54-020b-4314-916d-c47dfaafa93a,6ebef2a3-e63f-4175-a363-2cff316d29f1
c1039dc2-f35e-49a2-be93-8c938ac92fe4,6ebef2a3-e63f-4175-a363-2cff316d29f1
07e51aa7-a2d8-4949-8b23-8fc8ef0e3fd4,bac0b7cd-c8d9-4275-922a-db2f13bbf52e
976927f5-89ce-4c58-a6d4-140fd5757213,6ebef2a3-e63f-4175-a363-2cff316d29f1
b95d8e86-b201-4d58-8763-d7a862c67f40,6ebef2a3-e63f-4175-a363-2cff316d29f1
c638ba83-b88f-484c-b1cb-01e568904f27,6ebef2a3-e63f-4175-a363-2cff316d29f1
f919df16-d12f-41cd-bab4-ac51ac287e3a,6ebef2a3-e63f-4175-a363-2cff316d29f1
14520b8b-1257-4a03-bfcc-fa314ccc123d,6ebef2a3-e63f-4175-a363-2cff316d29f1
fdc7904e-8d3c-48f2-b0ff-8671a45e06b6,6ebef2a3-e63f-4175-a363-2cff316d29f1
1bf73220-1230-41a6-a013-d6f7d83e5716,6ebef2a3-e63f-4175-a363-2cff316d29f1
146730d0-77f6-4812-9f95-3a36a4d38367,6ebef2a3-e63f-4175-a363-2cff316d29f1
be8882fc-45e7-4b7c-9c89-3291ac398277,bac0b7cd-c8d9-4275-922a-db2f13bbf52e
78aacc2f-bd0a-4904-a269-a05e1df7c343,bac0b7cd-c8d9-4275-922a-db2f13bbf52e
476fbfa1-b4f7-409e-8acc-cbbae4930cc7,6ebef2a3-e63f-4175-a363-2cff316d29f1
38275b07-21f1-425e-a751-274c6f112f56,6ebef2a3-e63f-4175-a363-2cff316d29f1
08a178f3-f237-42fc-8bb1-e469b6a2e7dc,6ebef2a3-e63f-4175-a363-2cff316d29f1
ca940604-72e9-4831-a416-bd6d4a344995,6ebef2a3-e63f-4175-a363-2cff316d29f1
0367bd5d-a39c-4d9c-b999-1d8315d689ec,bac0b7cd-c8d9-4275-922a-db2f13bbf52e
